<?xml version="1.0" encoding="UTF-8"?>

<CodeSystem xmlns="http://hl7.org/fhir">
  <id value="SPLASCHSpeechExpressionObservationCS"/>
  <text>
    <status value="generated"/><div xmlns="http://www.w3.org/1999/xhtml"><p>This code system http://hl7.org/fhir/us/pacio-splasch/CodeSystem/SPLASCHSpeechExpressionObservationCS defines the following codes:</p><table class="codes"><tr><td style="white-space:nowrap"><b>Code</b></td><td><b>Display</b></td><td><b>Definition</b></td></tr><tr><td style="white-space:nowrap">exhibit-distracting-expression-difficulties<a name="SPLASCHSpeechExpressionObservationCS-exhibit-distracting-expression-difficulties"> </a></td><td>Expression of distracting spoken language expression difficulties</td><td>How often does the individual exhibit spoken language expression difficulties that are noticeable or distracting to the listener? Note: consider message content, form, pauses, extra time.</td></tr><tr><td style="white-space:nowrap">simple-meaningful-word-expression<a name="SPLASCHSpeechExpressionObservationCS-simple-meaningful-word-expression"> </a></td><td>Expression of simple meaningful word or phrases</td><td>How often does the individual produce simple spoken word and phrases that are meaningful?</td></tr><tr><td style="white-space:nowrap">verbal-form-low-demand<a name="SPLASCHSpeechExpressionObservationCS-verbal-form-low-demand"> </a></td><td>Produce verbal messages with appropriate form in low demand situations</td><td>How often does the individual produce verbal messages with appropriate FORM in LOW demand situations? Note: consider phonology, morphology and syntax when assessing functional level.</td></tr><tr><td style="white-space:nowrap">verbal-content-low-demand<a name="SPLASCHSpeechExpressionObservationCS-verbal-content-low-demand"> </a></td><td>Produce verbal messages with appropriate content in low demand situations</td><td>How often does the individual produce verbal messages with appropriate CONTENT in LOW demand situations? Note: consider semantic meaning when assessing functional level.</td></tr><tr><td style="white-space:nowrap">verbal-form-high-demand<a name="SPLASCHSpeechExpressionObservationCS-verbal-form-high-demand"> </a></td><td>Produce verbal messages with appropriate form in high demand situations</td><td>How often does the individual produce verbal messages with appropriate FORM in HIGH demand situations (e.g., academic or work-related tasks)? Note: consider phonology, morphology and syntax when assessing functional level.</td></tr><tr><td style="white-space:nowrap">verbal-content-high-demand<a name="SPLASCHSpeechExpressionObservationCS-verbal-content-high-demand"> </a></td><td>Produce verbal messages with appropriate content in high demand situations</td><td>How often does the individual produce verbal messages with appropriate CONTENT in HIGH demand situations (e.g., academic or work-related tasks)? Note: consider semantic meaning when assessing functional level.</td></tr><tr><td style="white-space:nowrap">communicate-without-assistance<a name="SPLASCHSpeechExpressionObservationCS-communicate-without-assistance"> </a></td><td>Participate in communication without assistance</td><td>How often does the individual participate in communication exchanges WITHOUT additional assistance from communication partner (no more than would be expected for chronological age)?</td></tr></table></div>
  </text>
  <url value="http://hl7.org/fhir/us/pacio-splasch/CodeSystem/SPLASCHSpeechExpressionObservationCS"/>
  <version value="0.1.0"/>
  <name value="SPLASCHSpeechExpressionObservationCS"/>
  <title value="Speech Expression Observation Codes"/>
  <status value="active"/>
  <date value="2022-03-28T21:41:27-04:00"/>
  <publisher value="HL7 Patient Care Working Group"/>
  <contact>
    <name value="HL7 Patient Care Working Group"/>
    <telecom>
      <system value="url"/>
      <value value="http://www.hl7.org/Special/committees/patientcare"/>
    </telecom>
    <telecom>
      <system value="email"/>
      <value value="patients@lists.HL7.org"/>
    </telecom>
  </contact>
  <contact>
    <name value="PACIO project"/>
    <telecom>
      <system value="url"/>
      <value value="http://www.hl7.org/Special/committees/patientcare"/>
    </telecom>
    <telecom>
      <system value="email"/>
      <value value="info@pacioproject.org"/>
    </telecom>
  </contact>
  <description value="Observation codes for spoken language expression"/>
  <jurisdiction>
    <coding>
      <system value="urn:iso:std:iso:3166"/>
      <code value="US"/>
    </coding>
  </jurisdiction>
  <copyright value="This CodeSystem is not copyrighted."/>
  <caseSensitive value="true"/>
  <content value="complete"/>
  <count value="7"/>
  <concept>
    <code value="exhibit-distracting-expression-difficulties"/>
    <display value="Expression of distracting spoken language expression difficulties"/>
    <definition value="How often does the individual exhibit spoken language expression difficulties that are noticeable or distracting to the listener? Note: consider message content, form, pauses, extra time."/>
  </concept>
  <concept>
    <code value="simple-meaningful-word-expression"/>
    <display value="Expression of simple meaningful word or phrases"/>
    <definition value="How often does the individual produce simple spoken word and phrases that are meaningful?"/>
  </concept>
  <concept>
    <code value="verbal-form-low-demand"/>
    <display value="Produce verbal messages with appropriate form in low demand situations"/>
    <definition value="How often does the individual produce verbal messages with appropriate FORM in LOW demand situations? Note: consider phonology, morphology and syntax when assessing functional level."/>
  </concept>
  <concept>
    <code value="verbal-content-low-demand"/>
    <display value="Produce verbal messages with appropriate content in low demand situations"/>
    <definition value="How often does the individual produce verbal messages with appropriate CONTENT in LOW demand situations? Note: consider semantic meaning when assessing functional level."/>
  </concept>
  <concept>
    <code value="verbal-form-high-demand"/>
    <display value="Produce verbal messages with appropriate form in high demand situations"/>
    <definition value="How often does the individual produce verbal messages with appropriate FORM in HIGH demand situations (e.g., academic or work-related tasks)? Note: consider phonology, morphology and syntax when assessing functional level."/>
  </concept>
  <concept>
    <code value="verbal-content-high-demand"/>
    <display value="Produce verbal messages with appropriate content in high demand situations"/>
    <definition value="How often does the individual produce verbal messages with appropriate CONTENT in HIGH demand situations (e.g., academic or work-related tasks)? Note: consider semantic meaning when assessing functional level."/>
  </concept>
  <concept>
    <code value="communicate-without-assistance"/>
    <display value="Participate in communication without assistance"/>
    <definition value="How often does the individual participate in communication exchanges WITHOUT additional assistance from communication partner (no more than would be expected for chronological age)?"/>
  </concept>
</CodeSystem>