<?xml version="1.0" encoding="UTF-8"?>

<CodeSystem xmlns="http://hl7.org/fhir">
  <id value="SPLASCHDiagnosticAudiologyResultsPanelCS"/>
  <text>
    <status value="generated"/><div xmlns="http://www.w3.org/1999/xhtml"><p>This code system http://hl7.org/fhir/us/pacio-splasch/CodeSystem/SPLASCHDiagnosticAudiologyResultsPanelCS defines the following codes:</p><table class="codes"><tr><td style="white-space:nowrap"><b>Code</b></td><td><b>Display</b></td></tr><tr><td style="white-space:nowrap">98419-5<a name="SPLASCHDiagnosticAudiologyResultsPanelCS-98419-5"> </a></td><td>Diagnostic audiology test performed</td></tr><tr><td style="white-space:nowrap">98480-7<a name="SPLASCHDiagnosticAudiologyResultsPanelCS-98480-7"> </a></td><td>Auditory brainstem response panel</td></tr><tr><td style="white-space:nowrap">98481-5<a name="SPLASCHDiagnosticAudiologyResultsPanelCS-98481-5"> </a></td><td>Auditory brainstem response threshold Ear - left --click</td></tr><tr><td style="white-space:nowrap">98482-3<a name="SPLASCHDiagnosticAudiologyResultsPanelCS-98482-3"> </a></td><td>Auditory brainstem response threshold Ear - right --click</td></tr><tr><td style="white-space:nowrap">89024-4<a name="SPLASCHDiagnosticAudiologyResultsPanelCS-89024-4"> </a></td><td>Hearing threshold Ear - left --500 Hz</td></tr><tr><td style="white-space:nowrap">89025-1<a name="SPLASCHDiagnosticAudiologyResultsPanelCS-89025-1"> </a></td><td>Hearing threshold Ear - right --500 Hz</td></tr><tr><td style="white-space:nowrap">89016-0<a name="SPLASCHDiagnosticAudiologyResultsPanelCS-89016-0"> </a></td><td>Hearing threshold Ear - left --1000 Hz</td></tr><tr><td style="white-space:nowrap">89017-8<a name="SPLASCHDiagnosticAudiologyResultsPanelCS-89017-8"> </a></td><td>Hearing threshold Ear - right --1000 Hz</td></tr><tr><td style="white-space:nowrap">89018-6<a name="SPLASCHDiagnosticAudiologyResultsPanelCS-89018-6"> </a></td><td>Hearing threshold Ear - left --2000 Hz</td></tr><tr><td style="white-space:nowrap">89019-4<a name="SPLASCHDiagnosticAudiologyResultsPanelCS-89019-4"> </a></td><td>Hearing threshold Ear - right --2000 Hz</td></tr><tr><td style="white-space:nowrap">89020-2<a name="SPLASCHDiagnosticAudiologyResultsPanelCS-89020-2"> </a></td><td>Hearing threshold Ear - left --3000 Hz</td></tr><tr><td style="white-space:nowrap">89021-0<a name="SPLASCHDiagnosticAudiologyResultsPanelCS-89021-0"> </a></td><td>Hearing threshold Ear - right --3000 Hz</td></tr><tr><td style="white-space:nowrap">89022-8<a name="SPLASCHDiagnosticAudiologyResultsPanelCS-89022-8"> </a></td><td>Hearing threshold Ear - left --4000 Hz</td></tr><tr><td style="white-space:nowrap">89023-6<a name="SPLASCHDiagnosticAudiologyResultsPanelCS-89023-6"> </a></td><td>Hearing threshold Ear - right --4000 Hz</td></tr><tr><td style="white-space:nowrap">98421-1<a name="SPLASCHDiagnosticAudiologyResultsPanelCS-98421-1"> </a></td><td>Hearing loss type Ear - left</td></tr><tr><td style="white-space:nowrap">98426-0<a name="SPLASCHDiagnosticAudiologyResultsPanelCS-98426-0"> </a></td><td>Hearing loss type Ear - right</td></tr><tr><td style="white-space:nowrap">98425-2<a name="SPLASCHDiagnosticAudiologyResultsPanelCS-98425-2"> </a></td><td>Hearing loss configuration Ear - left</td></tr><tr><td style="white-space:nowrap">98430-2<a name="SPLASCHDiagnosticAudiologyResultsPanelCS-98430-2"> </a></td><td>Hearing loss configuration Ear - right</td></tr><tr><td style="white-space:nowrap">98422-9<a name="SPLASCHDiagnosticAudiologyResultsPanelCS-98422-9"> </a></td><td>Hearing loss degree Ear - left</td></tr><tr><td style="white-space:nowrap">98427-8<a name="SPLASCHDiagnosticAudiologyResultsPanelCS-98427-8"> </a></td><td>Hearing loss degree Ear - right</td></tr><tr><td style="white-space:nowrap">98424-5<a name="SPLASCHDiagnosticAudiologyResultsPanelCS-98424-5"> </a></td><td>Hearing loss degree.max Ear - left</td></tr><tr><td style="white-space:nowrap">98429-4<a name="SPLASCHDiagnosticAudiologyResultsPanelCS-98429-4"> </a></td><td>Hearing loss degree.max Ear - right</td></tr><tr><td style="white-space:nowrap">98423-7<a name="SPLASCHDiagnosticAudiologyResultsPanelCS-98423-7"> </a></td><td>Hearing loss degree.min Ear - left</td></tr><tr><td style="white-space:nowrap">98428-6<a name="SPLASCHDiagnosticAudiologyResultsPanelCS-98428-6"> </a></td><td>Hearing loss degree.min Ear - right</td></tr><tr><td style="white-space:nowrap">98420-3<a name="SPLASCHDiagnosticAudiologyResultsPanelCS-98420-3"> </a></td><td>Audiology Comment Narrative</td></tr><tr><td style="white-space:nowrap">98431-0<a name="SPLASCHDiagnosticAudiologyResultsPanelCS-98431-0"> </a></td><td>Diagnostic audiology follow-up recommendation</td></tr><tr><td style="white-space:nowrap">98432-8<a name="SPLASCHDiagnosticAudiologyResultsPanelCS-98432-8"> </a></td><td>Reason diagnostic audiology assessment not performed</td></tr></table></div>
  </text>
  <url value="http://hl7.org/fhir/us/pacio-splasch/CodeSystem/SPLASCHDiagnosticAudiologyResultsPanelCS"/>
  <version value="0.1.0"/>
  <name value="SPLASCHDiagnosticAudiologyResultsPanelCS"/>
  <title value="Diagnostic Audiology Results Panel"/>
  <status value="active"/>
  <date value="2022-05-04T09:54:10-04:00"/>
  <publisher value="HL7 Patient Care Working Group"/>
  <contact>
    <name value="HL7 Patient Care Working Group"/>
    <telecom>
      <system value="url"/>
      <value value="http://www.hl7.org/Special/committees/patientcare"/>
    </telecom>
    <telecom>
      <system value="email"/>
      <value value="patients@lists.HL7.org"/>
    </telecom>
  </contact>
  <contact>
    <name value="PACIO project"/>
    <telecom>
      <system value="url"/>
      <value value="http://www.hl7.org/Special/committees/patientcare"/>
    </telecom>
    <telecom>
      <system value="email"/>
      <value value="info@pacioproject.org"/>
    </telecom>
  </contact>
  <description value="Codes representing panel LOINC 98418-7 Diagnostic Audiology Results Panel"/>
  <jurisdiction>
    <coding>
      <system value="urn:iso:std:iso:3166"/>
      <code value="US"/>
    </coding>
  </jurisdiction>
  <copyright value="This CodeSystem is not copyrighted."/>
  <caseSensitive value="true"/>
  <content value="complete"/>
  <count value="27"/>
  <concept>
    <code value="98419-5"/>
    <display value="Diagnostic audiology test performed"/>
  </concept>
  <concept>
    <code value="98480-7"/>
    <display value="Auditory brainstem response panel"/>
  </concept>
  <concept>
    <code value="98481-5"/>
    <display value="Auditory brainstem response threshold Ear - left --click"/>
  </concept>
  <concept>
    <code value="98482-3"/>
    <display value="Auditory brainstem response threshold Ear - right --click"/>
  </concept>
  <concept>
    <code value="89024-4"/>
    <display value="Hearing threshold Ear - left --500 Hz"/>
  </concept>
  <concept>
    <code value="89025-1"/>
    <display value="Hearing threshold Ear - right --500 Hz"/>
  </concept>
  <concept>
    <code value="89016-0"/>
    <display value="Hearing threshold Ear - left --1000 Hz"/>
  </concept>
  <concept>
    <code value="89017-8"/>
    <display value="Hearing threshold Ear - right --1000 Hz"/>
  </concept>
  <concept>
    <code value="89018-6"/>
    <display value="Hearing threshold Ear - left --2000 Hz"/>
  </concept>
  <concept>
    <code value="89019-4"/>
    <display value="Hearing threshold Ear - right --2000 Hz"/>
  </concept>
  <concept>
    <code value="89020-2"/>
    <display value="Hearing threshold Ear - left --3000 Hz"/>
  </concept>
  <concept>
    <code value="89021-0"/>
    <display value="Hearing threshold Ear - right --3000 Hz"/>
  </concept>
  <concept>
    <code value="89022-8"/>
    <display value="Hearing threshold Ear - left --4000 Hz"/>
  </concept>
  <concept>
    <code value="89023-6"/>
    <display value="Hearing threshold Ear - right --4000 Hz"/>
  </concept>
  <concept>
    <code value="98421-1"/>
    <display value="Hearing loss type Ear - left"/>
  </concept>
  <concept>
    <code value="98426-0"/>
    <display value="Hearing loss type Ear - right"/>
  </concept>
  <concept>
    <code value="98425-2"/>
    <display value="Hearing loss configuration Ear - left"/>
  </concept>
  <concept>
    <code value="98430-2"/>
    <display value="Hearing loss configuration Ear - right"/>
  </concept>
  <concept>
    <code value="98422-9"/>
    <display value="Hearing loss degree Ear - left"/>
  </concept>
  <concept>
    <code value="98427-8"/>
    <display value="Hearing loss degree Ear - right"/>
  </concept>
  <concept>
    <code value="98424-5"/>
    <display value="Hearing loss degree.max Ear - left"/>
  </concept>
  <concept>
    <code value="98429-4"/>
    <display value="Hearing loss degree.max Ear - right"/>
  </concept>
  <concept>
    <code value="98423-7"/>
    <display value="Hearing loss degree.min Ear - left"/>
  </concept>
  <concept>
    <code value="98428-6"/>
    <display value="Hearing loss degree.min Ear - right"/>
  </concept>
  <concept>
    <code value="98420-3"/>
    <display value="Audiology Comment Narrative"/>
  </concept>
  <concept>
    <code value="98431-0"/>
    <display value="Diagnostic audiology follow-up recommendation"/>
  </concept>
  <concept>
    <code value="98432-8"/>
    <display value="Reason diagnostic audiology assessment not performed"/>
  </concept>
</CodeSystem>