<?xml version="1.0" encoding="UTF-8"?>

<Observation xmlns="http://hl7.org/fhir">
  <id value="BSJ-ObservationSPLASCH-177"/>
  <text>
    <status value="generated"/><div xmlns="http://www.w3.org/1999/xhtml"><p><b>Generated Narrative</b></p><div style="display: inline-block; background-color: #d9e0e7; padding: 6px; margin: 4px; border: 1px solid #8da1b4; border-radius: 5px; line-height: 60%"><p style="margin-bottom: 0px">Resource "BSJ-ObservationSPLASCH-177" </p></div><p><b>status</b>: final</p><p><b>category</b>: Hearing <span style="background: LightGoldenRodYellow; margin: 4px; border: 1px solid khaki"> (<a href="CodeSystem-SPLASCHObservationCategoryCS.html">SPLASCH Observation Category Codes</a>#hearing)</span></p><p><b>code</b>: Hearing threshold Ear - left --2000 Hz <span style="background: LightGoldenRodYellow; margin: 4px; border: 1px solid khaki"> (#89018-6)</span></p><p><b>subject</b>: <a href="Patient-BSJ-patientBSJ1.html">Patient/BSJ-patientBSJ1</a> " SMITH-JOHNSON"</p><p><b>effective</b>: 2020-11-06T11:00:00-05:00</p><p><b>performer</b>: </p><ul><li><a href="Practitioner-Practitioner-JillBradley.html">Practitioner/Practitioner-JillBradley</a> " BRADLEY"</li><li><a href="PractitionerRole-provider-role-audiologist-JillBradley.html">PractitionerRole/provider-role-audiologist-JillBradley</a></li><li><a href="Organization-Organization-Happy-Nursing-Facility.html">Organization/Organization-Happy-Nursing-Facility</a> "Happy Nursing Facility"</li></ul><p><b>value</b>: 55 dB<span style="background: LightGoldenRodYellow"> (Details: UCUM code dB = 'dB')</span></p></div>
  </text>
  <status value="final"/>
  <category>
    <coding>
      <system value="http://hl7.org/fhir/us/pacio-splasch/CodeSystem/SPLASCHObservationCategoryCS"/>
      <code value="hearing"/>
      <display value="Hearing"/>
    </coding>
  </category>
  <code>
    <coding>
      <system value="https://loinc.org/89015-2/"/>
      <code value="89018-6"/>
      <display value="Hearing threshold Ear - left --2000 Hz"/>
    </coding>
  </code>
  <subject>
    <reference value="Patient/BSJ-patientBSJ1"/>
  </subject>
  <effectiveDateTime value="2020-11-06T11:00:00-05:00"/>
  <performer>
    <reference value="Practitioner/Practitioner-JillBradley"/>
  </performer>
  <performer>
    <reference value="PractitionerRole/provider-role-audiologist-JillBradley"/>
  </performer>
  <performer>
    <reference value="Organization/Organization-Happy-Nursing-Facility"/>
  </performer>
  <valueQuantity>
    <value value="55"/>
    <unit value="dB"/>
    <system value="http://unitsofmeasure.org"/>
    <code value="dB"/>
  </valueQuantity>
</Observation>