<?xml version="1.0" encoding="UTF-8"?>

<Observation xmlns="http://hl7.org/fhir">
  <id value="BSJ-ObservationSPLASCH-72"/>
  <text>
    <status value="generated"/><div xmlns="http://www.w3.org/1999/xhtml"><p><b>Generated Narrative</b></p><div style="display: inline-block; background-color: #d9e0e7; padding: 6px; margin: 4px; border: 1px solid #8da1b4; border-radius: 5px; line-height: 60%"><p style="margin-bottom: 0px">Resource "BSJ-ObservationSPLASCH-72" </p></div><p><b>status</b>: final</p><p><b>category</b>: Spoken language comprehension <span style="background: LightGoldenRodYellow; margin: 4px; border: 1px solid khaki"> (<a href="CodeSystem-SPLASCHObservationCategoryCS.html">SPLASCH Observation Category Codes</a>#spoken-language-comprehension)</span></p><p><b>code</b>: Understand complex messages in high demand situations <span style="background: LightGoldenRodYellow; margin: 4px; border: 1px solid khaki"> (<a href="CodeSystem-SPLASCHSpeechComprehensionObservationCS.html">Speech Comprehension Observation Codes</a>#understand-complex-high-demand)</span></p><p><b>subject</b>: <a href="Patient-BSJ-patientBSJ1.html">Patient/BSJ-patientBSJ1</a> " SMITH-JOHNSON"</p><p><b>effective</b>: 2020-07-13T10:35:00-05:00</p><p><b>performer</b>: <a href="Practitioner-LunaBaskins">Practitioner-LunaBaskins</a></p><p><b>value</b>: Rarely <span style="background: LightGoldenRodYellow; margin: 4px; border: 1px solid khaki"> (SPLASCHFrequencyCS#LA10066-1)</span></p></div>
  </text>
  <status value="final"/>
  <category>
    <coding>
      <system value="http://hl7.org/fhir/us/pacio-splasch/CodeSystem/SPLASCHObservationCategoryCS"/>
      <code value="spoken-language-comprehension"/>
      <display value="Spoken language comprehension"/>
    </coding>
  </category>
  <code>
    <coding>
      <system value="http://hl7.org/fhir/us/pacio-splasch/CodeSystem/SPLASCHSpeechComprehensionObservationCS"/>
      <code value="understand-complex-high-demand"/>
      <display value="Understand complex messages in high demand situations"/>
    </coding>
  </code>
  <subject>
    <reference value="Patient/BSJ-patientBSJ1"/>
  </subject>
  <effectiveDateTime value="2020-07-13T10:35:00-05:00"/>
  <performer>
    <reference value="Practitioner-LunaBaskins"/>
  </performer>
  <valueCodeableConcept>
    <coding>
      <system value="http://hl7.org/fhir/us/pacio-splasch/CodeSystem/SPLASCHFrequencyCS"/>
      <code value="LA10066-1"/>
      <display value="Rarely"/>
    </coding>
  </valueCodeableConcept>
</Observation>