<?xml version="1.0" encoding="UTF-8"?>

<Observation xmlns="http://hl7.org/fhir">
  <id value="BSJ-ObservationSPLASCH-130"/>
  <text>
    <status value="generated"/><div xmlns="http://www.w3.org/1999/xhtml"><p><b>Generated Narrative</b></p><div style="display: inline-block; background-color: #d9e0e7; padding: 6px; margin: 4px; border: 1px solid #8da1b4; border-radius: 5px; line-height: 60%"><p style="margin-bottom: 0px">Resource "BSJ-ObservationSPLASCH-130" </p></div><p><b>status</b>: final</p><p><b>category</b>: Multi-modal Communication <span style="background: LightGoldenRodYellow; margin: 4px; border: 1px solid khaki"> (<a href="CodeSystem-SPLASCHObservationCategoryCS.html">SPLASCH Observation Category Codes</a>#multi-modal-communication)</span></p><p><b>code</b>: How often does the individual participate in short structured conversations that are meaningful in LOW demand situations? <span style="background: LightGoldenRodYellow; margin: 4px; border: 1px solid khaki"> (<a href="CodeSystem-SPLASCHMultiModalCommunicationObservationCS.html">Multi-Modal Communication Observation Codes</a>#99830-2)</span></p><p><b>subject</b>: <a href="Patient-BSJ-patientBSJ1.html">Patient/BSJ-patientBSJ1</a> " SMITH-JOHNSON"</p><p><b>effective</b>: 2020-07-12T16:30:00-05:00</p><p><b>performer</b>: </p><ul><li><a href="Practitioner-Practitioner-MariaGonzalez.html">Practitioner/Practitioner-MariaGonzalez</a> " GONZALEZ"</li><li><a href="PractitionerRole-provider-role-speech-language-pathologist-MariaGonzalez.html">PractitionerRole/provider-role-speech-language-pathologist-MariaGonzalez</a></li><li><a href="Organization-Organization-Happy-Nursing-Facility.html">Organization/Organization-Happy-Nursing-Facility</a> "Happy Nursing Facility"</li></ul><p><b>value</b>: 50-75% of the time <span style="background: LightGoldenRodYellow; margin: 4px; border: 1px solid khaki"> (<a href="CodeSystem-SPLASCHTimePercentageCategoryCS.html">Observation Value Time Percentage Category Codes</a>#50-75-percent)</span></p></div>
  </text>
  <status value="final"/>
  <category>
    <coding>
      <system value="http://hl7.org/fhir/us/pacio-splasch/CodeSystem/SPLASCHObservationCategoryCS"/>
      <code value="multi-modal-communication"/>
      <display value="Multi-modal Communication"/>
    </coding>
  </category>
  <code>
    <coding>
      <system value="http://hl7.org/fhir/us/pacio-splasch/CodeSystem/SPLASCHMultiModalCommunicationObservationCS"/>
      <code value="99830-2"/>
      <display value="How often does the individual participate in short structured conversations that are meaningful in LOW demand situations?"/>
    </coding>
  </code>
  <subject>
    <reference value="Patient/BSJ-patientBSJ1"/>
  </subject>
  <effectiveDateTime value="2020-07-12T16:30:00-05:00"/>
  <performer>
    <reference value="Practitioner/Practitioner-MariaGonzalez"/>
  </performer>
  <performer>
    <reference value="PractitionerRole/provider-role-speech-language-pathologist-MariaGonzalez"/>
  </performer>
  <performer>
    <reference value="Organization/Organization-Happy-Nursing-Facility"/>
  </performer>
  <valueCodeableConcept>
    <coding>
      <system value="http://hl7.org/fhir/us/pacio-splasch/CodeSystem/SPLASCHTimePercentageCategoryCS"/>
      <code value="50-75-percent"/>
      <display value="50-75% of the time"/>
    </coding>
  </valueCodeableConcept>
</Observation>