<?xml version="1.0" encoding="UTF-8"?>

<Practitioner xmlns="http://hl7.org/fhir">
  <id value="Practitioner-DeborahStein"/>
  <text>
    <status value="generated"/><div xmlns="http://www.w3.org/1999/xhtml"><p><b>Generated Narrative</b></p><div style="display: inline-block; background-color: #d9e0e7; padding: 6px; margin: 4px; border: 1px solid #8da1b4; border-radius: 5px; line-height: 60%"><p style="margin-bottom: 0px">Resource "Practitioner-DeborahStein" </p></div><p><b>identifier</b>: id: 389406430</p><p><b>active</b>: true</p><p><b>name</b>: Deborah Stein</p><p><b>telecom</b>: ph: (726)-555-1925</p><p><b>address</b>: 233 North Woodsman St, San Antonio, TX, 78230</p><p><b>gender</b>: female</p></div>
  </text>
  <identifier>
    <system value="http://hl7.org/fhir/sid/us-npi"/>
    <value value="389406430"/>
  </identifier>
  <active value="true"/>
  <name>
    <text value="Deborah Stein"/>
    <family value="Stein"/>
    <given value="Deborah"/>
  </name>
  <telecom>
    <system value="phone"/>
    <value value="(726)-555-1925"/>
  </telecom>
  <address>
    <text value="233 North Woodsman St, San Antonio, TX, 78230"/>
  </address>
  <gender value="female"/>
</Practitioner>