<?xml version="1.0" encoding="UTF-8"?>

<Practitioner xmlns="http://hl7.org/fhir">
  <id value="Practitioner-JudySmiley"/>
  <text>
    <status value="generated"/><div xmlns="http://www.w3.org/1999/xhtml"><p><b>Generated Narrative</b></p><div style="display: inline-block; background-color: #d9e0e7; padding: 6px; margin: 4px; border: 1px solid #8da1b4; border-radius: 5px; line-height: 60%"><p style="margin-bottom: 0px">Resource "Practitioner-JudySmiley" </p></div><p><b>identifier</b>: id: 485978959</p><p><b>active</b>: true</p><p><b>name</b>: Judy Smiley</p><p><b>telecom</b>: ph: (212)-555-3943</p><p><b>address</b>: 71 Edgewater Rd, San Antonio, TX 78242</p><p><b>gender</b>: female</p></div>
  </text>
  <identifier>
    <system value="http://hl7.org/fhir/sid/us-npi"/>
    <value value="485978959"/>
  </identifier>
  <active value="true"/>
  <name>
    <text value="Judy Smiley"/>
    <family value="Smiley"/>
    <given value="Judy"/>
  </name>
  <telecom>
    <system value="phone"/>
    <value value="(212)-555-3943"/>
  </telecom>
  <address>
    <text value="71 Edgewater Rd, San Antonio, TX 78242"/>
  </address>
  <gender value="female"/>
</Practitioner>