<?xml version="1.0" encoding="UTF-8"?>

<ValueSet xmlns="http://hl7.org/fhir">
  <id value="CmsFasiAssistiveDevicesVS"/>
  <text>
    <status value="generated"/><div xmlns="http://www.w3.org/1999/xhtml"><ul><li>Include these codes as defined in <a href="http://loinc.org"><code>http://loinc.org</code></a><table class="none"><tr><td style="white-space:nowrap"><b>Code</b></td><td><b>Display</b></td></tr><tr><td><a href="http://details.loinc.org/LOINC/LA30918-9.html">LA30918-9</a></td><td>Assistive device needed and available - Person needs this device to complete daily activities and has the device in the home.</td></tr><tr><td><a href="http://details.loinc.org/LOINC/LA30919-7.html">LA30919-7</a></td><td>Assistive device needed but current device unsuitable - Device is in home but no longer meets person's needs.</td></tr><tr><td><a href="http://details.loinc.org/LOINC/LA30920-5.html">LA30920-5</a></td><td>Assistive device needed but not available - Person needs the device but it is not available in the home.</td></tr><tr><td><a href="http://details.loinc.org/LOINC/LA30921-3.html">LA30921-3</a></td><td>Person refused - Person chooses to not use needed device.</td></tr><tr><td><a href="http://details.loinc.org/LOINC/LA30922-1.html">LA30922-1</a></td><td>Not applicable - Person does not need this device.</td></tr></table></li></ul></div>
  </text>
  <url value="http://hl7.org/fhir/us/pacio-splasch/ValueSet/CmsFasiAssistiveDevicesVS"/>
  <version value="0.1.0"/>
  <name value="CmsFasiAssistiveDevicesVS"/>
  <title value="CMS FASI Assistive Devices"/>
  <status value="active"/>
  <date value="2022-03-29T14:17:18-04:00"/>
  <publisher value="HL7 Patient Care Working Group"/>
  <contact>
    <name value="HL7 Patient Care Working Group"/>
    <telecom>
      <system value="url"/>
      <value value="http://www.hl7.org/Special/committees/patientcare"/>
    </telecom>
    <telecom>
      <system value="email"/>
      <value value="patients@lists.HL7.org"/>
    </telecom>
  </contact>
  <contact>
    <name value="PACIO project"/>
    <telecom>
      <system value="url"/>
      <value value="http://www.hl7.org/Special/committees/patientcare"/>
    </telecom>
    <telecom>
      <system value="email"/>
      <value value="info@pacioproject.org"/>
    </telecom>
  </contact>
  <description value="SPLASCH hearing observation codes representing answers to need for and availability of a hearing aid"/>
  <jurisdiction>
    <coding>
      <system value="urn:iso:std:iso:3166"/>
      <code value="US"/>
    </coding>
  </jurisdiction>
  <compose>
    <include>
      <system value="http://loinc.org"/>
      <concept>
        <code value="LA30918-9"/>
        <display value="Assistive device needed and available - Person needs this device to complete daily activities and has the device in the home."/>
      </concept>
      <concept>
        <code value="LA30919-7"/>
        <display value="Assistive device needed but current device unsuitable - Device is in home but no longer meets person&#39;s needs."/>
      </concept>
      <concept>
        <code value="LA30920-5"/>
        <display value="Assistive device needed but not available - Person needs the device but it is not available in the home."/>
      </concept>
      <concept>
        <code value="LA30921-3"/>
        <display value="Person refused - Person chooses to not use needed device."/>
      </concept>
      <concept>
        <code value="LA30922-1"/>
        <display value="Not applicable - Person does not need this device."/>
      </concept>
    </include>
  </compose>
</ValueSet>