<?xml version="1.0" encoding="UTF-8"?>

<ValueSet xmlns="http://hl7.org/fhir">
  <id value="SPLASCHFrequencyObservationVS"/>
  <text>
    <status value="generated"/><div xmlns="http://www.w3.org/1999/xhtml"><p>This value set includes codes based on the following rules:</p><ul><li>Include all codes defined in <a href="CodeSystem-SPLASCHTimePercentageCategoryCS.html"><code>http://hl7.org/fhir/us/pacio-splasch/CodeSystem/SPLASCHTimePercentageCategoryCS</code></a></li><li>Include these codes as defined in <a href="http://loinc.org"><code>http://loinc.org</code></a><table class="none"><tr><td style="white-space:nowrap"><b>Code</b></td><td><b>Display</b></td></tr><tr><td><a href="http://details.loinc.org/LOINC/LA6270-8.html">LA6270-8</a></td><td>Never</td></tr><tr><td><a href="http://details.loinc.org/LOINC/LA10066-1.html">LA10066-1</a></td><td>Rarely</td></tr><tr><td><a href="http://details.loinc.org/LOINC/LA10082-8.html">LA10082-8</a></td><td>Sometimes</td></tr><tr><td><a href="http://details.loinc.org/LOINC/LA10044-8.html">LA10044-8</a></td><td>Often</td></tr><tr><td><a href="http://details.loinc.org/LOINC/LA9933-8.html">LA9933-8</a></td><td>Always</td></tr></table></li></ul></div>
  </text>
  <url value="http://hl7.org/fhir/us/pacio-splasch/ValueSet/SPLASCHFrequencyObservationVS"/>
  <version value="0.1.0"/>
  <name value="SPLASCHFrequencyObservationVS"/>
  <title value="SPLASCH Frequency Observation Values"/>
  <status value="active"/>
  <date value="2021-12-15T22:58:34-05:00"/>
  <publisher value="HL7 Patient Care Working Group"/>
  <contact>
    <name value="HL7 Patient Care Working Group"/>
    <telecom>
      <system value="url"/>
      <value value="http://www.hl7.org/Special/committees/patientcare"/>
    </telecom>
    <telecom>
      <system value="email"/>
      <value value="patients@lists.HL7.org"/>
    </telecom>
  </contact>
  <contact>
    <name value="PACIO project"/>
    <telecom>
      <system value="url"/>
      <value value="http://www.hl7.org/Special/committees/patientcare"/>
    </telecom>
    <telecom>
      <system value="email"/>
      <value value="info@pacioproject.org"/>
    </telecom>
  </contact>
  <description value="Frequency values for SPLASCH observations"/>
  <jurisdiction>
    <coding>
      <system value="urn:iso:std:iso:3166"/>
      <code value="US"/>
    </coding>
  </jurisdiction>
  <copyright value="This CodeSystem is not copyrighted."/>
  <compose>
    <include>
      <system value="http://hl7.org/fhir/us/pacio-splasch/CodeSystem/SPLASCHTimePercentageCategoryCS"/>
    </include>
    <include>
      <system value="http://loinc.org"/>
      <concept>
        <code value="LA6270-8"/>
        <display value="Never"/>
      </concept>
      <concept>
        <code value="LA10066-1"/>
        <display value="Rarely"/>
      </concept>
      <concept>
        <code value="LA10082-8"/>
        <display value="Sometimes"/>
      </concept>
      <concept>
        <code value="LA10044-8"/>
        <display value="Often"/>
      </concept>
      <concept>
        <code value="LA9933-8"/>
        <display value="Always"/>
      </concept>
    </include>
  </compose>
</ValueSet>