<?xml version="1.0" encoding="UTF-8"?>

<ValueSet xmlns="http://hl7.org/fhir">
  <id value="SPLASCHHearingAidNeedAndAvailabilityTypeObservationVS"/>
  <text>
    <status value="generated"/><div xmlns="http://www.w3.org/1999/xhtml"><ul><li>Include these codes as defined in <a href="http://loinc.org"><code>http://loinc.org</code></a><table class="none"><tr><td style="white-space:nowrap"><b>Code</b></td><td><b>Display</b></td></tr><tr><td><a href="http://details.loinc.org/LOINC/94900-8.html">94900-8</a></td><td>Need for and availability of a hearing aid [CMS Assessment]</td></tr></table></li></ul></div>
  </text>
  <url value="http://hl7.org/fhir/us/pacio-splasch/ValueSet/SPLASCHHearingAidNeedAndAvailabilityTypeObservationVS"/>
  <version value="0.1.0"/>
  <name value="SPLASCHHearingAidNeedAndAvailabilityTypeObservationVS"/>
  <title value="Need for and Availability of Hearing Aid Type Observation"/>
  <status value="active"/>
  <date value="2022-05-03T15:05:17-04:00"/>
  <publisher value="HL7 Patient Care Working Group"/>
  <contact>
    <name value="HL7 Patient Care Working Group"/>
    <telecom>
      <system value="url"/>
      <value value="http://www.hl7.org/Special/committees/patientcare"/>
    </telecom>
    <telecom>
      <system value="email"/>
      <value value="patients@lists.HL7.org"/>
    </telecom>
  </contact>
  <contact>
    <name value="PACIO project"/>
    <telecom>
      <system value="url"/>
      <value value="http://www.hl7.org/Special/committees/patientcare"/>
    </telecom>
    <telecom>
      <system value="email"/>
      <value value="info@pacioproject.org"/>
    </telecom>
  </contact>
  <description value="ValueSet identifying observation codes that have a hearing aid need and availability value. This ValueSet can be used for creating a pick-list or value validation appropriate for a particular observation."/>
  <jurisdiction>
    <coding>
      <system value="urn:iso:std:iso:3166"/>
      <code value="US"/>
    </coding>
  </jurisdiction>
  <copyright value="This CodeSystem is not copyrighted."/>
  <compose>
    <include>
      <system value="http://loinc.org"/>
      <concept>
        <code value="94900-8"/>
      </concept>
    </include>
  </compose>
</ValueSet>