<?xml version="1.0" encoding="UTF-8"?>

<ValueSet xmlns="http://hl7.org/fhir">
  <id value="HearBetterInOneEarVS"/>
  <text>
    <status value="generated"/><div xmlns="http://www.w3.org/1999/xhtml"><ul><li>Include these codes as defined in <a href="http://loinc.org"><code>http://loinc.org</code></a><table class="none"><tr><td style="white-space:nowrap"><b>Code</b></td><td><b>Display</b></td></tr><tr><td><a href="http://details.loinc.org/LOINC/LA15472-6.html">LA15472-6</a></td><td>Yes, right ear</td></tr><tr><td><a href="http://details.loinc.org/LOINC/LA15473-4.html">LA15473-4</a></td><td>Yes, left ear</td></tr><tr><td><a href="http://details.loinc.org/LOINC/LA32-8.html">LA32-8</a></td><td>No</td></tr><tr><td><a href="http://details.loinc.org/LOINC/LA4389-8.html">LA4389-8</a></td><td>Refused</td></tr><tr><td><a href="http://details.loinc.org/LOINC/LA12688-0.html">LA12688-0</a></td><td>Don't know</td></tr></table></li></ul></div>
  </text>
  <url value="http://hl7.org/fhir/us/pacio-splasch/ValueSet/HearBetterInOneEarVS"/>
  <version value="0.1.0"/>
  <name value="HearBetterInOneEarVS"/>
  <title value="PhenX20_03_hear better in one ear"/>
  <status value="active"/>
  <date value="2022-05-04T12:01:11-04:00"/>
  <publisher value="HL7 Patient Care Working Group"/>
  <contact>
    <name value="HL7 Patient Care Working Group"/>
    <telecom>
      <system value="url"/>
      <value value="http://www.hl7.org/Special/committees/patientcare"/>
    </telecom>
    <telecom>
      <system value="email"/>
      <value value="patients@lists.HL7.org"/>
    </telecom>
  </contact>
  <contact>
    <name value="PACIO project"/>
    <telecom>
      <system value="url"/>
      <value value="http://www.hl7.org/Special/committees/patientcare"/>
    </telecom>
    <telecom>
      <system value="email"/>
      <value value="info@pacioproject.org"/>
    </telecom>
  </contact>
  <description value="SPLASCH hearing observation codes representing answers to: Do you hear better in one ear than the other?"/>
  <jurisdiction>
    <coding>
      <system value="urn:iso:std:iso:3166"/>
      <code value="US"/>
    </coding>
  </jurisdiction>
  <compose>
    <include>
      <system value="http://loinc.org"/>
      <concept>
        <code value="LA15472-6"/>
        <display value="Yes, right ear"/>
      </concept>
      <concept>
        <code value="LA15473-4"/>
        <display value="Yes, left ear"/>
      </concept>
      <concept>
        <code value="LA32-8"/>
        <display value="No"/>
      </concept>
      <concept>
        <code value="LA4389-8"/>
        <display value="Refused"/>
      </concept>
      <concept>
        <code value="LA12688-0"/>
        <display value="Don&#39;t know"/>
      </concept>
    </include>
  </compose>
</ValueSet>