<?xml version="1.0" encoding="UTF-8"?>

<ValueSet xmlns="http://hl7.org/fhir">
  <id value="HearingLossType"/>
  <text>
    <status value="generated"/><div xmlns="http://www.w3.org/1999/xhtml"><ul><li>Include these codes as defined in <a href="http://loinc.org"><code>http://loinc.org</code></a><table class="none"><tr><td style="white-space:nowrap"><b>Code</b></td><td><b>Display</b></td></tr><tr><td><a href="http://details.loinc.org/LOINC/LA32484-0.html">LA32484-0</a></td><td>No hearing loss</td></tr><tr><td><a href="http://details.loinc.org/LOINC/LA32485-7.html">LA32485-7</a></td><td>Sensorineural</td></tr><tr><td><a href="http://details.loinc.org/LOINC/LA32486-5.html">LA32486-5</a></td><td>Conductive - transient</td></tr><tr><td><a href="http://details.loinc.org/LOINC/LA32487-3.html">LA32487-3</a></td><td>Conductive - permanent</td></tr><tr><td><a href="http://details.loinc.org/LOINC/LA32488-1.html">LA32488-1</a></td><td>Conductive - undetermined</td></tr><tr><td><a href="http://details.loinc.org/LOINC/LA11840-8.html">LA11840-8</a></td><td>Mixed</td></tr><tr><td><a href="http://details.loinc.org/LOINC/LA32489-9.html">LA32489-9</a></td><td>Auditory neuropahty/Neural</td></tr><tr><td><a href="http://details.loinc.org/LOINC/LA32490-7.html">LA32490-7</a></td><td>Undetermined/Inconclusive</td></tr></table></li></ul></div>
  </text>
  <url value="http://hl7.org/fhir/us/pacio-splasch/ValueSet/HearingLossType"/>
  <version value="0.1.0"/>
  <name value="HearingLossType"/>
  <title value="Hearing Loss - Type"/>
  <status value="active"/>
  <date value="2022-05-03T12:45:05-04:00"/>
  <publisher value="HL7 Patient Care Working Group"/>
  <contact>
    <name value="HL7 Patient Care Working Group"/>
    <telecom>
      <system value="url"/>
      <value value="http://www.hl7.org/Special/committees/patientcare"/>
    </telecom>
    <telecom>
      <system value="email"/>
      <value value="patients@lists.HL7.org"/>
    </telecom>
  </contact>
  <contact>
    <name value="PACIO project"/>
    <telecom>
      <system value="url"/>
      <value value="http://www.hl7.org/Special/committees/patientcare"/>
    </telecom>
    <telecom>
      <system value="email"/>
      <value value="info@pacioproject.org"/>
    </telecom>
  </contact>
  <description value="Type of hearing loss"/>
  <jurisdiction>
    <coding>
      <system value="urn:iso:std:iso:3166"/>
      <code value="US"/>
    </coding>
  </jurisdiction>
  <compose>
    <include>
      <system value="http://loinc.org"/>
      <concept>
        <code value="LA32484-0"/>
        <display value="No hearing loss"/>
      </concept>
      <concept>
        <code value="LA32485-7"/>
        <display value="Sensorineural"/>
      </concept>
      <concept>
        <code value="LA32486-5"/>
        <display value="Conductive - transient"/>
      </concept>
      <concept>
        <code value="LA32487-3"/>
        <display value="Conductive - permanent"/>
      </concept>
      <concept>
        <code value="LA32488-1"/>
        <display value="Conductive - undetermined"/>
      </concept>
      <concept>
        <code value="LA11840-8"/>
        <display value="Mixed"/>
      </concept>
      <concept>
        <code value="LA32489-9"/>
        <display value="Auditory neuropahty/Neural"/>
      </concept>
      <concept>
        <code value="LA32490-7"/>
        <display value="Undetermined/Inconclusive"/>
      </concept>
    </include>
  </compose>
</ValueSet>