<?xml version="1.0" encoding="UTF-8"?>

<ValueSet xmlns="http://hl7.org/fhir">
  <id value="HearingAbilityToHearDuringAssessmentPeriodVS"/>
  <text>
    <status value="generated"/><div xmlns="http://www.w3.org/1999/xhtml"><ul><li>Include these codes as defined in <a href="http://loinc.org"><code>http://loinc.org</code></a><table class="none"><tr><td style="white-space:nowrap"><b>Code</b></td><td><b>Display</b></td></tr><tr><td><a href="http://details.loinc.org/LOINC/LA10941-5.html">LA10941-5</a></td><td>Adequate - no difficulty in normal conversation, social interaction, listening to TV</td></tr><tr><td><a href="http://details.loinc.org/LOINC/LA10942-3.html">LA10942-3</a></td><td>Minimal difficulty - difficulty in some environments (e.g. when person speaks softly or setting is noisy)</td></tr><tr><td><a href="http://details.loinc.org/LOINC/LA10943-1.html">LA10943-1</a></td><td>Moderate difficulty - speaker has to increase volume and speak distinctly</td></tr><tr><td><a href="http://details.loinc.org/LOINC/LA10944-9.html">LA10944-9</a></td><td>Highly impaired - absence of useful hearing</td></tr></table></li></ul></div>
  </text>
  <url value="http://hl7.org/fhir/us/pacio-splasch/ValueSet/HearingAbilityToHearDuringAssessmentPeriodVS"/>
  <version value="0.1.0"/>
  <name value="HearingAbilityToHearDuringAssessmentPeriodVS"/>
  <title value="Hearing Ability to Hear During Assessment Period"/>
  <status value="active"/>
  <date value="2022-05-04T12:01:11-04:00"/>
  <publisher value="HL7 Patient Care Working Group"/>
  <contact>
    <name value="HL7 Patient Care Working Group"/>
    <telecom>
      <system value="url"/>
      <value value="http://www.hl7.org/Special/committees/patientcare"/>
    </telecom>
    <telecom>
      <system value="email"/>
      <value value="patients@lists.HL7.org"/>
    </telecom>
  </contact>
  <contact>
    <name value="PACIO project"/>
    <telecom>
      <system value="url"/>
      <value value="http://www.hl7.org/Special/committees/patientcare"/>
    </telecom>
    <telecom>
      <system value="email"/>
      <value value="info@pacioproject.org"/>
    </telecom>
  </contact>
  <description value="SPLASCH hearing observation codes representing answers to ability to hear during assessment period"/>
  <jurisdiction>
    <coding>
      <system value="urn:iso:std:iso:3166"/>
      <code value="US"/>
    </coding>
  </jurisdiction>
  <copyright value="This CodeSystem is not copyrighted."/>
  <compose>
    <include>
      <system value="http://loinc.org"/>
      <concept>
        <code value="LA10941-5"/>
        <display value="Adequate - no difficulty in normal conversation, social interaction, listening to TV"/>
      </concept>
      <concept>
        <code value="LA10942-3"/>
        <display value="Minimal difficulty - difficulty in some environments (e.g. when person speaks softly or setting is noisy)"/>
      </concept>
      <concept>
        <code value="LA10943-1"/>
        <display value="Moderate difficulty - speaker has to increase volume and speak distinctly"/>
      </concept>
      <concept>
        <code value="LA10944-9"/>
        <display value="Highly impaired - absence of useful hearing"/>
      </concept>
    </include>
  </compose>
</ValueSet>