{
  "resourceType" : "ValueSet",
  "id" : "bb6f164a-fa74-4260-ae22-4c77b34de38c-75",
  "url" : "http://hl7.org/fhir/comparison/ValueSet/bb6f164a-fa74-4260-ae22-4c77b34de38c-75",
  "name" : "IntersectionUSCoreObservationSmokingStatusStatusAndObservationStatus",
  "title" : "Intersection of US Core Status for Smoking Status Observation And ObservationStatus",
  "status" : "active",
  "date" : "2021-12-08T13:44:51-05:00",
  "expansion" : {
    "contains" : [{
      "system" : "http://hl7.org/fhir/observation-status",
      "code" : "final",
      "display" : "Final"
    },
    {
      "system" : "http://hl7.org/fhir/observation-status",
      "code" : "entered-in-error",
      "display" : "Entered in Error"
    }]
  }
}