<?xml version="1.0" encoding="UTF-8"?><CodeSystem xmlns="http://hl7.org/fhir"><id value="SPLASCHCaloriePercentageCategoryCS"/><text><status value="generated"/><div xmlns="http://www.w3.org/1999/xhtml"><p>This code system http://hl7.org/fhir/us/pacio-splasch/CodeSystem/SPLASCHCaloriePercentageCategoryCS defines the following codes:</p><table class="codes"><tr><td style="white-space:nowrap"><b>Code</b></td><td><b>Display</b></td><td><b>Definition</b></td></tr><tr><td style="white-space:nowrap">0-25-percent<a name="SPLASCHCaloriePercentageCategoryCS-0-25-percent"> </a></td><td>0-25% of caloric intake</td><td>0% to 25% of caloric intake</td></tr><tr><td style="white-space:nowrap">26-49-percent<a name="SPLASCHCaloriePercentageCategoryCS-26-49-percent"> </a></td><td>26-49% of caloric intake</td><td>26% to 49% of caloric intake</td></tr><tr><td style="white-space:nowrap">50-75-percent<a name="SPLASCHCaloriePercentageCategoryCS-50-75-percent"> </a></td><td>50-75% of caloric intake</td><td>50% to 75% of caloric intake</td></tr><tr><td style="white-space:nowrap">76-100-percent<a name="SPLASCHCaloriePercentageCategoryCS-76-100-percent"> </a></td><td>76-100% of caloric intake</td><td>76% to 100% of caloric intake</td></tr></table></div></text><url value="http://hl7.org/fhir/us/pacio-splasch/CodeSystem/SPLASCHCaloriePercentageCategoryCS"/><version value="0.1.0"/><name value="SPLASCHCaloriePercentageCategoryCS"/><title value="Observation Value Calorie Percentage Category Codes"/><status value="active"/><date value="2021-12-08T13:27:26-05:00"/><publisher value="HL7 Patient Care Working Group"/><contact><name value="HL7 Patient Care Working Group"/><telecom><system value="url"/><value value="http://www.hl7.org/Special/committees/patientcare"/></telecom><telecom><system value="email"/><value value="patients@lists.HL7.org"/></telecom></contact><contact><name value="PACIO project"/><telecom><system value="url"/><value value="http://www.hl7.org/Special/committees/patientcare"/></telecom><telecom><system value="email"/><value value="info@pacioproject.org"/></telecom></contact><description value="Category codes for calorie percentage observations"/><jurisdiction><coding><system value="urn:iso:std:iso:3166"/><code value="US"/></coding></jurisdiction><copyright value="This CodeSystem is not copyrighted."/><caseSensitive value="true"/><content value="complete"/><count value="4"/><concept><code value="0-25-percent"/><display value="0-25% of caloric intake"/><definition value="0% to 25% of caloric intake"/></concept><concept><code value="26-49-percent"/><display value="26-49% of caloric intake"/><definition value="26% to 49% of caloric intake"/></concept><concept><code value="50-75-percent"/><display value="50-75% of caloric intake"/><definition value="50% to 75% of caloric intake"/></concept><concept><code value="76-100-percent"/><display value="76-100% of caloric intake"/><definition value="76% to 100% of caloric intake"/></concept></CodeSystem>