<?xml version="1.0" encoding="UTF-8"?><CodeSystem xmlns="http://hl7.org/fhir"><id value="SPLASCHTimePercentageCategoryCS"/><text><status value="generated"/><div xmlns="http://www.w3.org/1999/xhtml"><p>This code system http://hl7.org/fhir/us/pacio-splasch/CodeSystem/SPLASCHTimePercentageCategoryCS defines the following codes:</p><table class="codes"><tr><td style="white-space:nowrap"><b>Code</b></td><td><b>Display</b></td><td><b>Definition</b></td></tr><tr><td style="white-space:nowrap">0-25-percent<a name="SPLASCHTimePercentageCategoryCS-0-25-percent"> </a></td><td>0-25% of the time</td><td>0% to 25% of the time</td></tr><tr><td style="white-space:nowrap">26-49-percent<a name="SPLASCHTimePercentageCategoryCS-26-49-percent"> </a></td><td>26-49% of the time</td><td>26% to 49% of the time</td></tr><tr><td style="white-space:nowrap">50-75-percent<a name="SPLASCHTimePercentageCategoryCS-50-75-percent"> </a></td><td>50-75% of the time</td><td>50% to 75% of the time</td></tr><tr><td style="white-space:nowrap">76-90-percent<a name="SPLASCHTimePercentageCategoryCS-76-90-percent"> </a></td><td>76-90% of the time</td><td>76% to 90% of the time</td></tr><tr><td style="white-space:nowrap">91-100-percent<a name="SPLASCHTimePercentageCategoryCS-91-100-percent"> </a></td><td>91-100% of the time</td><td>91% to 100% of the time</td></tr></table></div></text><url value="http://hl7.org/fhir/us/pacio-splasch/CodeSystem/SPLASCHTimePercentageCategoryCS"/><version value="0.1.0"/><name value="SPLASCHTimePercentageCategoryCS"/><title value="Observation Value Time Percentage Category Codes"/><status value="active"/><date value="2022-04-15T09:25:37-04:00"/><publisher value="HL7 Patient Care Working Group"/><contact><name value="HL7 Patient Care Working Group"/><telecom><system value="url"/><value value="http://www.hl7.org/Special/committees/patientcare"/></telecom><telecom><system value="email"/><value value="patients@lists.HL7.org"/></telecom></contact><contact><name value="PACIO project"/><telecom><system value="url"/><value value="http://www.hl7.org/Special/committees/patientcare"/></telecom><telecom><system value="email"/><value value="info@pacioproject.org"/></telecom></contact><description value="Catgegory codes for time percentage observations"/><jurisdiction><coding><system value="urn:iso:std:iso:3166"/><code value="US"/></coding></jurisdiction><copyright value="This CodeSystem is not copyrighted."/><caseSensitive value="true"/><content value="complete"/><count value="5"/><concept><code value="0-25-percent"/><display value="0-25% of the time"/><definition value="0% to 25% of the time"/></concept><concept><code value="26-49-percent"/><display value="26-49% of the time"/><definition value="26% to 49% of the time"/></concept><concept><code value="50-75-percent"/><display value="50-75% of the time"/><definition value="50% to 75% of the time"/></concept><concept><code value="76-90-percent"/><display value="76-90% of the time"/><definition value="76% to 90% of the time"/></concept><concept><code value="91-100-percent"/><display value="91-100% of the time"/><definition value="91% to 100% of the time"/></concept></CodeSystem>