<?xml version="1.0" encoding="UTF-8"?><CodeSystem xmlns="http://hl7.org/fhir"><id value="SPLASCHMultiModalCommunicationObservationCS"/><text><status value="generated"/><div xmlns="http://www.w3.org/1999/xhtml"><p>This code system http://hl7.org/fhir/us/pacio-splasch/CodeSystem/SPLASCHMultiModalCommunicationObservationCS defines the following codes:</p><table class="codes"><tr><td style="white-space:nowrap"><b>Code</b></td><td><b>Display</b></td><td><b>Definition</b></td></tr><tr><td style="white-space:nowrap">99829-4<a name="SPLASCHMultiModalCommunicationObservationCS-99829-4"> </a></td><td>How often does the individual convey simple messages that are meaningful related to routine daily activities in LOW demand situations?</td><td/></tr><tr><td style="white-space:nowrap">99830-2<a name="SPLASCHMultiModalCommunicationObservationCS-99830-2"> </a></td><td>How often does the individual participate in short structured conversations that are meaningful in LOW demand situations?</td><td/></tr><tr><td style="white-space:nowrap">99831-0<a name="SPLASCHMultiModalCommunicationObservationCS-99831-0"> </a></td><td>How often does the individual convey complex messages that are meaningful in LOW demand situations?</td><td/></tr><tr><td style="white-space:nowrap">99832-8<a name="SPLASCHMultiModalCommunicationObservationCS-99832-8"> </a></td><td>How often does the individual convey simple messages that are meaningful related to routine daily activities in HIGH demand situations?</td><td/></tr><tr><td style="white-space:nowrap">99833-6<a name="SPLASCHMultiModalCommunicationObservationCS-99833-6"> </a></td><td>How often does the individual participate in short structured conversations that are meaningful in HIGH demand situations?</td><td/></tr><tr><td style="white-space:nowrap">99834-4<a name="SPLASCHMultiModalCommunicationObservationCS-99834-4"> </a></td><td>How often does the individual convey complex messages that are meaningful in HIGH demand situations?</td><td/></tr><tr><td style="white-space:nowrap">99835-1<a name="SPLASCHMultiModalCommunicationObservationCS-99835-1"> </a></td><td>Functional Communication Measure - Multi-Modal Functional Communication score [ASHA NOMS]</td><td/></tr><tr><td style="white-space:nowrap">communicate-without-assistance<a name="SPLASCHMultiModalCommunicationObservationCS-communicate-without-assistance"> </a></td><td>Participate in communication exchanges without assistance</td><td>How often does the individual participate in communication exchanges WITHOUT additional assistance from communication partner (no more than would be expected for chronological age)?</td></tr></table></div></text><url value="http://hl7.org/fhir/us/pacio-splasch/CodeSystem/SPLASCHMultiModalCommunicationObservationCS"/><version value="0.1.0"/><name value="SPLASCHMultiModalCommunicationObservationCS"/><title value="Multi-Modal Communication Observation Codes"/><status value="active"/><date value="2022-04-05T12:11:10-04:00"/><publisher value="HL7 Patient Care Working Group"/><contact><name value="HL7 Patient Care Working Group"/><telecom><system value="url"/><value value="http://www.hl7.org/Special/committees/patientcare"/></telecom><telecom><system value="email"/><value value="patients@lists.HL7.org"/></telecom></contact><contact><name value="PACIO project"/><telecom><system value="url"/><value value="http://www.hl7.org/Special/committees/patientcare"/></telecom><telecom><system value="email"/><value value="info@pacioproject.org"/></telecom></contact><description value="Observation codes for multi-modal communication"/><jurisdiction><coding><system value="urn:iso:std:iso:3166"/><code value="US"/></coding></jurisdiction><copyright value="This CodeSystem is not copyrighted."/><caseSensitive value="true"/><content value="complete"/><count value="8"/><concept><code value="99829-4"/><display value="How often does the individual convey simple messages that are meaningful related to routine daily activities in LOW demand situations?"/></concept><concept><code value="99830-2"/><display value="How often does the individual participate in short structured conversations that are meaningful in LOW demand situations?"/></concept><concept><code value="99831-0"/><display value="How often does the individual convey complex messages that are meaningful in LOW demand situations?"/></concept><concept><code value="99832-8"/><display value="How often does the individual convey simple messages that are meaningful related to routine daily activities in HIGH demand situations?"/></concept><concept><code value="99833-6"/><display value="How often does the individual participate in short structured conversations that are meaningful in HIGH demand situations?"/></concept><concept><code value="99834-4"/><display value="How often does the individual convey complex messages that are meaningful in HIGH demand situations?"/></concept><concept><code value="99835-1"/><display value="Functional Communication Measure - Multi-Modal Functional Communication score [ASHA NOMS]"/></concept><concept><code value="communicate-without-assistance"/><display value="Participate in communication exchanges without assistance"/><definition value="How often does the individual participate in communication exchanges WITHOUT additional assistance from communication partner (no more than would be expected for chronological age)?"/></concept></CodeSystem>