<?xml version="1.0" encoding="UTF-8"?><ImplementationGuide xmlns="http://hl7.org/fhir"><id value="hl7.fhir.us.pacio-splasch"/><text><status value="extensions"/><div xmlns="http://www.w3.org/1999/xhtml"><h2>PACIOReAssessmentTimepoints</h2><p>The official URL for this implementation guide is: </p><pre>http://hl7.org/fhir/us/pacio-splasch/ImplementationGuide/hl7.fhir.us.pacio-splasch</pre><div><p>PACIO Speech Language Swallowing Cognitive Communication and Hearing (SPLASCH) Implementation Guide</p>
</div></div></text><url value="http://hl7.org/fhir/us/pacio-splasch/ImplementationGuide/hl7.fhir.us.pacio-splasch"/><version value="0.1.0"/><name value="PACIOReAssessmentTimepoints"/><title value="PACIO Speech Language Swallowing Cognitive Communication and Hearing (SPLASCH) Implementation Guide"/><status value="draft"/><date value="2021-12-08T12:48:12-05:00"/><publisher value="HL7 Patient Care Working Group"/><contact><name value="HL7 Patient Care Working Group"/><telecom><system value="url"/><value value="http://www.hl7.org/Special/committees/patientcare"/></telecom><telecom><system value="email"/><value value="patients@lists.HL7.org"/></telecom></contact><contact><name value="PACIO project"/><telecom><system value="url"/><value value="http://www.hl7.org/Special/committees/patientcare"/></telecom><telecom><system value="email"/><value value="info@pacioproject.org"/></telecom></contact><description value="PACIO Speech Language Swallowing Cognitive Communication and Hearing (SPLASCH) Implementation Guide"/><jurisdiction><coding><system value="urn:iso:std:iso:3166"/><code value="US"/></coding></jurisdiction><packageId value="hl7.fhir.us.pacio-splasch"/><license value="CC0-1.0"/><fhirVersion value="4.0.1"/><dependsOn id="hl7_fhir_us_core"><uri value="http://hl7.org/fhir/us/core/ImplementationGuide/hl7.fhir.us.core"/><packageId value="hl7.fhir.us.core"/><version value="4.0.0"/></dependsOn><definition><extension url="http://hl7.org/fhir/tools/StructureDefinition/ig-parameter"><extension url="code"><valueString value="copyrightyear"/></extension><extension url="value"><valueString value="2021+"/></extension></extension><extension url="http://hl7.org/fhir/tools/StructureDefinition/ig-parameter"><extension url="code"><valueString value="releaselabel"/></extension><extension url="value"><valueString value="ci-build"/></extension></extension><extension url="http://hl7.org/fhir/tools/StructureDefinition/ig-parameter"><extension url="code"><valueString value="path-expansion-params"/></extension><extension url="value"><valueString value="../../input/_resources/terminology-settings.json"/></extension></extension><extension url="http://hl7.org/fhir/tools/StructureDefinition/ig-parameter"><extension url="code"><valueString value="show-inherited-invariants"/></extension><extension url="value"><valueString value="false"/></extension></extension><extension url="http://hl7.org/fhir/tools/StructureDefinition/ig-parameter"><extension url="code"><valueString value="apply-jurisdiction"/></extension><extension url="value"><valueString value="true"/></extension></extension><extension url="http://hl7.org/fhir/tools/StructureDefinition/ig-parameter"><extension url="code"><valueString value="apply-publisher"/></extension><extension url="value"><valueString value="true"/></extension></extension><extension url="http://hl7.org/fhir/tools/StructureDefinition/ig-parameter"><extension url="code"><valueString value="path-history"/></extension><extension url="value"><valueString value="http://hl7.org/fhir/us/pacio-splasch/history.html"/></extension></extension><extension url="http://hl7.org/fhir/tools/StructureDefinition/ig-parameter"><extension url="code"><valueString value="autoload-resources"/></extension><extension url="value"><valueString value="true"/></extension></extension><extension url="http://hl7.org/fhir/tools/StructureDefinition/ig-parameter"><extension url="code"><valueString value="path-liquid"/></extension><extension url="value"><valueString value="template/liquid"/></extension></extension><extension url="http://hl7.org/fhir/tools/StructureDefinition/ig-parameter"><extension url="code"><valueString value="path-liquid"/></extension><extension url="value"><valueString value="input/liquid"/></extension></extension><extension url="http://hl7.org/fhir/tools/StructureDefinition/ig-parameter"><extension url="code"><valueString value="path-qa"/></extension><extension url="value"><valueString value="temp/qa"/></extension></extension><extension url="http://hl7.org/fhir/tools/StructureDefinition/ig-parameter"><extension url="code"><valueString value="path-temp"/></extension><extension url="value"><valueString value="temp/pages"/></extension></extension><extension url="http://hl7.org/fhir/tools/StructureDefinition/ig-parameter"><extension url="code"><valueString value="path-output"/></extension><extension url="value"><valueString value="output"/></extension></extension><extension url="http://hl7.org/fhir/tools/StructureDefinition/ig-parameter"><extension url="code"><valueString value="path-suppressed-warnings"/></extension><extension url="value"><valueString value="input/ignoreWarnings.txt"/></extension></extension><extension url="http://hl7.org/fhir/tools/StructureDefinition/ig-parameter"><extension url="code"><valueString value="template-html"/></extension><extension url="value"><valueString value="template-page.html"/></extension></extension><extension url="http://hl7.org/fhir/tools/StructureDefinition/ig-parameter"><extension url="code"><valueString value="template-md"/></extension><extension url="value"><valueString value="template-page-md.html"/></extension></extension><extension url="http://hl7.org/fhir/tools/StructureDefinition/ig-parameter"><extension url="code"><valueString value="apply-contact"/></extension><extension url="value"><valueString value="true"/></extension></extension><extension url="http://hl7.org/fhir/tools/StructureDefinition/ig-parameter"><extension url="code"><valueString value="apply-context"/></extension><extension url="value"><valueString value="true"/></extension></extension><extension url="http://hl7.org/fhir/tools/StructureDefinition/ig-parameter"><extension url="code"><valueString value="apply-copyright"/></extension><extension url="value"><valueString value="true"/></extension></extension><extension url="http://hl7.org/fhir/tools/StructureDefinition/ig-parameter"><extension url="code"><valueString value="apply-license"/></extension><extension url="value"><valueString value="true"/></extension></extension><extension url="http://hl7.org/fhir/tools/StructureDefinition/ig-parameter"><extension url="code"><valueString value="apply-version"/></extension><extension url="value"><valueString value="true"/></extension></extension><extension url="http://hl7.org/fhir/tools/StructureDefinition/ig-parameter"><extension url="code"><valueString value="active-tables"/></extension><extension url="value"><valueString value="true"/></extension></extension><grouping id="-str-profile"><name value="Structures: Resource Profiles"/><description value="These define constraints on FHIR resources for systems conforming to this implementation guide"/></grouping><grouping id="-term-valueset"><name value="Terminology: Value Sets"/><description value="These define sets of codes used by systems conforming to this implementation guide"/></grouping><grouping id="-term-codesystem"><name value="Terminology: Code Systems"/><description value="These define new code systems used by systems conforming to this implementation guide"/></grouping><resource><extension url="http://hl7.org/fhir/StructureDefinition/implementationguide-page"><valueUri value="StructureDefinition-splasch-SpokenLanguageComprehensionObservation.html"/></extension><reference><reference value="StructureDefinition/splasch-SpokenLanguageComprehensionObservation"/></reference><name value="Spoken Language Comprehension Observation"/><description value="An exchange of spoken language comprehension data for a patient."/><exampleBoolean value="false"/><groupingId value="-str-profile"/></resource><resource><extension url="http://hl7.org/fhir/StructureDefinition/implementationguide-page"><valueUri value="StructureDefinition-splasch-SpokenLanguageExpressionObservation.html"/></extension><reference><reference value="StructureDefinition/splasch-SpokenLanguageExpressionObservation"/></reference><name value="Spoken Language Expression Observation"/><description value="An exchange of spoken language expression data for a patient."/><exampleBoolean value="false"/><groupingId value="-str-profile"/></resource><resource><extension url="http://hl7.org/fhir/StructureDefinition/implementationguide-page"><valueUri value="StructureDefinition-splasch-SwallowingObservation.html"/></extension><reference><reference value="StructureDefinition/splasch-SwallowingObservation"/></reference><name value="Swallowing Observation"/><description value="An exchange of swallowing data for a patient."/><exampleBoolean value="false"/><groupingId value="-str-profile"/></resource><resource><extension url="http://hl7.org/fhir/StructureDefinition/implementationguide-page"><valueUri value="ValueSet-SPLASCHCaloriePercentageTypeObservationVS.html"/></extension><reference><reference value="ValueSet/SPLASCHCaloriePercentageTypeObservationVS"/></reference><name value="Calorie Percentage Type Observation"/><description value="ValueSet identifying observation codes that have a calorie percentage value. This ValueSet can be used for creating a pick-list or value validation appropriate for a particular observation."/><exampleBoolean value="false"/><groupingId value="-term-valueset"/></resource><resource><extension url="http://hl7.org/fhir/StructureDefinition/implementationguide-page"><valueUri value="ValueSet-SPLASCHFrequencyObservationVS.html"/></extension><reference><reference value="ValueSet/SPLASCHFrequencyObservationVS"/></reference><name value="SPLASCH Frequency Observation Values"/><description value="todo"/><exampleBoolean value="false"/><groupingId value="-term-valueset"/></resource><resource><extension url="http://hl7.org/fhir/StructureDefinition/implementationguide-page"><valueUri value="ValueSet-SPLASCHFrequencyTypeObservationVS.html"/></extension><reference><reference value="ValueSet/SPLASCHFrequencyTypeObservationVS"/></reference><name value="Frequency Type Observation"/><description value="ValueSet identifying observation codes that have a frequency value. This ValueSet can be used for creating a pick-list or value validation appropriate for a particular observation."/><exampleBoolean value="false"/><groupingId value="-term-valueset"/></resource><resource><extension url="http://hl7.org/fhir/StructureDefinition/implementationguide-page"><valueUri value="ValueSet-SPLASCHLiquidDietModifierTypeObservationVS.html"/></extension><reference><reference value="ValueSet/SPLASCHLiquidDietModifierTypeObservationVS"/></reference><name value="Liquid Diet Modifier Type Observation"/><description value="ValueSet identifying observation codes that have a liquid diet modifier value. This ValueSet can be used for creating a pick-list or value validation appropriate for a particular observation."/><exampleBoolean value="false"/><groupingId value="-term-valueset"/></resource><resource><extension url="http://hl7.org/fhir/StructureDefinition/implementationguide-page"><valueUri value="ValueSet-SPLASCHObservationCategoryVS.html"/></extension><reference><reference value="ValueSet/SPLASCHObservationCategoryVS"/></reference><name value="SPLASCH Observation Category"/><description value="todo"/><exampleBoolean value="false"/><groupingId value="-term-valueset"/></resource><resource><extension url="http://hl7.org/fhir/StructureDefinition/implementationguide-page"><valueUri value="ValueSet-SPLASCHSolidDietModifierTypeObservationVS.html"/></extension><reference><reference value="ValueSet/SPLASCHSolidDietModifierTypeObservationVS"/></reference><name value="Solid Diet Modifier Type Observation"/><description value="ValueSet identifying observation codes that have a solid diet modifier value. This ValueSet can be used for creating a pick-list or value validation appropriate for a particular observation."/><exampleBoolean value="false"/><groupingId value="-term-valueset"/></resource><resource><extension url="http://hl7.org/fhir/StructureDefinition/implementationguide-page"><valueUri value="ValueSet-SPLASCHSpeechComprehensionObservationVS.html"/></extension><reference><reference value="ValueSet/SPLASCHSpeechComprehensionObservationVS"/></reference><name value="Speech Comprehension Observation"/><description value="todo"/><exampleBoolean value="false"/><groupingId value="-term-valueset"/></resource><resource><extension url="http://hl7.org/fhir/StructureDefinition/implementationguide-page"><valueUri value="ValueSet-SPLASCHSpeechExpressionObservationVS.html"/></extension><reference><reference value="ValueSet/SPLASCHSpeechExpressionObservationVS"/></reference><name value="Speech Expression Observation"/><description value="todo"/><exampleBoolean value="false"/><groupingId value="-term-valueset"/></resource><resource><extension url="http://hl7.org/fhir/StructureDefinition/implementationguide-page"><valueUri value="ValueSet-SPLASCHSwallowingObservationVS.html"/></extension><reference><reference value="ValueSet/SPLASCHSwallowingObservationVS"/></reference><name value="Swallowing Observation"/><description value="todo"/><exampleBoolean value="false"/><groupingId value="-term-valueset"/></resource><resource><extension url="http://hl7.org/fhir/StructureDefinition/implementationguide-page"><valueUri value="ValueSet-SPLASCHSwallowingObservationValueVS.html"/></extension><reference><reference value="ValueSet/SPLASCHSwallowingObservationValueVS"/></reference><name value="Swallowing Observation Value"/><description value="todo"/><exampleBoolean value="false"/><groupingId value="-term-valueset"/></resource><resource><extension url="http://hl7.org/fhir/StructureDefinition/implementationguide-page"><valueUri value="CodeSystem-SPLASCHCaloriePercentageCategoryCS.html"/></extension><reference><reference value="CodeSystem/SPLASCHCaloriePercentageCategoryCS"/></reference><name value="Observation Value Calorie Percentage Category Codes"/><description value="todo"/><exampleBoolean value="false"/><groupingId value="-term-codesystem"/></resource><resource><extension url="http://hl7.org/fhir/StructureDefinition/implementationguide-page"><valueUri value="CodeSystem-SPLASCHFrequencyCS.html"/></extension><reference><reference value="CodeSystem/SPLASCHFrequencyCS"/></reference><name value="Observation Value Frequency Codes"/><description value="todo"/><exampleBoolean value="false"/><groupingId value="-term-codesystem"/></resource><resource><extension url="http://hl7.org/fhir/StructureDefinition/implementationguide-page"><valueUri value="CodeSystem-SPLASCHLiquidDietCS.html"/></extension><reference><reference value="CodeSystem/SPLASCHLiquidDietCS"/></reference><name value="Observation Value Liquid Diet Codes"/><description value="todo"/><exampleBoolean value="false"/><groupingId value="-term-codesystem"/></resource><resource><extension url="http://hl7.org/fhir/StructureDefinition/implementationguide-page"><valueUri value="CodeSystem-SPLASCHObservationCategoryCS.html"/></extension><reference><reference value="CodeSystem/SPLASCHObservationCategoryCS"/></reference><name value="SPLASCH Observation Category Codes"/><description value="todo"/><exampleBoolean value="false"/><groupingId value="-term-codesystem"/></resource><resource><extension url="http://hl7.org/fhir/StructureDefinition/implementationguide-page"><valueUri value="CodeSystem-SPLASCHSolidDietCS.html"/></extension><reference><reference value="CodeSystem/SPLASCHSolidDietCS"/></reference><name value="Observation Value Solid Diet Codes"/><description value="todo"/><exampleBoolean value="false"/><groupingId value="-term-codesystem"/></resource><resource><extension url="http://hl7.org/fhir/StructureDefinition/implementationguide-page"><valueUri value="CodeSystem-SPLASCHSpeechComprehensionObservationCS.html"/></extension><reference><reference value="CodeSystem/SPLASCHSpeechComprehensionObservationCS"/></reference><name value="Speech Comprehension Observation Codes"/><description value="todo"/><exampleBoolean value="false"/><groupingId value="-term-codesystem"/></resource><resource><extension url="http://hl7.org/fhir/StructureDefinition/implementationguide-page"><valueUri value="CodeSystem-SPLASCHSpeechExpressionObservationCS.html"/></extension><reference><reference value="CodeSystem/SPLASCHSpeechExpressionObservationCS"/></reference><name value="Speech Expression Observation Codes"/><description value="todo"/><exampleBoolean value="false"/><groupingId value="-term-codesystem"/></resource><resource><extension url="http://hl7.org/fhir/StructureDefinition/implementationguide-page"><valueUri value="CodeSystem-SPLASCHSwallowingObservationCS.html"/></extension><reference><reference value="CodeSystem/SPLASCHSwallowingObservationCS"/></reference><name value="Swallowing Observation Codes"/><description value="todo"/><exampleBoolean value="false"/><groupingId value="-term-codesystem"/></resource><resource><extension url="http://hl7.org/fhir/StructureDefinition/implementationguide-page"><valueUri value="CodeSystem-SPLASCHTimePercentageCategoryCS.html"/></extension><reference><reference value="CodeSystem/SPLASCHTimePercentageCategoryCS"/></reference><name value="Observation Value Time Percentage Category Codes"/><description value="todo"/><exampleBoolean value="false"/><groupingId value="-term-codesystem"/></resource><page><nameUrl value="toc.html"/><title value="Table of Contents"/><generation value="html"/><page><nameUrl value="index.html"/><title value="Home"/><generation value="markdown"/></page><page><nameUrl value="downloads.html"/><title value="Downloads"/><generation value="markdown"/></page><page><nameUrl value="artifacts.html"/><title value="Artifacts Summary"/><generation value="html"/><page><nameUrl value="StructureDefinition-splasch-SpokenLanguageComprehensionObservation.html"/><title value="Spoken Language Comprehension Observation"/><generation value="generated"/></page><page><nameUrl value="StructureDefinition-splasch-SpokenLanguageExpressionObservation.html"/><title value="Spoken Language Expression Observation"/><generation value="generated"/></page><page><nameUrl value="StructureDefinition-splasch-SwallowingObservation.html"/><title value="Swallowing Observation"/><generation value="generated"/></page><page><nameUrl value="ValueSet-SPLASCHCaloriePercentageTypeObservationVS.html"/><title value="Calorie Percentage Type Observation"/><generation value="generated"/></page><page><nameUrl value="ValueSet-SPLASCHFrequencyObservationVS.html"/><title value="SPLASCH Frequency Observation Values"/><generation value="generated"/></page><page><nameUrl value="ValueSet-SPLASCHFrequencyTypeObservationVS.html"/><title value="Frequency Type Observation"/><generation value="generated"/></page><page><nameUrl value="ValueSet-SPLASCHLiquidDietModifierTypeObservationVS.html"/><title value="Liquid Diet Modifier Type Observation"/><generation value="generated"/></page><page><nameUrl value="ValueSet-SPLASCHObservationCategoryVS.html"/><title value="SPLASCH Observation Category"/><generation value="generated"/></page><page><nameUrl value="ValueSet-SPLASCHSolidDietModifierTypeObservationVS.html"/><title value="Solid Diet Modifier Type Observation"/><generation value="generated"/></page><page><nameUrl value="ValueSet-SPLASCHSpeechComprehensionObservationVS.html"/><title value="Speech Comprehension Observation"/><generation value="generated"/></page><page><nameUrl value="ValueSet-SPLASCHSpeechExpressionObservationVS.html"/><title value="Speech Expression Observation"/><generation value="generated"/></page><page><nameUrl value="ValueSet-SPLASCHSwallowingObservationVS.html"/><title value="Swallowing Observation"/><generation value="generated"/></page><page><nameUrl value="ValueSet-SPLASCHSwallowingObservationValueVS.html"/><title value="Swallowing Observation Value"/><generation value="generated"/></page><page><nameUrl value="CodeSystem-SPLASCHCaloriePercentageCategoryCS.html"/><title value="Observation Value Calorie Percentage Category Codes"/><generation value="generated"/></page><page><nameUrl value="CodeSystem-SPLASCHFrequencyCS.html"/><title value="Observation Value Frequency Codes"/><generation value="generated"/></page><page><nameUrl value="CodeSystem-SPLASCHLiquidDietCS.html"/><title value="Observation Value Liquid Diet Codes"/><generation value="generated"/></page><page><nameUrl value="CodeSystem-SPLASCHObservationCategoryCS.html"/><title value="SPLASCH Observation Category Codes"/><generation value="generated"/></page><page><nameUrl value="CodeSystem-SPLASCHSolidDietCS.html"/><title value="Observation Value Solid Diet Codes"/><generation value="generated"/></page><page><nameUrl value="CodeSystem-SPLASCHSpeechComprehensionObservationCS.html"/><title value="Speech Comprehension Observation Codes"/><generation value="generated"/></page><page><nameUrl value="CodeSystem-SPLASCHSpeechExpressionObservationCS.html"/><title value="Speech Expression Observation Codes"/><generation value="generated"/></page><page><nameUrl value="CodeSystem-SPLASCHSwallowingObservationCS.html"/><title value="Swallowing Observation Codes"/><generation value="generated"/></page><page><nameUrl value="CodeSystem-SPLASCHTimePercentageCategoryCS.html"/><title value="Observation Value Time Percentage Category Codes"/><generation value="generated"/></page></page></page><parameter><code value="path-resource"/><value value="input/capabilities"/></parameter><parameter><code value="path-resource"/><value value="input/examples"/></parameter><parameter><code value="path-resource"/><value value="input/extensions"/></parameter><parameter><code value="path-resource"/><value value="input/models"/></parameter><parameter><code value="path-resource"/><value value="input/operations"/></parameter><parameter><code value="path-resource"/><value value="input/profiles"/></parameter><parameter><code value="path-resource"/><value value="input/resources"/></parameter><parameter><code value="path-resource"/><value value="input/vocabulary"/></parameter><parameter><code value="path-resource"/><value value="input/maps"/></parameter><parameter><code value="path-resource"/><value value="input/testing"/></parameter><parameter><code value="path-resource"/><value value="input/history"/></parameter><parameter><code value="path-resource"/><value value="fsh-generated/resources"/></parameter><parameter><code value="path-pages"/><value value="template/config"/></parameter><parameter><code value="path-pages"/><value value="input/images"/></parameter><parameter><code value="path-tx-cache"/><value value="input-cache/txcache"/></parameter></definition></ImplementationGuide>