<?xml version="1.0" encoding="UTF-8"?><ImplementationGuide xmlns="http://hl7.org/fhir"><id value="hl7.fhir.us.pacio-splasch"/><text><status value="extensions"/><div xmlns="http://www.w3.org/1999/xhtml"><h2>PACIOReAssessmentTimepoints</h2><p>The official URL for this implementation guide is: </p><pre>http://hl7.org/fhir/us/pacio-splasch/ImplementationGuide/hl7.fhir.us.pacio-splasch</pre><div><p>PACIO Speech Language Swallowing Cognitive Communication and Hearing (SPLASCH) Implementation Guide</p>
</div></div></text><url value="http://hl7.org/fhir/us/pacio-splasch/ImplementationGuide/hl7.fhir.us.pacio-splasch"/><version value="0.1.0"/><name value="PACIOReAssessmentTimepoints"/><title value="PACIO Speech Language Swallowing Cognitive Communication and Hearing (SPLASCH) Implementation Guide"/><status value="draft"/><date value="2021-12-15T22:58:34-05:00"/><publisher value="HL7 Patient Care Working Group"/><contact><name value="HL7 Patient Care Working Group"/><telecom><system value="url"/><value value="http://www.hl7.org/Special/committees/patientcare"/></telecom><telecom><system value="email"/><value value="patients@lists.HL7.org"/></telecom></contact><contact><name value="PACIO project"/><telecom><system value="url"/><value value="http://www.hl7.org/Special/committees/patientcare"/></telecom><telecom><system value="email"/><value value="info@pacioproject.org"/></telecom></contact><description value="PACIO Speech Language Swallowing Cognitive Communication and Hearing (SPLASCH) Implementation Guide"/><jurisdiction><coding><system value="urn:iso:std:iso:3166"/><code value="US"/></coding></jurisdiction><packageId value="hl7.fhir.us.pacio-splasch"/><license value="CC0-1.0"/><fhirVersion value="4.0.1"/><dependsOn id="hl7_fhir_us_core"><uri value="http://hl7.org/fhir/us/core/ImplementationGuide/hl7.fhir.us.core"/><packageId value="hl7.fhir.us.core"/><version value="4.0.0"/></dependsOn><definition><extension url="http://hl7.org/fhir/tools/StructureDefinition/ig-parameter"><extension url="code"><valueString value="copyrightyear"/></extension><extension url="value"><valueString value="2021+"/></extension></extension><extension url="http://hl7.org/fhir/tools/StructureDefinition/ig-parameter"><extension url="code"><valueString value="releaselabel"/></extension><extension url="value"><valueString value="ci-build"/></extension></extension><extension url="http://hl7.org/fhir/tools/StructureDefinition/ig-parameter"><extension url="code"><valueString value="path-expansion-params"/></extension><extension url="value"><valueString value="../../input/_resources/terminology-settings.json"/></extension></extension><extension url="http://hl7.org/fhir/tools/StructureDefinition/ig-parameter"><extension url="code"><valueString value="show-inherited-invariants"/></extension><extension url="value"><valueString value="false"/></extension></extension><extension url="http://hl7.org/fhir/tools/StructureDefinition/ig-parameter"><extension url="code"><valueString value="apply-jurisdiction"/></extension><extension url="value"><valueString value="true"/></extension></extension><extension url="http://hl7.org/fhir/tools/StructureDefinition/ig-parameter"><extension url="code"><valueString value="apply-publisher"/></extension><extension url="value"><valueString value="true"/></extension></extension><extension url="http://hl7.org/fhir/tools/StructureDefinition/ig-parameter"><extension url="code"><valueString value="path-history"/></extension><extension url="value"><valueString value="http://hl7.org/fhir/us/pacio-splasch/history.html"/></extension></extension><extension url="http://hl7.org/fhir/tools/StructureDefinition/ig-parameter"><extension url="code"><valueString value="autoload-resources"/></extension><extension url="value"><valueString value="true"/></extension></extension><extension url="http://hl7.org/fhir/tools/StructureDefinition/ig-parameter"><extension url="code"><valueString value="path-liquid"/></extension><extension url="value"><valueString value="template/liquid"/></extension></extension><extension url="http://hl7.org/fhir/tools/StructureDefinition/ig-parameter"><extension url="code"><valueString value="path-liquid"/></extension><extension url="value"><valueString value="input/liquid"/></extension></extension><extension url="http://hl7.org/fhir/tools/StructureDefinition/ig-parameter"><extension url="code"><valueString value="path-qa"/></extension><extension url="value"><valueString value="temp/qa"/></extension></extension><extension url="http://hl7.org/fhir/tools/StructureDefinition/ig-parameter"><extension url="code"><valueString value="path-temp"/></extension><extension url="value"><valueString value="temp/pages"/></extension></extension><extension url="http://hl7.org/fhir/tools/StructureDefinition/ig-parameter"><extension url="code"><valueString value="path-output"/></extension><extension url="value"><valueString value="output"/></extension></extension><extension url="http://hl7.org/fhir/tools/StructureDefinition/ig-parameter"><extension url="code"><valueString value="path-suppressed-warnings"/></extension><extension url="value"><valueString value="input/ignoreWarnings.txt"/></extension></extension><extension url="http://hl7.org/fhir/tools/StructureDefinition/ig-parameter"><extension url="code"><valueString value="template-html"/></extension><extension url="value"><valueString value="template-page.html"/></extension></extension><extension url="http://hl7.org/fhir/tools/StructureDefinition/ig-parameter"><extension url="code"><valueString value="template-md"/></extension><extension url="value"><valueString value="template-page-md.html"/></extension></extension><extension url="http://hl7.org/fhir/tools/StructureDefinition/ig-parameter"><extension url="code"><valueString value="apply-contact"/></extension><extension url="value"><valueString value="true"/></extension></extension><extension url="http://hl7.org/fhir/tools/StructureDefinition/ig-parameter"><extension url="code"><valueString value="apply-context"/></extension><extension url="value"><valueString value="true"/></extension></extension><extension url="http://hl7.org/fhir/tools/StructureDefinition/ig-parameter"><extension url="code"><valueString value="apply-copyright"/></extension><extension url="value"><valueString value="true"/></extension></extension><extension url="http://hl7.org/fhir/tools/StructureDefinition/ig-parameter"><extension url="code"><valueString value="apply-license"/></extension><extension url="value"><valueString value="true"/></extension></extension><extension url="http://hl7.org/fhir/tools/StructureDefinition/ig-parameter"><extension url="code"><valueString value="apply-version"/></extension><extension url="value"><valueString value="true"/></extension></extension><extension url="http://hl7.org/fhir/tools/StructureDefinition/ig-parameter"><extension url="code"><valueString value="active-tables"/></extension><extension url="value"><valueString value="true"/></extension></extension><grouping id="-str-profile"><name value="Structures: Resource Profiles"/><description value="These define constraints on FHIR resources for systems conforming to this implementation guide"/></grouping><grouping id="-term-valueset"><name value="Terminology: Value Sets"/><description value="These define sets of codes used by systems conforming to this implementation guide"/></grouping><grouping id="-term-codesystem"><name value="Terminology: Code Systems"/><description value="These define new code systems used by systems conforming to this implementation guide"/></grouping><grouping id="-ex-example"><name value="Example: Example Instances"/><description value="These are example instances that show what data produced and consumed by systems conforming with this implementation guide might look like"/></grouping><resource><extension url="http://hl7.org/fhir/StructureDefinition/implementationguide-page"><valueUri value="StructureDefinition-splasch-SpokenLanguageComprehensionObservation.html"/></extension><reference><reference value="StructureDefinition/splasch-SpokenLanguageComprehensionObservation"/></reference><name value="Spoken Language Comprehension Observation"/><description value="An exchange of spoken language comprehension data for a patient."/><exampleBoolean value="false"/><groupingId value="-str-profile"/></resource><resource><extension url="http://hl7.org/fhir/StructureDefinition/implementationguide-page"><valueUri value="StructureDefinition-splasch-SpokenLanguageExpressionObservation.html"/></extension><reference><reference value="StructureDefinition/splasch-SpokenLanguageExpressionObservation"/></reference><name value="Spoken Language Expression Observation"/><description value="An exchange of spoken language expression data for a patient."/><exampleBoolean value="false"/><groupingId value="-str-profile"/></resource><resource><extension url="http://hl7.org/fhir/StructureDefinition/implementationguide-page"><valueUri value="StructureDefinition-splasch-SwallowingObservation.html"/></extension><reference><reference value="StructureDefinition/splasch-SwallowingObservation"/></reference><name value="Swallowing Observation"/><description value="An exchange of swallowing data for a patient."/><exampleBoolean value="false"/><groupingId value="-str-profile"/></resource><resource><extension url="http://hl7.org/fhir/StructureDefinition/implementationguide-page"><valueUri value="ValueSet-SPLASCHCaloriePercentageTypeObservationVS.html"/></extension><reference><reference value="ValueSet/SPLASCHCaloriePercentageTypeObservationVS"/></reference><name value="Calorie Percentage Type Observation"/><description value="ValueSet identifying observation codes that have a calorie percentage value. This ValueSet can be used for creating a pick-list or value validation appropriate for a particular observation."/><exampleBoolean value="false"/><groupingId value="-term-valueset"/></resource><resource><extension url="http://hl7.org/fhir/StructureDefinition/implementationguide-page"><valueUri value="ValueSet-SPLASCHFrequencyObservationVS.html"/></extension><reference><reference value="ValueSet/SPLASCHFrequencyObservationVS"/></reference><name value="SPLASCH Frequency Observation Values"/><description value="Frequency values for SPLASCH observations"/><exampleBoolean value="false"/><groupingId value="-term-valueset"/></resource><resource><extension url="http://hl7.org/fhir/StructureDefinition/implementationguide-page"><valueUri value="ValueSet-SPLASCHFrequencyTypeObservationVS.html"/></extension><reference><reference value="ValueSet/SPLASCHFrequencyTypeObservationVS"/></reference><name value="Frequency Type Observation"/><description value="ValueSet identifying observation codes that have a frequency value. This ValueSet can be used for creating a pick-list or value validation appropriate for a particular observation."/><exampleBoolean value="false"/><groupingId value="-term-valueset"/></resource><resource><extension url="http://hl7.org/fhir/StructureDefinition/implementationguide-page"><valueUri value="ValueSet-SPLASCHLiquidDietModifierTypeObservationVS.html"/></extension><reference><reference value="ValueSet/SPLASCHLiquidDietModifierTypeObservationVS"/></reference><name value="Liquid Diet Modifier Type Observation"/><description value="ValueSet identifying observation codes that have a liquid diet modifier value. This ValueSet can be used for creating a pick-list or value validation appropriate for a particular observation."/><exampleBoolean value="false"/><groupingId value="-term-valueset"/></resource><resource><extension url="http://hl7.org/fhir/StructureDefinition/implementationguide-page"><valueUri value="ValueSet-SPLASCHObservationCategoryVS.html"/></extension><reference><reference value="ValueSet/SPLASCHObservationCategoryVS"/></reference><name value="SPLASCH Observation Category"/><description value="Categories for SPLASCH observation profiles"/><exampleBoolean value="false"/><groupingId value="-term-valueset"/></resource><resource><extension url="http://hl7.org/fhir/StructureDefinition/implementationguide-page"><valueUri value="ValueSet-SPLASCHSolidDietModifierTypeObservationVS.html"/></extension><reference><reference value="ValueSet/SPLASCHSolidDietModifierTypeObservationVS"/></reference><name value="Solid Diet Modifier Type Observation"/><description value="ValueSet identifying observation codes that have a solid diet modifier value. This ValueSet can be used for creating a pick-list or value validation appropriate for a particular observation."/><exampleBoolean value="false"/><groupingId value="-term-valueset"/></resource><resource><extension url="http://hl7.org/fhir/StructureDefinition/implementationguide-page"><valueUri value="ValueSet-SPLASCHSpeechComprehensionObservationVS.html"/></extension><reference><reference value="ValueSet/SPLASCHSpeechComprehensionObservationVS"/></reference><name value="Speech Comprehension Observation"/><description value="SPLASCH spoken language comprehension observation profile"/><exampleBoolean value="false"/><groupingId value="-term-valueset"/></resource><resource><extension url="http://hl7.org/fhir/StructureDefinition/implementationguide-page"><valueUri value="ValueSet-SPLASCHSpeechExpressionObservationVS.html"/></extension><reference><reference value="ValueSet/SPLASCHSpeechExpressionObservationVS"/></reference><name value="Speech Expression Observation"/><description value="SPLASCH spoken language expression observation profile"/><exampleBoolean value="false"/><groupingId value="-term-valueset"/></resource><resource><extension url="http://hl7.org/fhir/StructureDefinition/implementationguide-page"><valueUri value="ValueSet-SPLASCHSwallowingObservationVS.html"/></extension><reference><reference value="ValueSet/SPLASCHSwallowingObservationVS"/></reference><name value="Swallowing Observation"/><description value="SPLASCH swallowing observation profile"/><exampleBoolean value="false"/><groupingId value="-term-valueset"/></resource><resource><extension url="http://hl7.org/fhir/StructureDefinition/implementationguide-page"><valueUri value="ValueSet-SPLASCHSwallowingObservationValueVS.html"/></extension><reference><reference value="ValueSet/SPLASCHSwallowingObservationValueVS"/></reference><name value="Swallowing Observation Value"/><description value="Values for swallowing observations"/><exampleBoolean value="false"/><groupingId value="-term-valueset"/></resource><resource><extension url="http://hl7.org/fhir/StructureDefinition/implementationguide-page"><valueUri value="CodeSystem-SPLASCHCaloriePercentageCategoryCS.html"/></extension><reference><reference value="CodeSystem/SPLASCHCaloriePercentageCategoryCS"/></reference><name value="Observation Value Calorie Percentage Category Codes"/><description value="Category codes for calorie percentage observations"/><exampleBoolean value="false"/><groupingId value="-term-codesystem"/></resource><resource><extension url="http://hl7.org/fhir/StructureDefinition/implementationguide-page"><valueUri value="CodeSystem-SPLASCHLiquidDietCS.html"/></extension><reference><reference value="CodeSystem/SPLASCHLiquidDietCS"/></reference><name value="Observation Value Liquid Diet Codes"/><description value="Category codes for liquid diet observations"/><exampleBoolean value="false"/><groupingId value="-term-codesystem"/></resource><resource><extension url="http://hl7.org/fhir/StructureDefinition/implementationguide-page"><valueUri value="CodeSystem-SPLASCHObservationCategoryCS.html"/></extension><reference><reference value="CodeSystem/SPLASCHObservationCategoryCS"/></reference><name value="SPLASCH Observation Category Codes"/><description value="Categories for SPLASCH observations"/><exampleBoolean value="false"/><groupingId value="-term-codesystem"/></resource><resource><extension url="http://hl7.org/fhir/StructureDefinition/implementationguide-page"><valueUri value="CodeSystem-SPLASCHSolidDietCS.html"/></extension><reference><reference value="CodeSystem/SPLASCHSolidDietCS"/></reference><name value="Observation Value Solid Diet Codes"/><description value="Category codes for solid diet observations"/><exampleBoolean value="false"/><groupingId value="-term-codesystem"/></resource><resource><extension url="http://hl7.org/fhir/StructureDefinition/implementationguide-page"><valueUri value="CodeSystem-SPLASCHSpeechComprehensionObservationCS.html"/></extension><reference><reference value="CodeSystem/SPLASCHSpeechComprehensionObservationCS"/></reference><name value="Speech Comprehension Observation Codes"/><description value="Observation codes for spoken language comprehension"/><exampleBoolean value="false"/><groupingId value="-term-codesystem"/></resource><resource><extension url="http://hl7.org/fhir/StructureDefinition/implementationguide-page"><valueUri value="CodeSystem-SPLASCHSpeechExpressionObservationCS.html"/></extension><reference><reference value="CodeSystem/SPLASCHSpeechExpressionObservationCS"/></reference><name value="Speech Expression Observation Codes"/><description value="Observation codes for spoken language expression"/><exampleBoolean value="false"/><groupingId value="-term-codesystem"/></resource><resource><extension url="http://hl7.org/fhir/StructureDefinition/implementationguide-page"><valueUri value="CodeSystem-SPLASCHSwallowingObservationCS.html"/></extension><reference><reference value="CodeSystem/SPLASCHSwallowingObservationCS"/></reference><name value="Swallowing Observation Codes"/><description value="Observation codes for swallowing"/><exampleBoolean value="false"/><groupingId value="-term-codesystem"/></resource><resource><extension url="http://hl7.org/fhir/StructureDefinition/implementationguide-page"><valueUri value="CodeSystem-SPLASCHTimePercentageCategoryCS.html"/></extension><reference><reference value="CodeSystem/SPLASCHTimePercentageCategoryCS"/></reference><name value="Observation Value Time Percentage Category Codes"/><description value="Catgegory codes for time percentage observations"/><exampleBoolean value="false"/><groupingId value="-term-codesystem"/></resource><resource><extension url="http://hl7.org/fhir/StructureDefinition/implementationguide-page"><valueUri value="Observation-BSJ-ObservationSPLASCH-01.html"/></extension><reference><reference value="Observation/BSJ-ObservationSPLASCH-01"/></reference><name value="BSJ-ObservationSPLASCH-01"/><description value="An instance of SPLASCH Observation ObservationSPLASCH-01"/><exampleBoolean value="true"/><groupingId value="-ex-example"/></resource><resource><extension url="http://hl7.org/fhir/StructureDefinition/implementationguide-page"><valueUri value="Observation-BSJ-ObservationSPLASCH-02.html"/></extension><reference><reference value="Observation/BSJ-ObservationSPLASCH-02"/></reference><name value="BSJ-ObservationSPLASCH-02"/><description value="An instance of SPLASCH Observation ObservationSPLASCH-02"/><exampleBoolean value="true"/><groupingId value="-ex-example"/></resource><resource><extension url="http://hl7.org/fhir/StructureDefinition/implementationguide-page"><valueUri value="Observation-BSJ-ObservationSPLASCH-03.html"/></extension><reference><reference value="Observation/BSJ-ObservationSPLASCH-03"/></reference><name value="BSJ-ObservationSPLASCH-03"/><description value="An instance of SPLASCH Observation ObservationSPLASCH-03"/><exampleBoolean value="true"/><groupingId value="-ex-example"/></resource><resource><extension url="http://hl7.org/fhir/StructureDefinition/implementationguide-page"><valueUri value="Observation-BSJ-ObservationSPLASCH-04.html"/></extension><reference><reference value="Observation/BSJ-ObservationSPLASCH-04"/></reference><name value="BSJ-ObservationSPLASCH-04"/><description value="An instance of SPLASCH Observation ObservationSPLASCH-04"/><exampleBoolean value="true"/><groupingId value="-ex-example"/></resource><resource><extension url="http://hl7.org/fhir/StructureDefinition/implementationguide-page"><valueUri value="Observation-BSJ-ObservationSPLASCH-05.html"/></extension><reference><reference value="Observation/BSJ-ObservationSPLASCH-05"/></reference><name value="BSJ-ObservationSPLASCH-05"/><description value="An instance of SPLASCH Observation ObservationSPLASCH-05"/><exampleBoolean value="true"/><groupingId value="-ex-example"/></resource><resource><extension url="http://hl7.org/fhir/StructureDefinition/implementationguide-page"><valueUri value="Observation-BSJ-ObservationSPLASCH-06.html"/></extension><reference><reference value="Observation/BSJ-ObservationSPLASCH-06"/></reference><name value="BSJ-ObservationSPLASCH-06"/><description value="An instance of SPLASCH Observation ObservationSPLASCH-06"/><exampleBoolean value="true"/><groupingId value="-ex-example"/></resource><resource><extension url="http://hl7.org/fhir/StructureDefinition/implementationguide-page"><valueUri value="Observation-BSJ-ObservationSPLASCH-07.html"/></extension><reference><reference value="Observation/BSJ-ObservationSPLASCH-07"/></reference><name value="BSJ-ObservationSPLASCH-07"/><description value="An instance of SPLASCH Observation ObservationSPLASCH-07"/><exampleBoolean value="true"/><groupingId value="-ex-example"/></resource><resource><extension url="http://hl7.org/fhir/StructureDefinition/implementationguide-page"><valueUri value="Observation-BSJ-ObservationSPLASCH-08.html"/></extension><reference><reference value="Observation/BSJ-ObservationSPLASCH-08"/></reference><name value="BSJ-ObservationSPLASCH-08"/><description value="An instance of SPLASCH Observation ObservationSPLASCH-08"/><exampleBoolean value="true"/><groupingId value="-ex-example"/></resource><resource><extension url="http://hl7.org/fhir/StructureDefinition/implementationguide-page"><valueUri value="Observation-BSJ-ObservationSPLASCH-09.html"/></extension><reference><reference value="Observation/BSJ-ObservationSPLASCH-09"/></reference><name value="BSJ-ObservationSPLASCH-09"/><description value="An instance of SPLASCH Observation ObservationSPLASCH-09"/><exampleBoolean value="true"/><groupingId value="-ex-example"/></resource><resource><extension url="http://hl7.org/fhir/StructureDefinition/implementationguide-page"><valueUri value="Observation-BSJ-ObservationSPLASCH-10.html"/></extension><reference><reference value="Observation/BSJ-ObservationSPLASCH-10"/></reference><name value="BSJ-ObservationSPLASCH-10"/><description value="An instance of SPLASCH Observation ObservationSPLASCH-10"/><exampleBoolean value="true"/><groupingId value="-ex-example"/></resource><resource><extension url="http://hl7.org/fhir/StructureDefinition/implementationguide-page"><valueUri value="Observation-BSJ-ObservationSPLASCH-11.html"/></extension><reference><reference value="Observation/BSJ-ObservationSPLASCH-11"/></reference><name value="BSJ-ObservationSPLASCH-11"/><description value="An instance of SPLASCH Observation ObservationSPLASCH-11"/><exampleBoolean value="true"/><groupingId value="-ex-example"/></resource><resource><extension url="http://hl7.org/fhir/StructureDefinition/implementationguide-page"><valueUri value="Observation-BSJ-ObservationSPLASCH-12.html"/></extension><reference><reference value="Observation/BSJ-ObservationSPLASCH-12"/></reference><name value="BSJ-ObservationSPLASCH-12"/><description value="An instance of SPLASCH Observation ObservationSPLASCH-12"/><exampleBoolean value="true"/><groupingId value="-ex-example"/></resource><resource><extension url="http://hl7.org/fhir/StructureDefinition/implementationguide-page"><valueUri value="Observation-BSJ-ObservationSPLASCH-13.html"/></extension><reference><reference value="Observation/BSJ-ObservationSPLASCH-13"/></reference><name value="BSJ-ObservationSPLASCH-13"/><description value="An instance of SPLASCH Observation ObservationSPLASCH-13"/><exampleBoolean value="true"/><groupingId value="-ex-example"/></resource><resource><extension url="http://hl7.org/fhir/StructureDefinition/implementationguide-page"><valueUri value="Observation-BSJ-ObservationSPLASCH-14.html"/></extension><reference><reference value="Observation/BSJ-ObservationSPLASCH-14"/></reference><name value="BSJ-ObservationSPLASCH-14"/><description value="An instance of SPLASCH Observation ObservationSPLASCH-14"/><exampleBoolean value="true"/><groupingId value="-ex-example"/></resource><resource><extension url="http://hl7.org/fhir/StructureDefinition/implementationguide-page"><valueUri value="Observation-BSJ-ObservationSPLASCH-15.html"/></extension><reference><reference value="Observation/BSJ-ObservationSPLASCH-15"/></reference><name value="BSJ-ObservationSPLASCH-15"/><description value="An instance of SPLASCH Observation ObservationSPLASCH-15"/><exampleBoolean value="true"/><groupingId value="-ex-example"/></resource><resource><extension url="http://hl7.org/fhir/StructureDefinition/implementationguide-page"><valueUri value="Observation-BSJ-ObservationSPLASCH-16.html"/></extension><reference><reference value="Observation/BSJ-ObservationSPLASCH-16"/></reference><name value="BSJ-ObservationSPLASCH-16"/><description value="An instance of SPLASCH Observation ObservationSPLASCH-16"/><exampleBoolean value="true"/><groupingId value="-ex-example"/></resource><resource><extension url="http://hl7.org/fhir/StructureDefinition/implementationguide-page"><valueUri value="Observation-BSJ-ObservationSPLASCH-17.html"/></extension><reference><reference value="Observation/BSJ-ObservationSPLASCH-17"/></reference><name value="BSJ-ObservationSPLASCH-17"/><description value="An instance of SPLASCH Observation ObservationSPLASCH-17"/><exampleBoolean value="true"/><groupingId value="-ex-example"/></resource><resource><extension url="http://hl7.org/fhir/StructureDefinition/implementationguide-page"><valueUri value="Observation-BSJ-ObservationSPLASCH-18.html"/></extension><reference><reference value="Observation/BSJ-ObservationSPLASCH-18"/></reference><name value="BSJ-ObservationSPLASCH-18"/><description value="An instance of SPLASCH Observation ObservationSPLASCH-18"/><exampleBoolean value="true"/><groupingId value="-ex-example"/></resource><resource><extension url="http://hl7.org/fhir/StructureDefinition/implementationguide-page"><valueUri value="Observation-BSJ-ObservationSPLASCH-19.html"/></extension><reference><reference value="Observation/BSJ-ObservationSPLASCH-19"/></reference><name value="BSJ-ObservationSPLASCH-19"/><description value="An instance of SPLASCH Observation ObservationSPLASCH-19"/><exampleBoolean value="true"/><groupingId value="-ex-example"/></resource><resource><extension url="http://hl7.org/fhir/StructureDefinition/implementationguide-page"><valueUri value="Observation-BSJ-ObservationSPLASCH-20.html"/></extension><reference><reference value="Observation/BSJ-ObservationSPLASCH-20"/></reference><name value="BSJ-ObservationSPLASCH-20"/><description value="An instance of SPLASCH Observation ObservationSPLASCH-20"/><exampleBoolean value="true"/><groupingId value="-ex-example"/></resource><resource><extension url="http://hl7.org/fhir/StructureDefinition/implementationguide-page"><valueUri value="Observation-BSJ-ObservationSPLASCH-21.html"/></extension><reference><reference value="Observation/BSJ-ObservationSPLASCH-21"/></reference><name value="BSJ-ObservationSPLASCH-21"/><description value="An instance of SPLASCH Observation ObservationSPLASCH-21"/><exampleBoolean value="true"/><groupingId value="-ex-example"/></resource><resource><extension url="http://hl7.org/fhir/StructureDefinition/implementationguide-page"><valueUri value="Observation-BSJ-ObservationSPLASCH-22.html"/></extension><reference><reference value="Observation/BSJ-ObservationSPLASCH-22"/></reference><name value="BSJ-ObservationSPLASCH-22"/><description value="An instance of SPLASCH Observation ObservationSPLASCH-22"/><exampleBoolean value="true"/><groupingId value="-ex-example"/></resource><resource><extension url="http://hl7.org/fhir/StructureDefinition/implementationguide-page"><valueUri value="Observation-BSJ-ObservationSPLASCH-23.html"/></extension><reference><reference value="Observation/BSJ-ObservationSPLASCH-23"/></reference><name value="BSJ-ObservationSPLASCH-23"/><description value="An instance of SPLASCH Observation ObservationSPLASCH-23"/><exampleBoolean value="true"/><groupingId value="-ex-example"/></resource><resource><extension url="http://hl7.org/fhir/StructureDefinition/implementationguide-page"><valueUri value="Observation-BSJ-ObservationSPLASCH-24.html"/></extension><reference><reference value="Observation/BSJ-ObservationSPLASCH-24"/></reference><name value="BSJ-ObservationSPLASCH-24"/><description value="An instance of SPLASCH Observation ObservationSPLASCH-24"/><exampleBoolean value="true"/><groupingId value="-ex-example"/></resource><resource><extension url="http://hl7.org/fhir/StructureDefinition/implementationguide-page"><valueUri value="Observation-BSJ-ObservationSPLASCH-25.html"/></extension><reference><reference value="Observation/BSJ-ObservationSPLASCH-25"/></reference><name value="BSJ-ObservationSPLASCH-25"/><description value="An instance of SPLASCH Observation ObservationSPLASCH-25"/><exampleBoolean value="true"/><groupingId value="-ex-example"/></resource><resource><extension url="http://hl7.org/fhir/StructureDefinition/implementationguide-page"><valueUri value="Observation-BSJ-ObservationSPLASCH-26.html"/></extension><reference><reference value="Observation/BSJ-ObservationSPLASCH-26"/></reference><name value="BSJ-ObservationSPLASCH-26"/><description value="An instance of SPLASCH Observation ObservationSPLASCH-26"/><exampleBoolean value="true"/><groupingId value="-ex-example"/></resource><resource><extension url="http://hl7.org/fhir/StructureDefinition/implementationguide-page"><valueUri value="Observation-BSJ-ObservationSPLASCH-27.html"/></extension><reference><reference value="Observation/BSJ-ObservationSPLASCH-27"/></reference><name value="BSJ-ObservationSPLASCH-27"/><description value="An instance of SPLASCH Observation ObservationSPLASCH-27"/><exampleBoolean value="true"/><groupingId value="-ex-example"/></resource><resource><extension url="http://hl7.org/fhir/StructureDefinition/implementationguide-page"><valueUri value="Observation-BSJ-ObservationSPLASCH-28.html"/></extension><reference><reference value="Observation/BSJ-ObservationSPLASCH-28"/></reference><name value="BSJ-ObservationSPLASCH-28"/><description value="An instance of SPLASCH Observation ObservationSPLASCH-28"/><exampleBoolean value="true"/><groupingId value="-ex-example"/></resource><resource><extension url="http://hl7.org/fhir/StructureDefinition/implementationguide-page"><valueUri value="Observation-BSJ-ObservationSPLASCH-29.html"/></extension><reference><reference value="Observation/BSJ-ObservationSPLASCH-29"/></reference><name value="BSJ-ObservationSPLASCH-29"/><description value="An instance of SPLASCH Observation ObservationSPLASCH-29"/><exampleBoolean value="true"/><groupingId value="-ex-example"/></resource><resource><extension url="http://hl7.org/fhir/StructureDefinition/implementationguide-page"><valueUri value="Observation-BSJ-ObservationSPLASCH-30.html"/></extension><reference><reference value="Observation/BSJ-ObservationSPLASCH-30"/></reference><name value="BSJ-ObservationSPLASCH-30"/><description value="An instance of SPLASCH Observation ObservationSPLASCH-30"/><exampleBoolean value="true"/><groupingId value="-ex-example"/></resource><resource><extension url="http://hl7.org/fhir/StructureDefinition/implementationguide-page"><valueUri value="Observation-BSJ-ObservationSPLASCH-31.html"/></extension><reference><reference value="Observation/BSJ-ObservationSPLASCH-31"/></reference><name value="BSJ-ObservationSPLASCH-31"/><description value="An instance of SPLASCH Observation ObservationSPLASCH-31"/><exampleBoolean value="true"/><groupingId value="-ex-example"/></resource><resource><extension url="http://hl7.org/fhir/StructureDefinition/implementationguide-page"><valueUri value="Observation-BSJ-ObservationSPLASCH-32.html"/></extension><reference><reference value="Observation/BSJ-ObservationSPLASCH-32"/></reference><name value="BSJ-ObservationSPLASCH-32"/><description value="An instance of SPLASCH Observation ObservationSPLASCH-32"/><exampleBoolean value="true"/><groupingId value="-ex-example"/></resource><resource><extension url="http://hl7.org/fhir/StructureDefinition/implementationguide-page"><valueUri value="Observation-BSJ-ObservationSPLASCH-33.html"/></extension><reference><reference value="Observation/BSJ-ObservationSPLASCH-33"/></reference><name value="BSJ-ObservationSPLASCH-33"/><description value="An instance of SPLASCH Observation ObservationSPLASCH-33"/><exampleBoolean value="true"/><groupingId value="-ex-example"/></resource><resource><extension url="http://hl7.org/fhir/StructureDefinition/implementationguide-page"><valueUri value="Observation-BSJ-ObservationSPLASCH-34.html"/></extension><reference><reference value="Observation/BSJ-ObservationSPLASCH-34"/></reference><name value="BSJ-ObservationSPLASCH-34"/><description value="An instance of SPLASCH Observation ObservationSPLASCH-34"/><exampleBoolean value="true"/><groupingId value="-ex-example"/></resource><resource><extension url="http://hl7.org/fhir/StructureDefinition/implementationguide-page"><valueUri value="Observation-BSJ-ObservationSPLASCH-35.html"/></extension><reference><reference value="Observation/BSJ-ObservationSPLASCH-35"/></reference><name value="BSJ-ObservationSPLASCH-35"/><description value="An instance of SPLASCH Observation ObservationSPLASCH-35"/><exampleBoolean value="true"/><groupingId value="-ex-example"/></resource><resource><extension url="http://hl7.org/fhir/StructureDefinition/implementationguide-page"><valueUri value="Observation-BSJ-ObservationSPLASCH-36.html"/></extension><reference><reference value="Observation/BSJ-ObservationSPLASCH-36"/></reference><name value="BSJ-ObservationSPLASCH-36"/><description value="An instance of SPLASCH Observation ObservationSPLASCH-36"/><exampleBoolean value="true"/><groupingId value="-ex-example"/></resource><resource><extension url="http://hl7.org/fhir/StructureDefinition/implementationguide-page"><valueUri value="Observation-BSJ-ObservationSPLASCH-37.html"/></extension><reference><reference value="Observation/BSJ-ObservationSPLASCH-37"/></reference><name value="BSJ-ObservationSPLASCH-37"/><description value="An instance of SPLASCH Observation ObservationSPLASCH-37"/><exampleBoolean value="true"/><groupingId value="-ex-example"/></resource><resource><extension url="http://hl7.org/fhir/StructureDefinition/implementationguide-page"><valueUri value="Observation-BSJ-ObservationSPLASCH-38.html"/></extension><reference><reference value="Observation/BSJ-ObservationSPLASCH-38"/></reference><name value="BSJ-ObservationSPLASCH-38"/><description value="An instance of SPLASCH Observation ObservationSPLASCH-38"/><exampleBoolean value="true"/><groupingId value="-ex-example"/></resource><resource><extension url="http://hl7.org/fhir/StructureDefinition/implementationguide-page"><valueUri value="Observation-BSJ-ObservationSPLASCH-39.html"/></extension><reference><reference value="Observation/BSJ-ObservationSPLASCH-39"/></reference><name value="BSJ-ObservationSPLASCH-39"/><description value="An instance of SPLASCH Observation ObservationSPLASCH-39"/><exampleBoolean value="true"/><groupingId value="-ex-example"/></resource><resource><extension url="http://hl7.org/fhir/StructureDefinition/implementationguide-page"><valueUri value="Observation-BSJ-ObservationSPLASCH-40.html"/></extension><reference><reference value="Observation/BSJ-ObservationSPLASCH-40"/></reference><name value="BSJ-ObservationSPLASCH-40"/><description value="An instance of SPLASCH Observation ObservationSPLASCH-40"/><exampleBoolean value="true"/><groupingId value="-ex-example"/></resource><resource><extension url="http://hl7.org/fhir/StructureDefinition/implementationguide-page"><valueUri value="Observation-BSJ-ObservationSPLASCH-41.html"/></extension><reference><reference value="Observation/BSJ-ObservationSPLASCH-41"/></reference><name value="BSJ-ObservationSPLASCH-41"/><description value="An instance of SPLASCH Observation ObservationSPLASCH-41"/><exampleBoolean value="true"/><groupingId value="-ex-example"/></resource><resource><extension url="http://hl7.org/fhir/StructureDefinition/implementationguide-page"><valueUri value="Observation-BSJ-ObservationSPLASCH-42.html"/></extension><reference><reference value="Observation/BSJ-ObservationSPLASCH-42"/></reference><name value="BSJ-ObservationSPLASCH-42"/><description value="An instance of SPLASCH Observation ObservationSPLASCH-42"/><exampleBoolean value="true"/><groupingId value="-ex-example"/></resource><resource><extension url="http://hl7.org/fhir/StructureDefinition/implementationguide-page"><valueUri value="Observation-BSJ-ObservationSPLASCH-43.html"/></extension><reference><reference value="Observation/BSJ-ObservationSPLASCH-43"/></reference><name value="BSJ-ObservationSPLASCH-43"/><description value="An instance of SPLASCH Observation ObservationSPLASCH-43"/><exampleBoolean value="true"/><groupingId value="-ex-example"/></resource><resource><extension url="http://hl7.org/fhir/StructureDefinition/implementationguide-page"><valueUri value="Observation-BSJ-ObservationSPLASCH-44.html"/></extension><reference><reference value="Observation/BSJ-ObservationSPLASCH-44"/></reference><name value="BSJ-ObservationSPLASCH-44"/><description value="An instance of SPLASCH Observation ObservationSPLASCH-44"/><exampleBoolean value="true"/><groupingId value="-ex-example"/></resource><resource><extension url="http://hl7.org/fhir/StructureDefinition/implementationguide-page"><valueUri value="Observation-BSJ-ObservationSPLASCH-45.html"/></extension><reference><reference value="Observation/BSJ-ObservationSPLASCH-45"/></reference><name value="BSJ-ObservationSPLASCH-45"/><description value="An instance of SPLASCH Observation ObservationSPLASCH-45"/><exampleBoolean value="true"/><groupingId value="-ex-example"/></resource><resource><extension url="http://hl7.org/fhir/StructureDefinition/implementationguide-page"><valueUri value="Observation-BSJ-ObservationSPLASCH-46.html"/></extension><reference><reference value="Observation/BSJ-ObservationSPLASCH-46"/></reference><name value="BSJ-ObservationSPLASCH-46"/><description value="An instance of SPLASCH Observation ObservationSPLASCH-46"/><exampleBoolean value="true"/><groupingId value="-ex-example"/></resource><resource><extension url="http://hl7.org/fhir/StructureDefinition/implementationguide-page"><valueUri value="Observation-BSJ-ObservationSPLASCH-47.html"/></extension><reference><reference value="Observation/BSJ-ObservationSPLASCH-47"/></reference><name value="BSJ-ObservationSPLASCH-47"/><description value="An instance of SPLASCH Observation ObservationSPLASCH-47"/><exampleBoolean value="true"/><groupingId value="-ex-example"/></resource><resource><extension url="http://hl7.org/fhir/StructureDefinition/implementationguide-page"><valueUri value="Observation-BSJ-ObservationSPLASCH-48.html"/></extension><reference><reference value="Observation/BSJ-ObservationSPLASCH-48"/></reference><name value="BSJ-ObservationSPLASCH-48"/><description value="An instance of SPLASCH Observation ObservationSPLASCH-48"/><exampleBoolean value="true"/><groupingId value="-ex-example"/></resource><resource><extension url="http://hl7.org/fhir/StructureDefinition/implementationguide-page"><valueUri value="Observation-BSJ-ObservationSPLASCH-49.html"/></extension><reference><reference value="Observation/BSJ-ObservationSPLASCH-49"/></reference><name value="BSJ-ObservationSPLASCH-49"/><description value="An instance of SPLASCH Observation ObservationSPLASCH-49"/><exampleBoolean value="true"/><groupingId value="-ex-example"/></resource><resource><extension url="http://hl7.org/fhir/StructureDefinition/implementationguide-page"><valueUri value="Observation-BSJ-ObservationSPLASCH-50.html"/></extension><reference><reference value="Observation/BSJ-ObservationSPLASCH-50"/></reference><name value="BSJ-ObservationSPLASCH-50"/><description value="An instance of SPLASCH Observation ObservationSPLASCH-50"/><exampleBoolean value="true"/><groupingId value="-ex-example"/></resource><resource><extension url="http://hl7.org/fhir/StructureDefinition/implementationguide-page"><valueUri value="Observation-BSJ-ObservationSPLASCH-51.html"/></extension><reference><reference value="Observation/BSJ-ObservationSPLASCH-51"/></reference><name value="BSJ-ObservationSPLASCH-51"/><description value="An instance of SPLASCH Observation ObservationSPLASCH-51"/><exampleBoolean value="true"/><groupingId value="-ex-example"/></resource><resource><extension url="http://hl7.org/fhir/StructureDefinition/implementationguide-page"><valueUri value="Observation-BSJ-ObservationSPLASCH-52.html"/></extension><reference><reference value="Observation/BSJ-ObservationSPLASCH-52"/></reference><name value="BSJ-ObservationSPLASCH-52"/><description value="An instance of SPLASCH Observation ObservationSPLASCH-52"/><exampleBoolean value="true"/><groupingId value="-ex-example"/></resource><resource><extension url="http://hl7.org/fhir/StructureDefinition/implementationguide-page"><valueUri value="Observation-BSJ-ObservationSPLASCH-53.html"/></extension><reference><reference value="Observation/BSJ-ObservationSPLASCH-53"/></reference><name value="BSJ-ObservationSPLASCH-53"/><description value="An instance of SPLASCH Observation ObservationSPLASCH-53"/><exampleBoolean value="true"/><groupingId value="-ex-example"/></resource><resource><extension url="http://hl7.org/fhir/StructureDefinition/implementationguide-page"><valueUri value="Observation-BSJ-ObservationSPLASCH-54.html"/></extension><reference><reference value="Observation/BSJ-ObservationSPLASCH-54"/></reference><name value="BSJ-ObservationSPLASCH-54"/><description value="An instance of SPLASCH Observation ObservationSPLASCH-54"/><exampleBoolean value="true"/><groupingId value="-ex-example"/></resource><resource><extension url="http://hl7.org/fhir/StructureDefinition/implementationguide-page"><valueUri value="Observation-BSJ-ObservationSPLASCH-55.html"/></extension><reference><reference value="Observation/BSJ-ObservationSPLASCH-55"/></reference><name value="BSJ-ObservationSPLASCH-55"/><description value="An instance of SPLASCH Observation ObservationSPLASCH-55"/><exampleBoolean value="true"/><groupingId value="-ex-example"/></resource><resource><extension url="http://hl7.org/fhir/StructureDefinition/implementationguide-page"><valueUri value="Observation-BSJ-ObservationSPLASCH-56.html"/></extension><reference><reference value="Observation/BSJ-ObservationSPLASCH-56"/></reference><name value="BSJ-ObservationSPLASCH-56"/><description value="An instance of SPLASCH Observation ObservationSPLASCH-56"/><exampleBoolean value="true"/><groupingId value="-ex-example"/></resource><resource><extension url="http://hl7.org/fhir/StructureDefinition/implementationguide-page"><valueUri value="Observation-BSJ-ObservationSPLASCH-57.html"/></extension><reference><reference value="Observation/BSJ-ObservationSPLASCH-57"/></reference><name value="BSJ-ObservationSPLASCH-57"/><description value="An instance of SPLASCH Observation ObservationSPLASCH-57"/><exampleBoolean value="true"/><groupingId value="-ex-example"/></resource><resource><extension url="http://hl7.org/fhir/StructureDefinition/implementationguide-page"><valueUri value="Observation-BSJ-ObservationSPLASCH-58.html"/></extension><reference><reference value="Observation/BSJ-ObservationSPLASCH-58"/></reference><name value="BSJ-ObservationSPLASCH-58"/><description value="An instance of SPLASCH Observation ObservationSPLASCH-58"/><exampleBoolean value="true"/><groupingId value="-ex-example"/></resource><resource><extension url="http://hl7.org/fhir/StructureDefinition/implementationguide-page"><valueUri value="Observation-BSJ-ObservationSPLASCH-59.html"/></extension><reference><reference value="Observation/BSJ-ObservationSPLASCH-59"/></reference><name value="BSJ-ObservationSPLASCH-59"/><description value="An instance of SPLASCH Observation ObservationSPLASCH-59"/><exampleBoolean value="true"/><groupingId value="-ex-example"/></resource><resource><extension url="http://hl7.org/fhir/StructureDefinition/implementationguide-page"><valueUri value="Observation-BSJ-ObservationSPLASCH-60.html"/></extension><reference><reference value="Observation/BSJ-ObservationSPLASCH-60"/></reference><name value="BSJ-ObservationSPLASCH-60"/><description value="An instance of SPLASCH Observation ObservationSPLASCH-60"/><exampleBoolean value="true"/><groupingId value="-ex-example"/></resource><resource><extension url="http://hl7.org/fhir/StructureDefinition/implementationguide-page"><valueUri value="Observation-BSJ-ObservationSPLASCH-61.html"/></extension><reference><reference value="Observation/BSJ-ObservationSPLASCH-61"/></reference><name value="BSJ-ObservationSPLASCH-61"/><description value="An instance of SPLASCH Observation ObservationSPLASCH-61"/><exampleBoolean value="true"/><groupingId value="-ex-example"/></resource><resource><extension url="http://hl7.org/fhir/StructureDefinition/implementationguide-page"><valueUri value="Observation-BSJ-ObservationSPLASCH-62.html"/></extension><reference><reference value="Observation/BSJ-ObservationSPLASCH-62"/></reference><name value="BSJ-ObservationSPLASCH-62"/><description value="An instance of SPLASCH Observation ObservationSPLASCH-62"/><exampleBoolean value="true"/><groupingId value="-ex-example"/></resource><resource><extension url="http://hl7.org/fhir/StructureDefinition/implementationguide-page"><valueUri value="Observation-BSJ-ObservationSPLASCH-63.html"/></extension><reference><reference value="Observation/BSJ-ObservationSPLASCH-63"/></reference><name value="BSJ-ObservationSPLASCH-63"/><description value="An instance of SPLASCH Observation ObservationSPLASCH-63"/><exampleBoolean value="true"/><groupingId value="-ex-example"/></resource><resource><extension url="http://hl7.org/fhir/StructureDefinition/implementationguide-page"><valueUri value="Observation-BSJ-ObservationSPLASCH-64.html"/></extension><reference><reference value="Observation/BSJ-ObservationSPLASCH-64"/></reference><name value="BSJ-ObservationSPLASCH-64"/><description value="An instance of SPLASCH Observation ObservationSPLASCH-64"/><exampleBoolean value="true"/><groupingId value="-ex-example"/></resource><resource><extension url="http://hl7.org/fhir/StructureDefinition/implementationguide-page"><valueUri value="Observation-BSJ-ObservationSPLASCH-65.html"/></extension><reference><reference value="Observation/BSJ-ObservationSPLASCH-65"/></reference><name value="BSJ-ObservationSPLASCH-65"/><description value="An instance of SPLASCH Observation ObservationSPLASCH-65"/><exampleBoolean value="true"/><groupingId value="-ex-example"/></resource><resource><extension url="http://hl7.org/fhir/StructureDefinition/implementationguide-page"><valueUri value="Observation-BSJ-ObservationSPLASCH-66.html"/></extension><reference><reference value="Observation/BSJ-ObservationSPLASCH-66"/></reference><name value="BSJ-ObservationSPLASCH-66"/><description value="An instance of SPLASCH Observation ObservationSPLASCH-66"/><exampleBoolean value="true"/><groupingId value="-ex-example"/></resource><resource><extension url="http://hl7.org/fhir/StructureDefinition/implementationguide-page"><valueUri value="Observation-BSJ-ObservationSPLASCH-67.html"/></extension><reference><reference value="Observation/BSJ-ObservationSPLASCH-67"/></reference><name value="BSJ-ObservationSPLASCH-67"/><description value="An instance of SPLASCH Observation ObservationSPLASCH-67"/><exampleBoolean value="true"/><groupingId value="-ex-example"/></resource><resource><extension url="http://hl7.org/fhir/StructureDefinition/implementationguide-page"><valueUri value="Observation-BSJ-ObservationSPLASCH-68.html"/></extension><reference><reference value="Observation/BSJ-ObservationSPLASCH-68"/></reference><name value="BSJ-ObservationSPLASCH-68"/><description value="An instance of SPLASCH Observation ObservationSPLASCH-68"/><exampleBoolean value="true"/><groupingId value="-ex-example"/></resource><resource><extension url="http://hl7.org/fhir/StructureDefinition/implementationguide-page"><valueUri value="Observation-BSJ-ObservationSPLASCH-69.html"/></extension><reference><reference value="Observation/BSJ-ObservationSPLASCH-69"/></reference><name value="BSJ-ObservationSPLASCH-69"/><description value="An instance of SPLASCH Observation ObservationSPLASCH-69"/><exampleBoolean value="true"/><groupingId value="-ex-example"/></resource><resource><extension url="http://hl7.org/fhir/StructureDefinition/implementationguide-page"><valueUri value="Observation-BSJ-ObservationSPLASCH-70.html"/></extension><reference><reference value="Observation/BSJ-ObservationSPLASCH-70"/></reference><name value="BSJ-ObservationSPLASCH-70"/><description value="An instance of SPLASCH Observation ObservationSPLASCH-70"/><exampleBoolean value="true"/><groupingId value="-ex-example"/></resource><resource><extension url="http://hl7.org/fhir/StructureDefinition/implementationguide-page"><valueUri value="Observation-BSJ-ObservationSPLASCH-71.html"/></extension><reference><reference value="Observation/BSJ-ObservationSPLASCH-71"/></reference><name value="BSJ-ObservationSPLASCH-71"/><description value="An instance of SPLASCH Observation ObservationSPLASCH-71"/><exampleBoolean value="true"/><groupingId value="-ex-example"/></resource><resource><extension url="http://hl7.org/fhir/StructureDefinition/implementationguide-page"><valueUri value="Observation-BSJ-ObservationSPLASCH-72.html"/></extension><reference><reference value="Observation/BSJ-ObservationSPLASCH-72"/></reference><name value="BSJ-ObservationSPLASCH-72"/><description value="An instance of SPLASCH Observation ObservationSPLASCH-72"/><exampleBoolean value="true"/><groupingId value="-ex-example"/></resource><resource><extension url="http://hl7.org/fhir/StructureDefinition/implementationguide-page"><valueUri value="Observation-BSJ-ObservationSPLASCH-73.html"/></extension><reference><reference value="Observation/BSJ-ObservationSPLASCH-73"/></reference><name value="BSJ-ObservationSPLASCH-73"/><description value="An instance of SPLASCH Observation ObservationSPLASCH-73"/><exampleBoolean value="true"/><groupingId value="-ex-example"/></resource><resource><extension url="http://hl7.org/fhir/StructureDefinition/implementationguide-page"><valueUri value="Observation-BSJ-ObservationSPLASCH-74.html"/></extension><reference><reference value="Observation/BSJ-ObservationSPLASCH-74"/></reference><name value="BSJ-ObservationSPLASCH-74"/><description value="An instance of SPLASCH Observation ObservationSPLASCH-74"/><exampleBoolean value="true"/><groupingId value="-ex-example"/></resource><resource><extension url="http://hl7.org/fhir/StructureDefinition/implementationguide-page"><valueUri value="Observation-BSJ-ObservationSPLASCH-75.html"/></extension><reference><reference value="Observation/BSJ-ObservationSPLASCH-75"/></reference><name value="BSJ-ObservationSPLASCH-75"/><description value="An instance of SPLASCH Observation ObservationSPLASCH-75"/><exampleBoolean value="true"/><groupingId value="-ex-example"/></resource><resource><extension url="http://hl7.org/fhir/StructureDefinition/implementationguide-page"><valueUri value="Observation-BSJ-ObservationSPLASCH-76.html"/></extension><reference><reference value="Observation/BSJ-ObservationSPLASCH-76"/></reference><name value="BSJ-ObservationSPLASCH-76"/><description value="An instance of SPLASCH Observation ObservationSPLASCH-76"/><exampleBoolean value="true"/><groupingId value="-ex-example"/></resource><resource><extension url="http://hl7.org/fhir/StructureDefinition/implementationguide-page"><valueUri value="Observation-BSJ-ObservationSPLASCH-77.html"/></extension><reference><reference value="Observation/BSJ-ObservationSPLASCH-77"/></reference><name value="BSJ-ObservationSPLASCH-77"/><description value="An instance of SPLASCH Observation ObservationSPLASCH-77"/><exampleBoolean value="true"/><groupingId value="-ex-example"/></resource><resource><extension url="http://hl7.org/fhir/StructureDefinition/implementationguide-page"><valueUri value="Observation-BSJ-ObservationSPLASCH-78.html"/></extension><reference><reference value="Observation/BSJ-ObservationSPLASCH-78"/></reference><name value="BSJ-ObservationSPLASCH-78"/><description value="An instance of SPLASCH Observation ObservationSPLASCH-78"/><exampleBoolean value="true"/><groupingId value="-ex-example"/></resource><resource><extension url="http://hl7.org/fhir/StructureDefinition/implementationguide-page"><valueUri value="Observation-BSJ-ObservationSPLASCH-79.html"/></extension><reference><reference value="Observation/BSJ-ObservationSPLASCH-79"/></reference><name value="BSJ-ObservationSPLASCH-79"/><description value="An instance of SPLASCH Observation ObservationSPLASCH-79"/><exampleBoolean value="true"/><groupingId value="-ex-example"/></resource><resource><extension url="http://hl7.org/fhir/StructureDefinition/implementationguide-page"><valueUri value="Observation-BSJ-ObservationSPLASCH-80.html"/></extension><reference><reference value="Observation/BSJ-ObservationSPLASCH-80"/></reference><name value="BSJ-ObservationSPLASCH-80"/><description value="An instance of SPLASCH Observation ObservationSPLASCH-80"/><exampleBoolean value="true"/><groupingId value="-ex-example"/></resource><resource><extension url="http://hl7.org/fhir/StructureDefinition/implementationguide-page"><valueUri value="Observation-BSJ-ObservationSPLASCH-81.html"/></extension><reference><reference value="Observation/BSJ-ObservationSPLASCH-81"/></reference><name value="BSJ-ObservationSPLASCH-81"/><description value="An instance of SPLASCH Observation ObservationSPLASCH-81"/><exampleBoolean value="true"/><groupingId value="-ex-example"/></resource><resource><extension url="http://hl7.org/fhir/StructureDefinition/implementationguide-page"><valueUri value="Observation-BSJ-ObservationSPLASCH-82.html"/></extension><reference><reference value="Observation/BSJ-ObservationSPLASCH-82"/></reference><name value="BSJ-ObservationSPLASCH-82"/><description value="An instance of SPLASCH Observation ObservationSPLASCH-82"/><exampleBoolean value="true"/><groupingId value="-ex-example"/></resource><resource><extension url="http://hl7.org/fhir/StructureDefinition/implementationguide-page"><valueUri value="Observation-BSJ-ObservationSPLASCH-83.html"/></extension><reference><reference value="Observation/BSJ-ObservationSPLASCH-83"/></reference><name value="BSJ-ObservationSPLASCH-83"/><description value="An instance of SPLASCH Observation ObservationSPLASCH-83"/><exampleBoolean value="true"/><groupingId value="-ex-example"/></resource><resource><extension url="http://hl7.org/fhir/StructureDefinition/implementationguide-page"><valueUri value="Observation-BSJ-ObservationSPLASCH-84.html"/></extension><reference><reference value="Observation/BSJ-ObservationSPLASCH-84"/></reference><name value="BSJ-ObservationSPLASCH-84"/><description value="An instance of SPLASCH Observation ObservationSPLASCH-84"/><exampleBoolean value="true"/><groupingId value="-ex-example"/></resource><resource><extension url="http://hl7.org/fhir/StructureDefinition/implementationguide-page"><valueUri value="Observation-BSJ-ObservationSPLASCH-85.html"/></extension><reference><reference value="Observation/BSJ-ObservationSPLASCH-85"/></reference><name value="BSJ-ObservationSPLASCH-85"/><description value="An instance of SPLASCH Observation ObservationSPLASCH-85"/><exampleBoolean value="true"/><groupingId value="-ex-example"/></resource><resource><extension url="http://hl7.org/fhir/StructureDefinition/implementationguide-page"><valueUri value="Observation-BSJ-ObservationSPLASCH-86.html"/></extension><reference><reference value="Observation/BSJ-ObservationSPLASCH-86"/></reference><name value="BSJ-ObservationSPLASCH-86"/><description value="An instance of SPLASCH Observation ObservationSPLASCH-86"/><exampleBoolean value="true"/><groupingId value="-ex-example"/></resource><resource><extension url="http://hl7.org/fhir/StructureDefinition/implementationguide-page"><valueUri value="Observation-BSJ-ObservationSPLASCH-87.html"/></extension><reference><reference value="Observation/BSJ-ObservationSPLASCH-87"/></reference><name value="BSJ-ObservationSPLASCH-87"/><description value="An instance of SPLASCH Observation ObservationSPLASCH-87"/><exampleBoolean value="true"/><groupingId value="-ex-example"/></resource><resource><extension url="http://hl7.org/fhir/StructureDefinition/implementationguide-page"><valueUri value="Observation-BSJ-ObservationSPLASCH-88.html"/></extension><reference><reference value="Observation/BSJ-ObservationSPLASCH-88"/></reference><name value="BSJ-ObservationSPLASCH-88"/><description value="An instance of SPLASCH Observation ObservationSPLASCH-88"/><exampleBoolean value="true"/><groupingId value="-ex-example"/></resource><resource><extension url="http://hl7.org/fhir/StructureDefinition/implementationguide-page"><valueUri value="Observation-BSJ-ObservationSPLASCH-89.html"/></extension><reference><reference value="Observation/BSJ-ObservationSPLASCH-89"/></reference><name value="BSJ-ObservationSPLASCH-89"/><description value="An instance of SPLASCH Observation ObservationSPLASCH-89"/><exampleBoolean value="true"/><groupingId value="-ex-example"/></resource><resource><extension url="http://hl7.org/fhir/StructureDefinition/implementationguide-page"><valueUri value="Observation-BSJ-ObservationSPLASCH-90.html"/></extension><reference><reference value="Observation/BSJ-ObservationSPLASCH-90"/></reference><name value="BSJ-ObservationSPLASCH-90"/><description value="An instance of SPLASCH Observation ObservationSPLASCH-90"/><exampleBoolean value="true"/><groupingId value="-ex-example"/></resource><resource><extension url="http://hl7.org/fhir/StructureDefinition/implementationguide-page"><valueUri value="Observation-BSJ-ObservationSPLASCH-91.html"/></extension><reference><reference value="Observation/BSJ-ObservationSPLASCH-91"/></reference><name value="BSJ-ObservationSPLASCH-91"/><description value="An instance of SPLASCH Observation ObservationSPLASCH-91"/><exampleBoolean value="true"/><groupingId value="-ex-example"/></resource><resource><extension url="http://hl7.org/fhir/StructureDefinition/implementationguide-page"><valueUri value="Observation-BSJ-ObservationSPLASCH-92.html"/></extension><reference><reference value="Observation/BSJ-ObservationSPLASCH-92"/></reference><name value="BSJ-ObservationSPLASCH-92"/><description value="An instance of SPLASCH Observation ObservationSPLASCH-92"/><exampleBoolean value="true"/><groupingId value="-ex-example"/></resource><resource><extension url="http://hl7.org/fhir/StructureDefinition/implementationguide-page"><valueUri value="Observation-BSJ-ObservationSPLASCH-93.html"/></extension><reference><reference value="Observation/BSJ-ObservationSPLASCH-93"/></reference><name value="BSJ-ObservationSPLASCH-93"/><description value="An instance of SPLASCH Observation ObservationSPLASCH-93"/><exampleBoolean value="true"/><groupingId value="-ex-example"/></resource><resource><extension url="http://hl7.org/fhir/StructureDefinition/implementationguide-page"><valueUri value="Observation-BSJ-ObservationSPLASCH-94.html"/></extension><reference><reference value="Observation/BSJ-ObservationSPLASCH-94"/></reference><name value="BSJ-ObservationSPLASCH-94"/><description value="An instance of SPLASCH Observation ObservationSPLASCH-94"/><exampleBoolean value="true"/><groupingId value="-ex-example"/></resource><resource><extension url="http://hl7.org/fhir/StructureDefinition/implementationguide-page"><valueUri value="Observation-BSJ-ObservationSPLASCH-95.html"/></extension><reference><reference value="Observation/BSJ-ObservationSPLASCH-95"/></reference><name value="BSJ-ObservationSPLASCH-95"/><description value="An instance of SPLASCH Observation ObservationSPLASCH-95"/><exampleBoolean value="true"/><groupingId value="-ex-example"/></resource><resource><extension url="http://hl7.org/fhir/StructureDefinition/implementationguide-page"><valueUri value="Observation-BSJ-ObservationSPLASCH-96.html"/></extension><reference><reference value="Observation/BSJ-ObservationSPLASCH-96"/></reference><name value="BSJ-ObservationSPLASCH-96"/><description value="An instance of SPLASCH Observation ObservationSPLASCH-96"/><exampleBoolean value="true"/><groupingId value="-ex-example"/></resource><resource><extension url="http://hl7.org/fhir/StructureDefinition/implementationguide-page"><valueUri value="Patient-BSJ-patientBSJ1.html"/></extension><reference><reference value="Patient/BSJ-patientBSJ1"/></reference><name value="BSJ-patientBSJ1"/><description value="An instance of USCorePatientProfile"/><exampleBoolean value="true"/><groupingId value="-ex-example"/></resource><resource><extension url="http://hl7.org/fhir/StructureDefinition/implementationguide-page"><valueUri value="Practitioner-Practitioner-AndyLavande.html"/></extension><reference><reference value="Practitioner/Practitioner-AndyLavande"/></reference><name value="Practitioner-AndyLavande"/><description value="An instance of Practitioner"/><exampleBoolean value="true"/><groupingId value="-ex-example"/></resource><resource><extension url="http://hl7.org/fhir/StructureDefinition/implementationguide-page"><valueUri value="Practitioner-Practitioner-HarryPutter.html"/></extension><reference><reference value="Practitioner/Practitioner-HarryPutter"/></reference><name value="Practitioner-HarryPutter"/><description value="An instance of Practitioner"/><exampleBoolean value="true"/><groupingId value="-ex-example"/></resource><resource><extension url="http://hl7.org/fhir/StructureDefinition/implementationguide-page"><valueUri value="Practitioner-Practitioner-HoneyJones.html"/></extension><reference><reference value="Practitioner/Practitioner-HoneyJones"/></reference><name value="Practitioner-HoneyJones"/><description value="An instance of Practitioner"/><exampleBoolean value="true"/><groupingId value="-ex-example"/></resource><resource><extension url="http://hl7.org/fhir/StructureDefinition/implementationguide-page"><valueUri value="Practitioner-Practitioner-JenniferWhite.html"/></extension><reference><reference value="Practitioner/Practitioner-JenniferWhite"/></reference><name value="Practitioner-JenniferWhite"/><description value="An instance of Practitioner"/><exampleBoolean value="true"/><groupingId value="-ex-example"/></resource><resource><extension url="http://hl7.org/fhir/StructureDefinition/implementationguide-page"><valueUri value="Practitioner-Practitioner-JennyGrant.html"/></extension><reference><reference value="Practitioner/Practitioner-JennyGrant"/></reference><name value="Practitioner-JennyGrant"/><description value="An instance of Practitioner"/><exampleBoolean value="true"/><groupingId value="-ex-example"/></resource><resource><extension url="http://hl7.org/fhir/StructureDefinition/implementationguide-page"><valueUri value="Practitioner-Practitioner-JohnSmith.html"/></extension><reference><reference value="Practitioner/Practitioner-JohnSmith"/></reference><name value="Practitioner-JohnSmith"/><description value="An instance of Practitioner"/><exampleBoolean value="true"/><groupingId value="-ex-example"/></resource><resource><extension url="http://hl7.org/fhir/StructureDefinition/implementationguide-page"><valueUri value="Practitioner-Practitioner-LaylaRobbins.html"/></extension><reference><reference value="Practitioner/Practitioner-LaylaRobbins"/></reference><name value="Practitioner-LaylaRobbins"/><description value="An instance of Practitioner"/><exampleBoolean value="true"/><groupingId value="-ex-example"/></resource><resource><extension url="http://hl7.org/fhir/StructureDefinition/implementationguide-page"><valueUri value="Practitioner-Practitioner-LunaBaskins.html"/></extension><reference><reference value="Practitioner/Practitioner-LunaBaskins"/></reference><name value="Practitioner-LunaBaskins"/><description value="An instance of Practitioner"/><exampleBoolean value="true"/><groupingId value="-ex-example"/></resource><resource><extension url="http://hl7.org/fhir/StructureDefinition/implementationguide-page"><valueUri value="Practitioner-Practitioner-NoraOlogist.html"/></extension><reference><reference value="Practitioner/Practitioner-NoraOlogist"/></reference><name value="Practitioner-NoraOlogist"/><description value="An instance of Practitioner"/><exampleBoolean value="true"/><groupingId value="-ex-example"/></resource><resource><extension url="http://hl7.org/fhir/StructureDefinition/implementationguide-page"><valueUri value="Practitioner-Practitioner-ShaunLongbottom.html"/></extension><reference><reference value="Practitioner/Practitioner-ShaunLongbottom"/></reference><name value="Practitioner-ShaunLongbottom"/><description value="An instance of Practitioner"/><exampleBoolean value="true"/><groupingId value="-ex-example"/></resource><page><nameUrl value="toc.html"/><title value="Table of Contents"/><generation value="html"/><page><nameUrl value="index.html"/><title value="Home"/><generation value="markdown"/></page><page><nameUrl value="downloads.html"/><title value="Downloads"/><generation value="markdown"/></page><page><nameUrl value="artifacts.html"/><title value="Artifacts Summary"/><generation value="html"/><page><nameUrl value="StructureDefinition-splasch-SpokenLanguageComprehensionObservation.html"/><title value="Spoken Language Comprehension Observation"/><generation value="generated"/></page><page><nameUrl value="StructureDefinition-splasch-SpokenLanguageExpressionObservation.html"/><title value="Spoken Language Expression Observation"/><generation value="generated"/></page><page><nameUrl value="StructureDefinition-splasch-SwallowingObservation.html"/><title value="Swallowing Observation"/><generation value="generated"/></page><page><nameUrl value="ValueSet-SPLASCHCaloriePercentageTypeObservationVS.html"/><title value="Calorie Percentage Type Observation"/><generation value="generated"/></page><page><nameUrl value="ValueSet-SPLASCHFrequencyObservationVS.html"/><title value="SPLASCH Frequency Observation Values"/><generation value="generated"/></page><page><nameUrl value="ValueSet-SPLASCHFrequencyTypeObservationVS.html"/><title value="Frequency Type Observation"/><generation value="generated"/></page><page><nameUrl value="ValueSet-SPLASCHLiquidDietModifierTypeObservationVS.html"/><title value="Liquid Diet Modifier Type Observation"/><generation value="generated"/></page><page><nameUrl value="ValueSet-SPLASCHObservationCategoryVS.html"/><title value="SPLASCH Observation Category"/><generation value="generated"/></page><page><nameUrl value="ValueSet-SPLASCHSolidDietModifierTypeObservationVS.html"/><title value="Solid Diet Modifier Type Observation"/><generation value="generated"/></page><page><nameUrl value="ValueSet-SPLASCHSpeechComprehensionObservationVS.html"/><title value="Speech Comprehension Observation"/><generation value="generated"/></page><page><nameUrl value="ValueSet-SPLASCHSpeechExpressionObservationVS.html"/><title value="Speech Expression Observation"/><generation value="generated"/></page><page><nameUrl value="ValueSet-SPLASCHSwallowingObservationVS.html"/><title value="Swallowing Observation"/><generation value="generated"/></page><page><nameUrl value="ValueSet-SPLASCHSwallowingObservationValueVS.html"/><title value="Swallowing Observation Value"/><generation value="generated"/></page><page><nameUrl value="CodeSystem-SPLASCHCaloriePercentageCategoryCS.html"/><title value="Observation Value Calorie Percentage Category Codes"/><generation value="generated"/></page><page><nameUrl value="CodeSystem-SPLASCHLiquidDietCS.html"/><title value="Observation Value Liquid Diet Codes"/><generation value="generated"/></page><page><nameUrl value="CodeSystem-SPLASCHObservationCategoryCS.html"/><title value="SPLASCH Observation Category Codes"/><generation value="generated"/></page><page><nameUrl value="CodeSystem-SPLASCHSolidDietCS.html"/><title value="Observation Value Solid Diet Codes"/><generation value="generated"/></page><page><nameUrl value="CodeSystem-SPLASCHSpeechComprehensionObservationCS.html"/><title value="Speech Comprehension Observation Codes"/><generation value="generated"/></page><page><nameUrl value="CodeSystem-SPLASCHSpeechExpressionObservationCS.html"/><title value="Speech Expression Observation Codes"/><generation value="generated"/></page><page><nameUrl value="CodeSystem-SPLASCHSwallowingObservationCS.html"/><title value="Swallowing Observation Codes"/><generation value="generated"/></page><page><nameUrl value="CodeSystem-SPLASCHTimePercentageCategoryCS.html"/><title value="Observation Value Time Percentage Category Codes"/><generation value="generated"/></page><page><nameUrl value="Observation-BSJ-ObservationSPLASCH-01.html"/><title value="BSJ-ObservationSPLASCH-01"/><generation value="generated"/></page><page><nameUrl value="Observation-BSJ-ObservationSPLASCH-02.html"/><title value="BSJ-ObservationSPLASCH-02"/><generation value="generated"/></page><page><nameUrl value="Observation-BSJ-ObservationSPLASCH-03.html"/><title value="BSJ-ObservationSPLASCH-03"/><generation value="generated"/></page><page><nameUrl value="Observation-BSJ-ObservationSPLASCH-04.html"/><title value="BSJ-ObservationSPLASCH-04"/><generation value="generated"/></page><page><nameUrl value="Observation-BSJ-ObservationSPLASCH-05.html"/><title value="BSJ-ObservationSPLASCH-05"/><generation value="generated"/></page><page><nameUrl value="Observation-BSJ-ObservationSPLASCH-06.html"/><title value="BSJ-ObservationSPLASCH-06"/><generation value="generated"/></page><page><nameUrl value="Observation-BSJ-ObservationSPLASCH-07.html"/><title value="BSJ-ObservationSPLASCH-07"/><generation value="generated"/></page><page><nameUrl value="Observation-BSJ-ObservationSPLASCH-08.html"/><title value="BSJ-ObservationSPLASCH-08"/><generation value="generated"/></page><page><nameUrl value="Observation-BSJ-ObservationSPLASCH-09.html"/><title value="BSJ-ObservationSPLASCH-09"/><generation value="generated"/></page><page><nameUrl value="Observation-BSJ-ObservationSPLASCH-10.html"/><title value="BSJ-ObservationSPLASCH-10"/><generation value="generated"/></page><page><nameUrl value="Observation-BSJ-ObservationSPLASCH-11.html"/><title value="BSJ-ObservationSPLASCH-11"/><generation value="generated"/></page><page><nameUrl value="Observation-BSJ-ObservationSPLASCH-12.html"/><title value="BSJ-ObservationSPLASCH-12"/><generation value="generated"/></page><page><nameUrl value="Observation-BSJ-ObservationSPLASCH-13.html"/><title value="BSJ-ObservationSPLASCH-13"/><generation value="generated"/></page><page><nameUrl value="Observation-BSJ-ObservationSPLASCH-14.html"/><title value="BSJ-ObservationSPLASCH-14"/><generation value="generated"/></page><page><nameUrl value="Observation-BSJ-ObservationSPLASCH-15.html"/><title value="BSJ-ObservationSPLASCH-15"/><generation value="generated"/></page><page><nameUrl value="Observation-BSJ-ObservationSPLASCH-16.html"/><title value="BSJ-ObservationSPLASCH-16"/><generation value="generated"/></page><page><nameUrl value="Observation-BSJ-ObservationSPLASCH-17.html"/><title value="BSJ-ObservationSPLASCH-17"/><generation value="generated"/></page><page><nameUrl value="Observation-BSJ-ObservationSPLASCH-18.html"/><title value="BSJ-ObservationSPLASCH-18"/><generation value="generated"/></page><page><nameUrl value="Observation-BSJ-ObservationSPLASCH-19.html"/><title value="BSJ-ObservationSPLASCH-19"/><generation value="generated"/></page><page><nameUrl value="Observation-BSJ-ObservationSPLASCH-20.html"/><title value="BSJ-ObservationSPLASCH-20"/><generation value="generated"/></page><page><nameUrl value="Observation-BSJ-ObservationSPLASCH-21.html"/><title value="BSJ-ObservationSPLASCH-21"/><generation value="generated"/></page><page><nameUrl value="Observation-BSJ-ObservationSPLASCH-22.html"/><title value="BSJ-ObservationSPLASCH-22"/><generation value="generated"/></page><page><nameUrl value="Observation-BSJ-ObservationSPLASCH-23.html"/><title value="BSJ-ObservationSPLASCH-23"/><generation value="generated"/></page><page><nameUrl value="Observation-BSJ-ObservationSPLASCH-24.html"/><title value="BSJ-ObservationSPLASCH-24"/><generation value="generated"/></page><page><nameUrl value="Observation-BSJ-ObservationSPLASCH-25.html"/><title value="BSJ-ObservationSPLASCH-25"/><generation value="generated"/></page><page><nameUrl value="Observation-BSJ-ObservationSPLASCH-26.html"/><title value="BSJ-ObservationSPLASCH-26"/><generation value="generated"/></page><page><nameUrl value="Observation-BSJ-ObservationSPLASCH-27.html"/><title value="BSJ-ObservationSPLASCH-27"/><generation value="generated"/></page><page><nameUrl value="Observation-BSJ-ObservationSPLASCH-28.html"/><title value="BSJ-ObservationSPLASCH-28"/><generation value="generated"/></page><page><nameUrl value="Observation-BSJ-ObservationSPLASCH-29.html"/><title value="BSJ-ObservationSPLASCH-29"/><generation value="generated"/></page><page><nameUrl value="Observation-BSJ-ObservationSPLASCH-30.html"/><title value="BSJ-ObservationSPLASCH-30"/><generation value="generated"/></page><page><nameUrl value="Observation-BSJ-ObservationSPLASCH-31.html"/><title value="BSJ-ObservationSPLASCH-31"/><generation value="generated"/></page><page><nameUrl value="Observation-BSJ-ObservationSPLASCH-32.html"/><title value="BSJ-ObservationSPLASCH-32"/><generation value="generated"/></page><page><nameUrl value="Observation-BSJ-ObservationSPLASCH-33.html"/><title value="BSJ-ObservationSPLASCH-33"/><generation value="generated"/></page><page><nameUrl value="Observation-BSJ-ObservationSPLASCH-34.html"/><title value="BSJ-ObservationSPLASCH-34"/><generation value="generated"/></page><page><nameUrl value="Observation-BSJ-ObservationSPLASCH-35.html"/><title value="BSJ-ObservationSPLASCH-35"/><generation value="generated"/></page><page><nameUrl value="Observation-BSJ-ObservationSPLASCH-36.html"/><title value="BSJ-ObservationSPLASCH-36"/><generation value="generated"/></page><page><nameUrl value="Observation-BSJ-ObservationSPLASCH-37.html"/><title value="BSJ-ObservationSPLASCH-37"/><generation value="generated"/></page><page><nameUrl value="Observation-BSJ-ObservationSPLASCH-38.html"/><title value="BSJ-ObservationSPLASCH-38"/><generation value="generated"/></page><page><nameUrl value="Observation-BSJ-ObservationSPLASCH-39.html"/><title value="BSJ-ObservationSPLASCH-39"/><generation value="generated"/></page><page><nameUrl value="Observation-BSJ-ObservationSPLASCH-40.html"/><title value="BSJ-ObservationSPLASCH-40"/><generation value="generated"/></page><page><nameUrl value="Observation-BSJ-ObservationSPLASCH-41.html"/><title value="BSJ-ObservationSPLASCH-41"/><generation value="generated"/></page><page><nameUrl value="Observation-BSJ-ObservationSPLASCH-42.html"/><title value="BSJ-ObservationSPLASCH-42"/><generation value="generated"/></page><page><nameUrl value="Observation-BSJ-ObservationSPLASCH-43.html"/><title value="BSJ-ObservationSPLASCH-43"/><generation value="generated"/></page><page><nameUrl value="Observation-BSJ-ObservationSPLASCH-44.html"/><title value="BSJ-ObservationSPLASCH-44"/><generation value="generated"/></page><page><nameUrl value="Observation-BSJ-ObservationSPLASCH-45.html"/><title value="BSJ-ObservationSPLASCH-45"/><generation value="generated"/></page><page><nameUrl value="Observation-BSJ-ObservationSPLASCH-46.html"/><title value="BSJ-ObservationSPLASCH-46"/><generation value="generated"/></page><page><nameUrl value="Observation-BSJ-ObservationSPLASCH-47.html"/><title value="BSJ-ObservationSPLASCH-47"/><generation value="generated"/></page><page><nameUrl value="Observation-BSJ-ObservationSPLASCH-48.html"/><title value="BSJ-ObservationSPLASCH-48"/><generation value="generated"/></page><page><nameUrl value="Observation-BSJ-ObservationSPLASCH-49.html"/><title value="BSJ-ObservationSPLASCH-49"/><generation value="generated"/></page><page><nameUrl value="Observation-BSJ-ObservationSPLASCH-50.html"/><title value="BSJ-ObservationSPLASCH-50"/><generation value="generated"/></page><page><nameUrl value="Observation-BSJ-ObservationSPLASCH-51.html"/><title value="BSJ-ObservationSPLASCH-51"/><generation value="generated"/></page><page><nameUrl value="Observation-BSJ-ObservationSPLASCH-52.html"/><title value="BSJ-ObservationSPLASCH-52"/><generation value="generated"/></page><page><nameUrl value="Observation-BSJ-ObservationSPLASCH-53.html"/><title value="BSJ-ObservationSPLASCH-53"/><generation value="generated"/></page><page><nameUrl value="Observation-BSJ-ObservationSPLASCH-54.html"/><title value="BSJ-ObservationSPLASCH-54"/><generation value="generated"/></page><page><nameUrl value="Observation-BSJ-ObservationSPLASCH-55.html"/><title value="BSJ-ObservationSPLASCH-55"/><generation value="generated"/></page><page><nameUrl value="Observation-BSJ-ObservationSPLASCH-56.html"/><title value="BSJ-ObservationSPLASCH-56"/><generation value="generated"/></page><page><nameUrl value="Observation-BSJ-ObservationSPLASCH-57.html"/><title value="BSJ-ObservationSPLASCH-57"/><generation value="generated"/></page><page><nameUrl value="Observation-BSJ-ObservationSPLASCH-58.html"/><title value="BSJ-ObservationSPLASCH-58"/><generation value="generated"/></page><page><nameUrl value="Observation-BSJ-ObservationSPLASCH-59.html"/><title value="BSJ-ObservationSPLASCH-59"/><generation value="generated"/></page><page><nameUrl value="Observation-BSJ-ObservationSPLASCH-60.html"/><title value="BSJ-ObservationSPLASCH-60"/><generation value="generated"/></page><page><nameUrl value="Observation-BSJ-ObservationSPLASCH-61.html"/><title value="BSJ-ObservationSPLASCH-61"/><generation value="generated"/></page><page><nameUrl value="Observation-BSJ-ObservationSPLASCH-62.html"/><title value="BSJ-ObservationSPLASCH-62"/><generation value="generated"/></page><page><nameUrl value="Observation-BSJ-ObservationSPLASCH-63.html"/><title value="BSJ-ObservationSPLASCH-63"/><generation value="generated"/></page><page><nameUrl value="Observation-BSJ-ObservationSPLASCH-64.html"/><title value="BSJ-ObservationSPLASCH-64"/><generation value="generated"/></page><page><nameUrl value="Observation-BSJ-ObservationSPLASCH-65.html"/><title value="BSJ-ObservationSPLASCH-65"/><generation value="generated"/></page><page><nameUrl value="Observation-BSJ-ObservationSPLASCH-66.html"/><title value="BSJ-ObservationSPLASCH-66"/><generation value="generated"/></page><page><nameUrl value="Observation-BSJ-ObservationSPLASCH-67.html"/><title value="BSJ-ObservationSPLASCH-67"/><generation value="generated"/></page><page><nameUrl value="Observation-BSJ-ObservationSPLASCH-68.html"/><title value="BSJ-ObservationSPLASCH-68"/><generation value="generated"/></page><page><nameUrl value="Observation-BSJ-ObservationSPLASCH-69.html"/><title value="BSJ-ObservationSPLASCH-69"/><generation value="generated"/></page><page><nameUrl value="Observation-BSJ-ObservationSPLASCH-70.html"/><title value="BSJ-ObservationSPLASCH-70"/><generation value="generated"/></page><page><nameUrl value="Observation-BSJ-ObservationSPLASCH-71.html"/><title value="BSJ-ObservationSPLASCH-71"/><generation value="generated"/></page><page><nameUrl value="Observation-BSJ-ObservationSPLASCH-72.html"/><title value="BSJ-ObservationSPLASCH-72"/><generation value="generated"/></page><page><nameUrl value="Observation-BSJ-ObservationSPLASCH-73.html"/><title value="BSJ-ObservationSPLASCH-73"/><generation value="generated"/></page><page><nameUrl value="Observation-BSJ-ObservationSPLASCH-74.html"/><title value="BSJ-ObservationSPLASCH-74"/><generation value="generated"/></page><page><nameUrl value="Observation-BSJ-ObservationSPLASCH-75.html"/><title value="BSJ-ObservationSPLASCH-75"/><generation value="generated"/></page><page><nameUrl value="Observation-BSJ-ObservationSPLASCH-76.html"/><title value="BSJ-ObservationSPLASCH-76"/><generation value="generated"/></page><page><nameUrl value="Observation-BSJ-ObservationSPLASCH-77.html"/><title value="BSJ-ObservationSPLASCH-77"/><generation value="generated"/></page><page><nameUrl value="Observation-BSJ-ObservationSPLASCH-78.html"/><title value="BSJ-ObservationSPLASCH-78"/><generation value="generated"/></page><page><nameUrl value="Observation-BSJ-ObservationSPLASCH-79.html"/><title value="BSJ-ObservationSPLASCH-79"/><generation value="generated"/></page><page><nameUrl value="Observation-BSJ-ObservationSPLASCH-80.html"/><title value="BSJ-ObservationSPLASCH-80"/><generation value="generated"/></page><page><nameUrl value="Observation-BSJ-ObservationSPLASCH-81.html"/><title value="BSJ-ObservationSPLASCH-81"/><generation value="generated"/></page><page><nameUrl value="Observation-BSJ-ObservationSPLASCH-82.html"/><title value="BSJ-ObservationSPLASCH-82"/><generation value="generated"/></page><page><nameUrl value="Observation-BSJ-ObservationSPLASCH-83.html"/><title value="BSJ-ObservationSPLASCH-83"/><generation value="generated"/></page><page><nameUrl value="Observation-BSJ-ObservationSPLASCH-84.html"/><title value="BSJ-ObservationSPLASCH-84"/><generation value="generated"/></page><page><nameUrl value="Observation-BSJ-ObservationSPLASCH-85.html"/><title value="BSJ-ObservationSPLASCH-85"/><generation value="generated"/></page><page><nameUrl value="Observation-BSJ-ObservationSPLASCH-86.html"/><title value="BSJ-ObservationSPLASCH-86"/><generation value="generated"/></page><page><nameUrl value="Observation-BSJ-ObservationSPLASCH-87.html"/><title value="BSJ-ObservationSPLASCH-87"/><generation value="generated"/></page><page><nameUrl value="Observation-BSJ-ObservationSPLASCH-88.html"/><title value="BSJ-ObservationSPLASCH-88"/><generation value="generated"/></page><page><nameUrl value="Observation-BSJ-ObservationSPLASCH-89.html"/><title value="BSJ-ObservationSPLASCH-89"/><generation value="generated"/></page><page><nameUrl value="Observation-BSJ-ObservationSPLASCH-90.html"/><title value="BSJ-ObservationSPLASCH-90"/><generation value="generated"/></page><page><nameUrl value="Observation-BSJ-ObservationSPLASCH-91.html"/><title value="BSJ-ObservationSPLASCH-91"/><generation value="generated"/></page><page><nameUrl value="Observation-BSJ-ObservationSPLASCH-92.html"/><title value="BSJ-ObservationSPLASCH-92"/><generation value="generated"/></page><page><nameUrl value="Observation-BSJ-ObservationSPLASCH-93.html"/><title value="BSJ-ObservationSPLASCH-93"/><generation value="generated"/></page><page><nameUrl value="Observation-BSJ-ObservationSPLASCH-94.html"/><title value="BSJ-ObservationSPLASCH-94"/><generation value="generated"/></page><page><nameUrl value="Observation-BSJ-ObservationSPLASCH-95.html"/><title value="BSJ-ObservationSPLASCH-95"/><generation value="generated"/></page><page><nameUrl value="Observation-BSJ-ObservationSPLASCH-96.html"/><title value="BSJ-ObservationSPLASCH-96"/><generation value="generated"/></page><page><nameUrl value="Patient-BSJ-patientBSJ1.html"/><title value="BSJ-patientBSJ1"/><generation value="generated"/></page><page><nameUrl value="Practitioner-Practitioner-AndyLavande.html"/><title value="Practitioner-AndyLavande"/><generation value="generated"/></page><page><nameUrl value="Practitioner-Practitioner-HarryPutter.html"/><title value="Practitioner-HarryPutter"/><generation value="generated"/></page><page><nameUrl value="Practitioner-Practitioner-HoneyJones.html"/><title value="Practitioner-HoneyJones"/><generation value="generated"/></page><page><nameUrl value="Practitioner-Practitioner-JenniferWhite.html"/><title value="Practitioner-JenniferWhite"/><generation value="generated"/></page><page><nameUrl value="Practitioner-Practitioner-JennyGrant.html"/><title value="Practitioner-JennyGrant"/><generation value="generated"/></page><page><nameUrl value="Practitioner-Practitioner-JohnSmith.html"/><title value="Practitioner-JohnSmith"/><generation value="generated"/></page><page><nameUrl value="Practitioner-Practitioner-LaylaRobbins.html"/><title value="Practitioner-LaylaRobbins"/><generation value="generated"/></page><page><nameUrl value="Practitioner-Practitioner-LunaBaskins.html"/><title value="Practitioner-LunaBaskins"/><generation value="generated"/></page><page><nameUrl value="Practitioner-Practitioner-NoraOlogist.html"/><title value="Practitioner-NoraOlogist"/><generation value="generated"/></page><page><nameUrl value="Practitioner-Practitioner-ShaunLongbottom.html"/><title value="Practitioner-ShaunLongbottom"/><generation value="generated"/></page></page></page><parameter><code value="path-resource"/><value value="input/capabilities"/></parameter><parameter><code value="path-resource"/><value value="input/examples"/></parameter><parameter><code value="path-resource"/><value value="input/extensions"/></parameter><parameter><code value="path-resource"/><value value="input/models"/></parameter><parameter><code value="path-resource"/><value value="input/operations"/></parameter><parameter><code value="path-resource"/><value value="input/profiles"/></parameter><parameter><code value="path-resource"/><value value="input/resources"/></parameter><parameter><code value="path-resource"/><value value="input/vocabulary"/></parameter><parameter><code value="path-resource"/><value value="input/maps"/></parameter><parameter><code value="path-resource"/><value value="input/testing"/></parameter><parameter><code value="path-resource"/><value value="input/history"/></parameter><parameter><code value="path-resource"/><value value="fsh-generated/resources"/></parameter><parameter><code value="path-pages"/><value value="template/config"/></parameter><parameter><code value="path-pages"/><value value="input/images"/></parameter><parameter><code value="path-tx-cache"/><value value="input-cache/txcache"/></parameter></definition></ImplementationGuide>