<?xml version="1.0" encoding="UTF-8"?><ValueSet xmlns="http://hl7.org/fhir"><id value="SPLASCHCaloriePercentageTypeObservationVS"/><text><status value="extensions"/><div xmlns="http://www.w3.org/1999/xhtml"><ul><li>Include these codes as defined in <a href="CodeSystem-SPLASCHSwallowingObservationCS.html"><code>http://hl7.org/fhir/us/pacio-splasch/CodeSystem/SPLASCHSwallowingObservationCS</code></a><table class="none"><tr><td style="white-space:nowrap"><b>Code</b></td><td><b>Display</b></td><td><b>Definition</b></td></tr><tr><td><a href="CodeSystem-SPLASCHSwallowingObservationCS.html#SPLASCHSwallowingObservationCS-non-oral-diet-sustenance">non-oral-diet-sustenance</a></td><td>Nutrition and hydration diet delivered through non-oral means</td><td>What percentage of the individual&#39;s daily diet is delivered through non-oral means in order to maintain adequate nutrition and hydration?</td></tr></table></li></ul></div></text><url value="http://hl7.org/fhir/us/pacio-splasch/ValueSet/SPLASCHCaloriePercentageTypeObservationVS"/><version value="0.1.0"/><name value="SPLASCHCaloriePercentageTypeObservationVS"/><title value="Calorie Percentage Type Observation"/><status value="active"/><date value="2021-12-10T12:07:05-05:00"/><publisher value="HL7 Patient Care Working Group"/><contact><name value="HL7 Patient Care Working Group"/><telecom><system value="url"/><value value="http://www.hl7.org/Special/committees/patientcare"/></telecom><telecom><system value="email"/><value value="patients@lists.HL7.org"/></telecom></contact><contact><name value="PACIO project"/><telecom><system value="url"/><value value="http://www.hl7.org/Special/committees/patientcare"/></telecom><telecom><system value="email"/><value value="info@pacioproject.org"/></telecom></contact><description value="ValueSet identifying observation codes that have a calorie percentage value. This ValueSet can be used for creating a pick-list or value validation appropriate for a particular observation."/><jurisdiction><coding><system value="urn:iso:std:iso:3166"/><code value="US"/></coding></jurisdiction><copyright value="This CodeSystem is not copyrighted."/><compose><include><system value="http://hl7.org/fhir/us/pacio-splasch/CodeSystem/SPLASCHSwallowingObservationCS"/><concept><code value="non-oral-diet-sustenance"/></concept></include></compose></ValueSet>