<?xml version="1.0" encoding="UTF-8"?><ValueSet xmlns="http://hl7.org/fhir"><id value="SPLASCHYesOrNoTypeObservationVS"/><text><status value="generated"/><div xmlns="http://www.w3.org/1999/xhtml"><ul><li>Include these codes as defined in <a href="http://loinc.org"><code>http://loinc.org</code></a><table class="none"><tr><td style="white-space:nowrap"><b>Code</b></td><td><b>Display</b></td></tr><tr><td><a href="http://details.loinc.org/LOINC/54599-6.html">54599-6</a></td><td>Hearing aid used during assessment period [CMS Assessment]</td></tr><tr><td><a href="http://details.loinc.org/LOINC/67235-2.html">67235-2</a></td><td>Does the examinee have hearing aids that cannot be removed [PhenX]</td></tr></table></li></ul></div></text><url value="http://hl7.org/fhir/us/pacio-splasch/ValueSet/SPLASCHYesOrNoTypeObservationVS"/><version value="0.1.0"/><name value="SPLASCHYesOrNoTypeObservationVS"/><title value="Yes or No Type Observation"/><status value="active"/><date value="2022-04-18T14:57:29-04:00"/><publisher value="HL7 Patient Care Working Group"/><contact><name value="HL7 Patient Care Working Group"/><telecom><system value="url"/><value value="http://www.hl7.org/Special/committees/patientcare"/></telecom><telecom><system value="email"/><value value="patients@lists.HL7.org"/></telecom></contact><contact><name value="PACIO project"/><telecom><system value="url"/><value value="http://www.hl7.org/Special/committees/patientcare"/></telecom><telecom><system value="email"/><value value="info@pacioproject.org"/></telecom></contact><description value="ValueSet identifying observation codes that have a yes or no value. This ValueSet can be used for creating a pick-list or value validation appropriate for a particular observation."/><jurisdiction><coding><system value="urn:iso:std:iso:3166"/><code value="US"/></coding></jurisdiction><copyright value="This CodeSystem is not copyrighted."/><compose><include><system value="http://loinc.org"/><concept><code value="54599-6"/></concept><concept><code value="67235-2"/></concept></include></compose></ValueSet>