<?xml version="1.0" encoding="UTF-8"?><ValueSet xmlns="http://hl7.org/fhir"><id value="LeftRightBothVS"/><text><status value="generated"/><div xmlns="http://www.w3.org/1999/xhtml"><ul><li>Include these codes as defined in <a href="http://loinc.org"><code>http://loinc.org</code></a><table class="none"><tr><td style="white-space:nowrap"><b>Code</b></td><td><b>Display</b></td></tr><tr><td><a href="http://details.loinc.org/LOINC/LA4585-1.html">LA4585-1</a></td><td>Left</td></tr><tr><td><a href="http://details.loinc.org/LOINC/LA4306-2.html">LA4306-2</a></td><td>Right</td></tr><tr><td><a href="http://details.loinc.org/LOINC/LA14331-5.html">LA14331-5</a></td><td>Both</td></tr></table></li></ul></div></text><url value="http://hl7.org/fhir/us/pacio-splasch/ValueSet/LeftRightBothVS"/><version value="0.1.0"/><name value="LeftRightBothVS"/><title value="Left / Right / Both"/><status value="active"/><date value="2022-04-18T14:57:29-04:00"/><publisher value="HL7 Patient Care Working Group"/><contact><name value="HL7 Patient Care Working Group"/><telecom><system value="url"/><value value="http://www.hl7.org/Special/committees/patientcare"/></telecom><telecom><system value="email"/><value value="patients@lists.HL7.org"/></telecom></contact><contact><name value="PACIO project"/><telecom><system value="url"/><value value="http://www.hl7.org/Special/committees/patientcare"/></telecom><telecom><system value="email"/><value value="info@pacioproject.org"/></telecom></contact><description value="Left / Right / Both"/><jurisdiction><coding><system value="urn:iso:std:iso:3166"/><code value="US"/></coding></jurisdiction><compose><include><system value="http://loinc.org"/><concept><code value="LA4585-1"/><display value="Left"/></concept><concept><code value="LA4306-2"/><display value="Right"/></concept><concept><code value="LA14331-5"/><display value="Both"/></concept></include></compose></ValueSet>