<?xml version="1.0" encoding="UTF-8"?><ValueSet xmlns="http://hl7.org/fhir"><id value="pacio-splasch-vs"/><text><status value="generated"/><div xmlns="http://www.w3.org/1999/xhtml"><ul><li>Include these codes as defined in <a href="http://terminology.hl7.org/3.0.0/CodeSystem-v3-ActCode.html"><code>http://terminology.hl7.org/CodeSystem/v3-ActCode</code></a><table class="none"><tr><td style="white-space:nowrap"><b>Code</b></td><td><b>Display</b></td></tr><tr><td><a href="http://terminology.hl7.org/3.0.0/CodeSystem-v3-ActCode.html#v3-ActCode-never">never</a></td><td>never</td></tr><tr><td><a href="http://terminology.hl7.org/3.0.0/CodeSystem-v3-ActCode.html#v3-ActCode-rarely">rarely</a></td><td>rarely</td></tr><tr><td><a href="http://terminology.hl7.org/3.0.0/CodeSystem-v3-ActCode.html#v3-ActCode-sometimes">sometimes</a></td><td>sometimes</td></tr><tr><td><a href="http://terminology.hl7.org/3.0.0/CodeSystem-v3-ActCode.html#v3-ActCode-often">often</a></td><td>often</td></tr><tr><td><a href="http://terminology.hl7.org/3.0.0/CodeSystem-v3-ActCode.html#v3-ActCode-always">always</a></td><td>always</td></tr><tr><td><a href="http://terminology.hl7.org/3.0.0/CodeSystem-v3-ActCode.html#v3-ActCode-0to25">0to25</a></td><td>0-25% of the time</td></tr><tr><td><a href="http://terminology.hl7.org/3.0.0/CodeSystem-v3-ActCode.html#v3-ActCode-26to49">26to49</a></td><td>26-49% of the time</td></tr><tr><td><a href="http://terminology.hl7.org/3.0.0/CodeSystem-v3-ActCode.html#v3-ActCode-50to75">50to75</a></td><td>50-75% of the time</td></tr><tr><td><a href="http://terminology.hl7.org/3.0.0/CodeSystem-v3-ActCode.html#v3-ActCode-76to90">76to90</a></td><td>76-90% of the time</td></tr><tr><td><a href="http://terminology.hl7.org/3.0.0/CodeSystem-v3-ActCode.html#v3-ActCode-91to100">91to100</a></td><td>91-100% of the time</td></tr></table></li></ul></div></text><url value="http://hl7.org/fhir/us/pacio-splasch/ValueSet/pacio-splasch-vs"/><version value="0.1.0"/><name value="SPLASCHObservationCategoryVS"/><title value="SPLASCH Observation Category Value Set"/><status value="active"/><date value="2021-12-06T15:18:55-05:00"/><publisher value="HL7 Patient Care Working Group"/><contact><name value="HL7 Patient Care Working Group"/><telecom><system value="url"/><value value="http://www.hl7.org/Special/committees/patientcare"/></telecom><telecom><system value="email"/><value value="patients@lists.HL7.org"/></telecom></contact><contact><name value="PACIO project"/><telecom><system value="url"/><value value="http://www.hl7.org/Special/committees/patientcare"/></telecom><telecom><system value="email"/><value value="info@pacioproject.org"/></telecom></contact><description value="todo"/><jurisdiction><coding><system value="urn:iso:std:iso:3166"/><code value="US"/></coding></jurisdiction><compose><include><system value="http://terminology.hl7.org/CodeSystem/v3-ActCode"/><concept><code value="never"/><display value="never"/></concept><concept><code value="rarely"/><display value="rarely"/></concept><concept><code value="sometimes"/><display value="sometimes"/></concept><concept><code value="often"/><display value="often"/></concept><concept><code value="always"/><display value="always"/></concept><concept><code value="0to25"/><display value="0-25% of the time"/></concept><concept><code value="26to49"/><display value="26-49% of the time"/></concept><concept><code value="50to75"/><display value="50-75% of the time"/></concept><concept><code value="76to90"/><display value="76-90% of the time"/></concept><concept><code value="91to100"/><display value="91-100% of the time"/></concept></include></compose></ValueSet>