<?xml version="1.0" encoding="UTF-8"?><ValueSet xmlns="http://hl7.org/fhir"><id value="SPLASCHPureToneThresholdAudiometryPanel"/><text><status value="generated"/><div xmlns="http://www.w3.org/1999/xhtml"><ul><li>Include these codes as defined in <a href="http://loinc.org"><code>http://loinc.org</code></a><table class="none"><tr><td style="white-space:nowrap"><b>Code</b></td><td><b>Display</b></td></tr><tr><td><a href="http://details.loinc.org/LOINC/91375-6.html">91375-6</a></td><td>Hearing threshold Ear - left --250 Hz</td></tr><tr><td><a href="http://details.loinc.org/LOINC/89024-4.html">89024-4</a></td><td>Hearing threshold Ear - left --500 Hz</td></tr><tr><td><a href="http://details.loinc.org/LOINC/91379-8.html">91379-8</a></td><td>Hearing threshold Ear - left --750 Hz</td></tr><tr><td><a href="http://details.loinc.org/LOINC/89016-0.html">89016-0</a></td><td>Hearing threshold Ear - left --1000 Hz</td></tr><tr><td><a href="http://details.loinc.org/LOINC/91373-1.html">91373-1</a></td><td>Hearing threshold Ear - left --1500 Hz</td></tr><tr><td><a href="http://details.loinc.org/LOINC/89018-6.html">89018-6</a></td><td>Hearing threshold Ear - left --2000 Hz</td></tr><tr><td><a href="http://details.loinc.org/LOINC/89020-2.html">89020-2</a></td><td>Hearing threshold Ear - left --3000 Hz</td></tr><tr><td><a href="http://details.loinc.org/LOINC/89022-8.html">89022-8</a></td><td>Hearing threshold Ear - left --4000 Hz</td></tr><tr><td><a href="http://details.loinc.org/LOINC/91377-2.html">91377-2</a></td><td>Hearing threshold Ear - left --5000 Hz</td></tr><tr><td><a href="http://details.loinc.org/LOINC/89026-9.html">89026-9</a></td><td>Hearing threshold Ear - left --6000 Hz</td></tr><tr><td><a href="http://details.loinc.org/LOINC/89028-5.html">89028-5</a></td><td>Hearing threshold Ear - left --8000 Hz</td></tr><tr><td><a href="http://details.loinc.org/LOINC/91374-9.html">91374-9</a></td><td>Hearing threshold Ear - right --250 Hz</td></tr><tr><td><a href="http://details.loinc.org/LOINC/89025-1.html">89025-1</a></td><td>Hearing threshold Ear - right --500 Hz</td></tr><tr><td><a href="http://details.loinc.org/LOINC/91378-0.html">91378-0</a></td><td>Hearing threshold Ear - right --750 Hz</td></tr><tr><td><a href="http://details.loinc.org/LOINC/89017-8.html">89017-8</a></td><td>Hearing threshold Ear - right --1000 Hz</td></tr><tr><td><a href="http://details.loinc.org/LOINC/91372-3.html">91372-3</a></td><td>Hearing threshold Ear - right --1500 Hz</td></tr><tr><td><a href="http://details.loinc.org/LOINC/89019-4.html">89019-4</a></td><td>Hearing threshold Ear - right --2000 Hz</td></tr><tr><td><a href="http://details.loinc.org/LOINC/89021-0.html">89021-0</a></td><td>Hearing threshold Ear - right --3000 Hz</td></tr><tr><td><a href="http://details.loinc.org/LOINC/89023-6.html">89023-6</a></td><td>Hearing threshold Ear - right --4000 Hz</td></tr><tr><td><a href="http://details.loinc.org/LOINC/91376-4.html">91376-4</a></td><td>Hearing threshold Ear - right --5000 Hz</td></tr><tr><td><a href="http://details.loinc.org/LOINC/89027-7.html">89027-7</a></td><td>Hearing threshold Ear - right --6000 Hz</td></tr><tr><td><a href="http://details.loinc.org/LOINC/89029-3.html">89029-3</a></td><td>Hearing threshold Ear - right --8000 Hz</td></tr></table></li></ul></div></text><url value="http://hl7.org/fhir/us/pacio-splasch/ValueSet/SPLASCHPureToneThresholdAudiometryPanel"/><version value="0.1.0"/><name value="SPLASCHPureToneThresholdAudiometryPanel"/><title value="Pure tone threshold audiometry panel"/><status value="active"/><date value="2022-04-15T12:12:07-04:00"/><publisher value="HL7 Patient Care Working Group"/><contact><name value="HL7 Patient Care Working Group"/><telecom><system value="url"/><value value="http://www.hl7.org/Special/committees/patientcare"/></telecom><telecom><system value="email"/><value value="patients@lists.HL7.org"/></telecom></contact><contact><name value="PACIO project"/><telecom><system value="url"/><value value="http://www.hl7.org/Special/committees/patientcare"/></telecom><telecom><system value="email"/><value value="info@pacioproject.org"/></telecom></contact><description value="Codes representing panel LOINC 89015-2 Pure tone threshold audiometry panel"/><jurisdiction><coding><system value="urn:iso:std:iso:3166"/><code value="US"/></coding></jurisdiction><copyright value="This CodeSystem is not copyrighted."/><compose><include><system value="http://loinc.org"/><concept><code value="91375-6"/><display value="Hearing threshold Ear - left --250 Hz"/></concept><concept><code value="89024-4"/><display value="Hearing threshold Ear - left --500 Hz"/></concept><concept><code value="91379-8"/><display value="Hearing threshold Ear - left --750 Hz"/></concept><concept><code value="89016-0"/><display value="Hearing threshold Ear - left --1000 Hz"/></concept><concept><code value="91373-1"/><display value="Hearing threshold Ear - left --1500 Hz"/></concept><concept><code value="89018-6"/><display value="Hearing threshold Ear - left --2000 Hz"/></concept><concept><code value="89020-2"/><display value="Hearing threshold Ear - left --3000 Hz"/></concept><concept><code value="89022-8"/><display value="Hearing threshold Ear - left --4000 Hz"/></concept><concept><code value="91377-2"/><display value="Hearing threshold Ear - left --5000 Hz"/></concept><concept><code value="89026-9"/><display value="Hearing threshold Ear - left --6000 Hz"/></concept><concept><code value="89028-5"/><display value="Hearing threshold Ear - left --8000 Hz"/></concept><concept><code value="91374-9"/><display value="Hearing threshold Ear - right --250 Hz"/></concept><concept><code value="89025-1"/><display value="Hearing threshold Ear - right --500 Hz"/></concept><concept><code value="91378-0"/><display value="Hearing threshold Ear - right --750 Hz"/></concept><concept><code value="89017-8"/><display value="Hearing threshold Ear - right --1000 Hz"/></concept><concept><code value="91372-3"/><display value="Hearing threshold Ear - right --1500 Hz"/></concept><concept><code value="89019-4"/><display value="Hearing threshold Ear - right --2000 Hz"/></concept><concept><code value="89021-0"/><display value="Hearing threshold Ear - right --3000 Hz"/></concept><concept><code value="89023-6"/><display value="Hearing threshold Ear - right --4000 Hz"/></concept><concept><code value="91376-4"/><display value="Hearing threshold Ear - right --5000 Hz"/></concept><concept><code value="89027-7"/><display value="Hearing threshold Ear - right --6000 Hz"/></concept><concept><code value="89029-3"/><display value="Hearing threshold Ear - right --8000 Hz"/></concept></include></compose></ValueSet>