<?xml version="1.0" encoding="UTF-8"?><ValueSet xmlns="http://hl7.org/fhir"><id value="SPLASCHObservationCategoryVS"/><text><status value="generated"/><div xmlns="http://www.w3.org/1999/xhtml"><ul><li>Include all codes defined in <a href="CodeSystem-SPLASCHObservationCategoryCS.html"><code>http://hl7.org/fhir/us/pacio-splasch/CodeSystem/SPLASCHObservationCategoryCS</code></a></li></ul></div></text><url value="http://hl7.org/fhir/us/pacio-splasch/ValueSet/SPLASCHObservationCategoryVS"/><version value="0.1.0"/><name value="SPLASCHObservationCategoryVS"/><title value="SPLASCH Observation Category"/><status value="active"/><date value="2022-04-27T11:54:23-04:00"/><publisher value="HL7 Patient Care Working Group"/><contact><name value="HL7 Patient Care Working Group"/><telecom><system value="url"/><value value="http://www.hl7.org/Special/committees/patientcare"/></telecom><telecom><system value="email"/><value value="patients@lists.HL7.org"/></telecom></contact><contact><name value="PACIO project"/><telecom><system value="url"/><value value="http://www.hl7.org/Special/committees/patientcare"/></telecom><telecom><system value="email"/><value value="info@pacioproject.org"/></telecom></contact><description value="Categories for SPLASCH observation profiles"/><jurisdiction><coding><system value="urn:iso:std:iso:3166"/><code value="US"/></coding></jurisdiction><copyright value="This CodeSystem is not copyrighted."/><compose><include><system value="http://hl7.org/fhir/us/pacio-splasch/CodeSystem/SPLASCHObservationCategoryCS"/></include></compose></ValueSet>