<?xml version="1.0" encoding="UTF-8"?><ValueSet xmlns="http://hl7.org/fhir"><id value="SPLASCHHearingObservationVS"/><text><status value="generated"/><div xmlns="http://www.w3.org/1999/xhtml"><p>This value set includes codes based on the following rules:</p><ul><li>Include these codes as defined in <a href="http://loinc.org"><code>http://loinc.org</code></a><table class="none"><tr><td style="white-space:nowrap"><b>Code</b></td><td><b>Display</b></td></tr><tr><td><a href="http://details.loinc.org/LOINC/95744-9.html">95744-9</a></td><td>Hearing ability to hear during assessment period [CMS Assessment]</td></tr><tr><td><a href="http://details.loinc.org/LOINC/54599-6.html">54599-6</a></td><td>Hearing aid used during assessment period [CMS Assessment]</td></tr><tr><td><a href="http://details.loinc.org/LOINC/67235-2.html">67235-2</a></td><td>Does the examinee have hearing aids that cannot be removed [PhenX]</td></tr><tr><td><a href="http://details.loinc.org/LOINC/94900-8.html">94900-8</a></td><td>Need for and availability of a hearing aid [CMS Assessment]</td></tr><tr><td><a href="http://details.loinc.org/LOINC/67467-1.html">67467-1</a></td><td>In which ear(s) do you have a hearing difficulty?</td></tr><tr><td><a href="http://details.loinc.org/LOINC/67242-8.html">67242-8</a></td><td>Do you hear better in one ear than the other [PhenX]</td></tr></table></li><li>Import all the codes that are contained in <a href="ValueSet-SPLASCHPureToneThresholdAudiometryPanel.html">http://hl7.org/fhir/us/pacio-splasch/ValueSet/SPLASCHPureToneThresholdAudiometryPanel</a></li><li>Import all the codes that are contained in <a href="ValueSet-SPLASCHDiagnosticAudiologyResultsPanel.html">http://hl7.org/fhir/us/pacio-splasch/ValueSet/SPLASCHDiagnosticAudiologyResultsPanel</a></li></ul></div></text><url value="http://hl7.org/fhir/us/pacio-splasch/ValueSet/SPLASCHHearingObservationVS"/><version value="0.1.0"/><name value="SPLASCHHearingObservationVS"/><title value="Hearing Observation"/><status value="active"/><date value="2022-04-27T11:54:23-04:00"/><publisher value="HL7 Patient Care Working Group"/><contact><name value="HL7 Patient Care Working Group"/><telecom><system value="url"/><value value="http://www.hl7.org/Special/committees/patientcare"/></telecom><telecom><system value="email"/><value value="patients@lists.HL7.org"/></telecom></contact><contact><name value="PACIO project"/><telecom><system value="url"/><value value="http://www.hl7.org/Special/committees/patientcare"/></telecom><telecom><system value="email"/><value value="info@pacioproject.org"/></telecom></contact><description value="SPLASCH hearing observation profile: codes representing hearing questions that are answered by the ValueSet SPLASCHHearingObservationValueCodeableConceptVS"/><jurisdiction><coding><system value="urn:iso:std:iso:3166"/><code value="US"/></coding></jurisdiction><copyright value="This CodeSystem is not copyrighted."/><compose><include><system value="http://loinc.org"/><concept><code value="95744-9"/><display value="Hearing ability to hear during assessment period [CMS Assessment]"/></concept><concept><code value="54599-6"/><display value="Hearing aid used during assessment period [CMS Assessment]"/></concept><concept><code value="67235-2"/><display value="Does the examinee have hearing aids that cannot be removed [PhenX]"/></concept><concept><code value="94900-8"/><display value="Need for and availability of a hearing aid [CMS Assessment]"/></concept><concept><code value="67467-1"/><display value="In which ear(s) do you have a hearing difficulty?"/></concept><concept><code value="67242-8"/><display value="Do you hear better in one ear than the other [PhenX]"/></concept></include><include><valueSet value="http://hl7.org/fhir/us/pacio-splasch/ValueSet/SPLASCHPureToneThresholdAudiometryPanel"/></include><include><valueSet value="http://hl7.org/fhir/us/pacio-splasch/ValueSet/SPLASCHDiagnosticAudiologyResultsPanel"/></include></compose></ValueSet>