<?xml version="1.0" encoding="UTF-8"?>

<CodeSystem xmlns="http://hl7.org/fhir">
  <id value="SPLASCHSpeechComprehensionObservationCS"/>
  <text>
    <status value="generated"/><div xmlns="http://www.w3.org/1999/xhtml"><p>This code system http://hl7.org/fhir/us/pacio-splasch/CodeSystem/SPLASCHSpeechComprehensionObservationCS defines the following codes:</p><table class="codes"><tr><td style="white-space:nowrap"><b>Code</b></td><td><b>Display</b></td><td><b>Definition</b></td></tr><tr><td style="white-space:nowrap">understand-simple-routine-low-demand<a name="SPLASCHSpeechComprehensionObservationCS-understand-simple-routine-low-demand"> </a></td><td>Understand simple messages in routine low demand situations</td><td>How often does the individual understand simple messages/conversations related to routine daily activities in LOW demand situations (e.g., following simple directions)?</td></tr><tr><td style="white-space:nowrap">understand-complex-low-demand<a name="SPLASCHSpeechComprehensionObservationCS-understand-complex-low-demand"> </a></td><td>Understand complex messages in low demand situations</td><td>How often does the individual understand complex messages, as expected for chronological age, in LOW demand situations (e.g., story/lecture, sequencing of events, drawing appropriate conclusions, inferences, humor, subtle references)?</td></tr><tr><td style="white-space:nowrap">understand-simple-routine-high-demand<a name="SPLASCHSpeechComprehensionObservationCS-understand-simple-routine-high-demand"> </a></td><td>Understand simple messages in routine high demand situations</td><td>How often does the individual understand simple messages/conversations related to routine daily activities in HIGH demand situations (e.g., following simple directions)?</td></tr><tr><td style="white-space:nowrap">understand-complex-high-demand<a name="SPLASCHSpeechComprehensionObservationCS-understand-complex-high-demand"> </a></td><td>Understand complex messages in high demand situations</td><td>How often does the individual understand complex messages, as expected for chronological age, in HIGH demand situations (e.g., story/lecture, sequencing of events, drawing appropriate conclusions, inferences, humor, subtle references)?</td></tr><tr><td style="white-space:nowrap">function-comprehension-without-assistance<a name="SPLASCHSpeechComprehensionObservationCS-function-comprehension-without-assistance"> </a></td><td>Function without assistance due to comprehension deficit</td><td>How often does the individual function safely WITHOUT additional supervision/assistance (in excess of chronological age expectations) due to comprehension deficits?</td></tr><tr><td style="white-space:nowrap">communicate-without-assistance<a name="SPLASCHSpeechComprehensionObservationCS-communicate-without-assistance"> </a></td><td>Participate in communication without assistance</td><td>How often does the individual participate in communication exchanges WITHOUT additional assistance from communication partner (no more than would be expected for chronological age)?</td></tr></table></div>
  </text>
  <url value="http://hl7.org/fhir/us/pacio-splasch/CodeSystem/SPLASCHSpeechComprehensionObservationCS"/>
  <version value="0.1.0"/>
  <name value="SPLASCHSpeechComprehensionObservationCS"/>
  <title value="Speech Comprehension Observation Codes"/>
  <status value="active"/>
  <date value="2021-12-10T12:07:05-05:00"/>
  <publisher value="HL7 Patient Care Working Group"/>
  <contact>
    <name value="HL7 Patient Care Working Group"/>
    <telecom>
      <system value="url"/>
      <value value="http://www.hl7.org/Special/committees/patientcare"/>
    </telecom>
    <telecom>
      <system value="email"/>
      <value value="patients@lists.HL7.org"/>
    </telecom>
  </contact>
  <contact>
    <name value="PACIO project"/>
    <telecom>
      <system value="url"/>
      <value value="http://www.hl7.org/Special/committees/patientcare"/>
    </telecom>
    <telecom>
      <system value="email"/>
      <value value="info@pacioproject.org"/>
    </telecom>
  </contact>
  <description value="Observation codes for spoken language comprehension"/>
  <jurisdiction>
    <coding>
      <system value="urn:iso:std:iso:3166"/>
      <code value="US"/>
    </coding>
  </jurisdiction>
  <copyright value="This CodeSystem is not copyrighted."/>
  <caseSensitive value="true"/>
  <content value="complete"/>
  <count value="6"/>
  <concept>
    <code value="understand-simple-routine-low-demand"/>
    <display value="Understand simple messages in routine low demand situations"/>
    <definition value="How often does the individual understand simple messages/conversations related to routine daily activities in LOW demand situations (e.g., following simple directions)?"/>
  </concept>
  <concept>
    <code value="understand-complex-low-demand"/>
    <display value="Understand complex messages in low demand situations"/>
    <definition value="How often does the individual understand complex messages, as expected for chronological age, in LOW demand situations (e.g., story/lecture, sequencing of events, drawing appropriate conclusions, inferences, humor, subtle references)?"/>
  </concept>
  <concept>
    <code value="understand-simple-routine-high-demand"/>
    <display value="Understand simple messages in routine high demand situations"/>
    <definition value="How often does the individual understand simple messages/conversations related to routine daily activities in HIGH demand situations (e.g., following simple directions)?"/>
  </concept>
  <concept>
    <code value="understand-complex-high-demand"/>
    <display value="Understand complex messages in high demand situations"/>
    <definition value="How often does the individual understand complex messages, as expected for chronological age, in HIGH demand situations (e.g., story/lecture, sequencing of events, drawing appropriate conclusions, inferences, humor, subtle references)?"/>
  </concept>
  <concept>
    <code value="function-comprehension-without-assistance"/>
    <display value="Function without assistance due to comprehension deficit"/>
    <definition value="How often does the individual function safely WITHOUT additional supervision/assistance (in excess of chronological age expectations) due to comprehension deficits?"/>
  </concept>
  <concept>
    <code value="communicate-without-assistance"/>
    <display value="Participate in communication without assistance"/>
    <definition value="How often does the individual participate in communication exchanges WITHOUT additional assistance from communication partner (no more than would be expected for chronological age)?"/>
  </concept>
</CodeSystem>