{
  "resourceType": "CodeSystem",
  "id": "SPLASCHSpeechExpressionObservationCS",
  "text": {
    "status": "generated",
    "div": "<div xmlns=\"http://www.w3.org/1999/xhtml\"><p>This code system http://hl7.org/fhir/us/pacio-splasch/CodeSystem/SPLASCHSpeechExpressionObservationCS defines the following codes:</p><table class=\"codes\"><tr><td style=\"white-space:nowrap\"><b>Code</b></td><td><b>Display</b></td><td><b>Definition</b></td></tr><tr><td style=\"white-space:nowrap\">exhibit-distracting-expression-difficulties<a name=\"SPLASCHSpeechExpressionObservationCS-exhibit-distracting-expression-difficulties\"> </a></td><td>Expression of distracting spoken language expression difficulties</td><td>How often does the individual exhibit spoken language expression difficulties that are noticeable or distracting to the listener? Note: consider message content, form, pauses, extra time.</td></tr><tr><td style=\"white-space:nowrap\">simple-meaningful-word-expression<a name=\"SPLASCHSpeechExpressionObservationCS-simple-meaningful-word-expression\"> </a></td><td>Expression of simple meaningful word or phrases</td><td>How often does the individual produce simple spoken word and phrases that are meaningful?</td></tr><tr><td style=\"white-space:nowrap\">verbal-form-low-demand<a name=\"SPLASCHSpeechExpressionObservationCS-verbal-form-low-demand\"> </a></td><td>Produce verbal messages with appropriate form in low demand situations</td><td>How often does the individual produce verbal messages with appropriate FORM in LOW demand situations? Note: consider phonology, morphology and syntax when assessing functional level.</td></tr><tr><td style=\"white-space:nowrap\">verbal-content-low-demand<a name=\"SPLASCHSpeechExpressionObservationCS-verbal-content-low-demand\"> </a></td><td>Produce verbal messages with appropriate content in low demand situations</td><td>How often does the individual produce verbal messages with appropriate CONTENT in LOW demand situations? Note: consider semantic meaning when assessing functional level.</td></tr><tr><td style=\"white-space:nowrap\">verbal-form-high-demand<a name=\"SPLASCHSpeechExpressionObservationCS-verbal-form-high-demand\"> </a></td><td>Produce verbal messages with appropriate form in high demand situations</td><td>How often does the individual produce verbal messages with appropriate FORM in HIGH demand situations (e.g., academic or work-related tasks)? Note: consider phonology, morphology and syntax when assessing functional level.</td></tr><tr><td style=\"white-space:nowrap\">verbal-content-high-demand<a name=\"SPLASCHSpeechExpressionObservationCS-verbal-content-high-demand\"> </a></td><td>Produce verbal messages with appropriate content in high demand situations</td><td>How often does the individual produce verbal messages with appropriate CONTENT in HIGH demand situations (e.g., academic or work-related tasks)? Note: consider semantic meaning when assessing functional level.</td></tr><tr><td style=\"white-space:nowrap\">communicate-without-assistance<a name=\"SPLASCHSpeechExpressionObservationCS-communicate-without-assistance\"> </a></td><td>Participate in communication without assistance</td><td>How often does the individual participate in communication exchanges WITHOUT additional assistance from communication partner (no more than would be expected for chronological age)?</td></tr></table></div>"
  },
  "url": "http://hl7.org/fhir/us/pacio-splasch/CodeSystem/SPLASCHSpeechExpressionObservationCS",
  "version": "0.1.0",
  "name": "SPLASCHSpeechExpressionObservationCS",
  "title": "Speech Expression Observation Codes",
  "status": "active",
  "date": "2021-12-10T12:07:05-05:00",
  "publisher": "HL7 Patient Care Working Group",
  "contact": [
    {
      "name": "HL7 Patient Care Working Group",
      "telecom": [
        {
          "system": "url",
          "value": "http://www.hl7.org/Special/committees/patientcare"
        },
        {
          "system": "email",
          "value": "patients@lists.HL7.org"
        }
      ]
    },
    {
      "name": "PACIO project",
      "telecom": [
        {
          "system": "url",
          "value": "http://www.hl7.org/Special/committees/patientcare"
        },
        {
          "system": "email",
          "value": "info@pacioproject.org"
        }
      ]
    }
  ],
  "description": "Observation codes for spoken language expression",
  "jurisdiction": [
    {
      "coding": [
        {
          "system": "urn:iso:std:iso:3166",
          "code": "US"
        }
      ]
    }
  ],
  "copyright": "This CodeSystem is not copyrighted.",
  "caseSensitive": true,
  "content": "complete",
  "count": 7,
  "concept": [
    {
      "code": "exhibit-distracting-expression-difficulties",
      "display": "Expression of distracting spoken language expression difficulties",
      "definition": "How often does the individual exhibit spoken language expression difficulties that are noticeable or distracting to the listener? Note: consider message content, form, pauses, extra time."
    },
    {
      "code": "simple-meaningful-word-expression",
      "display": "Expression of simple meaningful word or phrases",
      "definition": "How often does the individual produce simple spoken word and phrases that are meaningful?"
    },
    {
      "code": "verbal-form-low-demand",
      "display": "Produce verbal messages with appropriate form in low demand situations",
      "definition": "How often does the individual produce verbal messages with appropriate FORM in LOW demand situations? Note: consider phonology, morphology and syntax when assessing functional level."
    },
    {
      "code": "verbal-content-low-demand",
      "display": "Produce verbal messages with appropriate content in low demand situations",
      "definition": "How often does the individual produce verbal messages with appropriate CONTENT in LOW demand situations? Note: consider semantic meaning when assessing functional level."
    },
    {
      "code": "verbal-form-high-demand",
      "display": "Produce verbal messages with appropriate form in high demand situations",
      "definition": "How often does the individual produce verbal messages with appropriate FORM in HIGH demand situations (e.g., academic or work-related tasks)? Note: consider phonology, morphology and syntax when assessing functional level."
    },
    {
      "code": "verbal-content-high-demand",
      "display": "Produce verbal messages with appropriate content in high demand situations",
      "definition": "How often does the individual produce verbal messages with appropriate CONTENT in HIGH demand situations (e.g., academic or work-related tasks)? Note: consider semantic meaning when assessing functional level."
    },
    {
      "code": "communicate-without-assistance",
      "display": "Participate in communication without assistance",
      "definition": "How often does the individual participate in communication exchanges WITHOUT additional assistance from communication partner (no more than would be expected for chronological age)?"
    }
  ]
}