<?xml version="1.0" encoding="UTF-8"?>

<ImplementationGuide xmlns="http://hl7.org/fhir">
  <id value="hl7.fhir.us.pacio-splasch"/>
  <text>
    <status value="extensions"/><div xmlns="http://www.w3.org/1999/xhtml"><h2>PACIOReAssessmentTimepoints</h2><p>The official URL for this implementation guide is: </p><pre>http://hl7.org/fhir/us/pacio-splasch/ImplementationGuide/hl7.fhir.us.pacio-splasch</pre><div><p>PACIO Speech Language Swallowing Cognitive Communication and Hearing (SPLASCH) Implementation Guide</p>
</div></div>
  </text>
  <url value="http://hl7.org/fhir/us/pacio-splasch/ImplementationGuide/hl7.fhir.us.pacio-splasch"/>
  <version value="0.1.0"/>
  <name value="PACIOReAssessmentTimepoints"/>
  <title value="PACIO Speech Language Swallowing Cognitive Communication and Hearing (SPLASCH) Implementation Guide"/>
  <status value="draft"/>
  <date value="2021-12-20T13:52:46-05:00"/>
  <publisher value="HL7 Patient Care Working Group"/>
  <contact>
    <name value="HL7 Patient Care Working Group"/>
    <telecom>
      <system value="url"/>
      <value value="http://www.hl7.org/Special/committees/patientcare"/>
    </telecom>
    <telecom>
      <system value="email"/>
      <value value="patients@lists.HL7.org"/>
    </telecom>
  </contact>
  <contact>
    <name value="PACIO project"/>
    <telecom>
      <system value="url"/>
      <value value="http://www.hl7.org/Special/committees/patientcare"/>
    </telecom>
    <telecom>
      <system value="email"/>
      <value value="info@pacioproject.org"/>
    </telecom>
  </contact>
  <description value="PACIO Speech Language Swallowing Cognitive Communication and Hearing (SPLASCH) Implementation Guide"/>
  <jurisdiction>
    <coding>
      <system value="urn:iso:std:iso:3166"/>
      <code value="US"/>
    </coding>
  </jurisdiction>
  <packageId value="hl7.fhir.us.pacio-splasch"/>
  <license value="CC0-1.0"/>
  <fhirVersion value="4.0.1"/>
  <dependsOn id="hl7_fhir_us_core">
    <uri value="http://hl7.org/fhir/us/core/ImplementationGuide/hl7.fhir.us.core"/>
    <packageId value="hl7.fhir.us.core"/>
    <version value="4.0.0"/>
  </dependsOn>
  <definition>
    <extension url="http://hl7.org/fhir/tools/StructureDefinition/ig-parameter">
      <extension url="code">
        <valueString value="copyrightyear"/>
      </extension>
      <extension url="value">
        <valueString value="2021+"/>
      </extension>
    </extension>
    <extension url="http://hl7.org/fhir/tools/StructureDefinition/ig-parameter">
      <extension url="code">
        <valueString value="releaselabel"/>
      </extension>
      <extension url="value">
        <valueString value="ci-build"/>
      </extension>
    </extension>
    <extension url="http://hl7.org/fhir/tools/StructureDefinition/ig-parameter">
      <extension url="code">
        <valueString value="path-expansion-params"/>
      </extension>
      <extension url="value">
        <valueString value="../../input/_resources/terminology-settings.json"/>
      </extension>
    </extension>
    <extension url="http://hl7.org/fhir/tools/StructureDefinition/ig-parameter">
      <extension url="code">
        <valueString value="show-inherited-invariants"/>
      </extension>
      <extension url="value">
        <valueString value="false"/>
      </extension>
    </extension>
    <extension url="http://hl7.org/fhir/tools/StructureDefinition/ig-parameter">
      <extension url="code">
        <valueString value="apply-jurisdiction"/>
      </extension>
      <extension url="value">
        <valueString value="true"/>
      </extension>
    </extension>
    <extension url="http://hl7.org/fhir/tools/StructureDefinition/ig-parameter">
      <extension url="code">
        <valueString value="apply-publisher"/>
      </extension>
      <extension url="value">
        <valueString value="true"/>
      </extension>
    </extension>
    <extension url="http://hl7.org/fhir/tools/StructureDefinition/ig-parameter">
      <extension url="code">
        <valueString value="path-history"/>
      </extension>
      <extension url="value">
        <valueString value="http://hl7.org/fhir/us/pacio-splasch/history.html"/>
      </extension>
    </extension>
    <extension url="http://hl7.org/fhir/tools/StructureDefinition/ig-parameter">
      <extension url="code">
        <valueString value="autoload-resources"/>
      </extension>
      <extension url="value">
        <valueString value="true"/>
      </extension>
    </extension>
    <extension url="http://hl7.org/fhir/tools/StructureDefinition/ig-parameter">
      <extension url="code">
        <valueString value="path-liquid"/>
      </extension>
      <extension url="value">
        <valueString value="template/liquid"/>
      </extension>
    </extension>
    <extension url="http://hl7.org/fhir/tools/StructureDefinition/ig-parameter">
      <extension url="code">
        <valueString value="path-liquid"/>
      </extension>
      <extension url="value">
        <valueString value="input/liquid"/>
      </extension>
    </extension>
    <extension url="http://hl7.org/fhir/tools/StructureDefinition/ig-parameter">
      <extension url="code">
        <valueString value="path-qa"/>
      </extension>
      <extension url="value">
        <valueString value="temp/qa"/>
      </extension>
    </extension>
    <extension url="http://hl7.org/fhir/tools/StructureDefinition/ig-parameter">
      <extension url="code">
        <valueString value="path-temp"/>
      </extension>
      <extension url="value">
        <valueString value="temp/pages"/>
      </extension>
    </extension>
    <extension url="http://hl7.org/fhir/tools/StructureDefinition/ig-parameter">
      <extension url="code">
        <valueString value="path-output"/>
      </extension>
      <extension url="value">
        <valueString value="output"/>
      </extension>
    </extension>
    <extension url="http://hl7.org/fhir/tools/StructureDefinition/ig-parameter">
      <extension url="code">
        <valueString value="path-suppressed-warnings"/>
      </extension>
      <extension url="value">
        <valueString value="input/ignoreWarnings.txt"/>
      </extension>
    </extension>
    <extension url="http://hl7.org/fhir/tools/StructureDefinition/ig-parameter">
      <extension url="code">
        <valueString value="template-html"/>
      </extension>
      <extension url="value">
        <valueString value="template-page.html"/>
      </extension>
    </extension>
    <extension url="http://hl7.org/fhir/tools/StructureDefinition/ig-parameter">
      <extension url="code">
        <valueString value="template-md"/>
      </extension>
      <extension url="value">
        <valueString value="template-page-md.html"/>
      </extension>
    </extension>
    <extension url="http://hl7.org/fhir/tools/StructureDefinition/ig-parameter">
      <extension url="code">
        <valueString value="apply-contact"/>
      </extension>
      <extension url="value">
        <valueString value="true"/>
      </extension>
    </extension>
    <extension url="http://hl7.org/fhir/tools/StructureDefinition/ig-parameter">
      <extension url="code">
        <valueString value="apply-context"/>
      </extension>
      <extension url="value">
        <valueString value="true"/>
      </extension>
    </extension>
    <extension url="http://hl7.org/fhir/tools/StructureDefinition/ig-parameter">
      <extension url="code">
        <valueString value="apply-copyright"/>
      </extension>
      <extension url="value">
        <valueString value="true"/>
      </extension>
    </extension>
    <extension url="http://hl7.org/fhir/tools/StructureDefinition/ig-parameter">
      <extension url="code">
        <valueString value="apply-license"/>
      </extension>
      <extension url="value">
        <valueString value="true"/>
      </extension>
    </extension>
    <extension url="http://hl7.org/fhir/tools/StructureDefinition/ig-parameter">
      <extension url="code">
        <valueString value="apply-version"/>
      </extension>
      <extension url="value">
        <valueString value="true"/>
      </extension>
    </extension>
    <extension url="http://hl7.org/fhir/tools/StructureDefinition/ig-parameter">
      <extension url="code">
        <valueString value="active-tables"/>
      </extension>
      <extension url="value">
        <valueString value="true"/>
      </extension>
    </extension>
    <resource>
      <extension url="http://hl7.org/fhir/tools/StructureDefinition/resource-information">
        <valueString value="StructureDefinition:resource"/>
      </extension>
      <reference>
        <reference value="StructureDefinition/splasch-SpokenLanguageComprehensionObservation"/>
      </reference>
      <name value="Spoken Language Comprehension Observation"/>
      <description value="An exchange of spoken language comprehension data for a patient."/>
      <exampleBoolean value="false"/>
    </resource>
    <resource>
      <extension url="http://hl7.org/fhir/tools/StructureDefinition/resource-information">
        <valueString value="StructureDefinition:resource"/>
      </extension>
      <reference>
        <reference value="StructureDefinition/splasch-SpokenLanguageExpressionObservation"/>
      </reference>
      <name value="Spoken Language Expression Observation"/>
      <description value="An exchange of spoken language expression data for a patient."/>
      <exampleBoolean value="false"/>
    </resource>
    <resource>
      <extension url="http://hl7.org/fhir/tools/StructureDefinition/resource-information">
        <valueString value="StructureDefinition:resource"/>
      </extension>
      <reference>
        <reference value="StructureDefinition/splasch-SwallowingObservation"/>
      </reference>
      <name value="Swallowing Observation"/>
      <description value="An exchange of swallowing data for a patient."/>
      <exampleBoolean value="false"/>
    </resource>
    <resource>
      <extension url="http://hl7.org/fhir/tools/StructureDefinition/resource-information">
        <valueString value="ValueSet"/>
      </extension>
      <reference>
        <reference value="ValueSet/SPLASCHCaloriePercentageTypeObservationVS"/>
      </reference>
      <name value="Calorie Percentage Type Observation"/>
      <description value="ValueSet identifying observation codes that have a calorie percentage value. This ValueSet can be used for creating a pick-list or value validation appropriate for a particular observation."/>
      <exampleBoolean value="false"/>
    </resource>
    <resource>
      <extension url="http://hl7.org/fhir/tools/StructureDefinition/resource-information">
        <valueString value="ValueSet"/>
      </extension>
      <reference>
        <reference value="ValueSet/SPLASCHFrequencyObservationVS"/>
      </reference>
      <name value="SPLASCH Frequency Observation Values"/>
      <description value="Frequency values for SPLASCH observations"/>
      <exampleBoolean value="false"/>
    </resource>
    <resource>
      <extension url="http://hl7.org/fhir/tools/StructureDefinition/resource-information">
        <valueString value="ValueSet"/>
      </extension>
      <reference>
        <reference value="ValueSet/SPLASCHFrequencyTypeObservationVS"/>
      </reference>
      <name value="Frequency Type Observation"/>
      <description value="ValueSet identifying observation codes that have a frequency value. This ValueSet can be used for creating a pick-list or value validation appropriate for a particular observation."/>
      <exampleBoolean value="false"/>
    </resource>
    <resource>
      <extension url="http://hl7.org/fhir/tools/StructureDefinition/resource-information">
        <valueString value="ValueSet"/>
      </extension>
      <reference>
        <reference value="ValueSet/SPLASCHLiquidDietModifierTypeObservationVS"/>
      </reference>
      <name value="Liquid Diet Modifier Type Observation"/>
      <description value="ValueSet identifying observation codes that have a liquid diet modifier value. This ValueSet can be used for creating a pick-list or value validation appropriate for a particular observation."/>
      <exampleBoolean value="false"/>
    </resource>
    <resource>
      <extension url="http://hl7.org/fhir/tools/StructureDefinition/resource-information">
        <valueString value="ValueSet"/>
      </extension>
      <reference>
        <reference value="ValueSet/SPLASCHObservationCategoryVS"/>
      </reference>
      <name value="SPLASCH Observation Category"/>
      <description value="Categories for SPLASCH observation profiles"/>
      <exampleBoolean value="false"/>
    </resource>
    <resource>
      <extension url="http://hl7.org/fhir/tools/StructureDefinition/resource-information">
        <valueString value="ValueSet"/>
      </extension>
      <reference>
        <reference value="ValueSet/SPLASCHSolidDietModifierTypeObservationVS"/>
      </reference>
      <name value="Solid Diet Modifier Type Observation"/>
      <description value="ValueSet identifying observation codes that have a solid diet modifier value. This ValueSet can be used for creating a pick-list or value validation appropriate for a particular observation."/>
      <exampleBoolean value="false"/>
    </resource>
    <resource>
      <extension url="http://hl7.org/fhir/tools/StructureDefinition/resource-information">
        <valueString value="ValueSet"/>
      </extension>
      <reference>
        <reference value="ValueSet/SPLASCHSpeechComprehensionObservationVS"/>
      </reference>
      <name value="Speech Comprehension Observation"/>
      <description value="SPLASCH spoken language comprehension observation profile"/>
      <exampleBoolean value="false"/>
    </resource>
    <resource>
      <extension url="http://hl7.org/fhir/tools/StructureDefinition/resource-information">
        <valueString value="ValueSet"/>
      </extension>
      <reference>
        <reference value="ValueSet/SPLASCHSpeechExpressionObservationVS"/>
      </reference>
      <name value="Speech Expression Observation"/>
      <description value="SPLASCH spoken language expression observation profile"/>
      <exampleBoolean value="false"/>
    </resource>
    <resource>
      <extension url="http://hl7.org/fhir/tools/StructureDefinition/resource-information">
        <valueString value="ValueSet"/>
      </extension>
      <reference>
        <reference value="ValueSet/SPLASCHSwallowingObservationVS"/>
      </reference>
      <name value="Swallowing Observation"/>
      <description value="SPLASCH swallowing observation profile"/>
      <exampleBoolean value="false"/>
    </resource>
    <resource>
      <extension url="http://hl7.org/fhir/tools/StructureDefinition/resource-information">
        <valueString value="ValueSet"/>
      </extension>
      <reference>
        <reference value="ValueSet/SPLASCHSwallowingObservationValueVS"/>
      </reference>
      <name value="Swallowing Observation Value"/>
      <description value="Values for swallowing observations"/>
      <exampleBoolean value="false"/>
    </resource>
    <resource>
      <extension url="http://hl7.org/fhir/tools/StructureDefinition/resource-information">
        <valueString value="CodeSystem"/>
      </extension>
      <reference>
        <reference value="CodeSystem/SPLASCHCaloriePercentageCategoryCS"/>
      </reference>
      <name value="Observation Value Calorie Percentage Category Codes"/>
      <description value="Category codes for calorie percentage observations"/>
      <exampleBoolean value="false"/>
    </resource>
    <resource>
      <extension url="http://hl7.org/fhir/tools/StructureDefinition/resource-information">
        <valueString value="CodeSystem"/>
      </extension>
      <reference>
        <reference value="CodeSystem/SPLASCHLiquidDietCS"/>
      </reference>
      <name value="Observation Value Liquid Diet Codes"/>
      <description value="Category codes for liquid diet observations"/>
      <exampleBoolean value="false"/>
    </resource>
    <resource>
      <extension url="http://hl7.org/fhir/tools/StructureDefinition/resource-information">
        <valueString value="CodeSystem"/>
      </extension>
      <reference>
        <reference value="CodeSystem/SPLASCHObservationCategoryCS"/>
      </reference>
      <name value="SPLASCH Observation Category Codes"/>
      <description value="Categories for SPLASCH observations"/>
      <exampleBoolean value="false"/>
    </resource>
    <resource>
      <extension url="http://hl7.org/fhir/tools/StructureDefinition/resource-information">
        <valueString value="CodeSystem"/>
      </extension>
      <reference>
        <reference value="CodeSystem/SPLASCHSolidDietCS"/>
      </reference>
      <name value="Observation Value Solid Diet Codes"/>
      <description value="Category codes for solid diet observations"/>
      <exampleBoolean value="false"/>
    </resource>
    <resource>
      <extension url="http://hl7.org/fhir/tools/StructureDefinition/resource-information">
        <valueString value="CodeSystem"/>
      </extension>
      <reference>
        <reference value="CodeSystem/SPLASCHSpeechComprehensionObservationCS"/>
      </reference>
      <name value="Speech Comprehension Observation Codes"/>
      <description value="Observation codes for spoken language comprehension"/>
      <exampleBoolean value="false"/>
    </resource>
    <resource>
      <extension url="http://hl7.org/fhir/tools/StructureDefinition/resource-information">
        <valueString value="CodeSystem"/>
      </extension>
      <reference>
        <reference value="CodeSystem/SPLASCHSpeechExpressionObservationCS"/>
      </reference>
      <name value="Speech Expression Observation Codes"/>
      <description value="Observation codes for spoken language expression"/>
      <exampleBoolean value="false"/>
    </resource>
    <resource>
      <extension url="http://hl7.org/fhir/tools/StructureDefinition/resource-information">
        <valueString value="CodeSystem"/>
      </extension>
      <reference>
        <reference value="CodeSystem/SPLASCHSwallowingObservationCS"/>
      </reference>
      <name value="Swallowing Observation Codes"/>
      <description value="Observation codes for swallowing"/>
      <exampleBoolean value="false"/>
    </resource>
    <resource>
      <extension url="http://hl7.org/fhir/tools/StructureDefinition/resource-information">
        <valueString value="CodeSystem"/>
      </extension>
      <reference>
        <reference value="CodeSystem/SPLASCHTimePercentageCategoryCS"/>
      </reference>
      <name value="Observation Value Time Percentage Category Codes"/>
      <description value="Catgegory codes for time percentage observations"/>
      <exampleBoolean value="false"/>
    </resource>
    <resource>
      <extension url="http://hl7.org/fhir/tools/StructureDefinition/resource-information">
        <valueString value="Observation"/>
      </extension>
      <reference>
        <reference value="Observation/BSJ-ObservationSPLASCH-01"/>
      </reference>
      <name value="BSJ-ObservationSPLASCH-01"/>
      <description value="An instance of SPLASCH Observation ObservationSPLASCH-01"/>
      <exampleBoolean value="true"/>
    </resource>
    <resource>
      <extension url="http://hl7.org/fhir/tools/StructureDefinition/resource-information">
        <valueString value="Observation"/>
      </extension>
      <reference>
        <reference value="Observation/BSJ-ObservationSPLASCH-02"/>
      </reference>
      <name value="BSJ-ObservationSPLASCH-02"/>
      <description value="An instance of SPLASCH Observation ObservationSPLASCH-02"/>
      <exampleBoolean value="true"/>
    </resource>
    <resource>
      <extension url="http://hl7.org/fhir/tools/StructureDefinition/resource-information">
        <valueString value="Observation"/>
      </extension>
      <reference>
        <reference value="Observation/BSJ-ObservationSPLASCH-03"/>
      </reference>
      <name value="BSJ-ObservationSPLASCH-03"/>
      <description value="An instance of SPLASCH Observation ObservationSPLASCH-03"/>
      <exampleBoolean value="true"/>
    </resource>
    <resource>
      <extension url="http://hl7.org/fhir/tools/StructureDefinition/resource-information">
        <valueString value="Observation"/>
      </extension>
      <reference>
        <reference value="Observation/BSJ-ObservationSPLASCH-04"/>
      </reference>
      <name value="BSJ-ObservationSPLASCH-04"/>
      <description value="An instance of SPLASCH Observation ObservationSPLASCH-04"/>
      <exampleBoolean value="true"/>
    </resource>
    <resource>
      <extension url="http://hl7.org/fhir/tools/StructureDefinition/resource-information">
        <valueString value="Observation"/>
      </extension>
      <reference>
        <reference value="Observation/BSJ-ObservationSPLASCH-05"/>
      </reference>
      <name value="BSJ-ObservationSPLASCH-05"/>
      <description value="An instance of SPLASCH Observation ObservationSPLASCH-05"/>
      <exampleBoolean value="true"/>
    </resource>
    <resource>
      <extension url="http://hl7.org/fhir/tools/StructureDefinition/resource-information">
        <valueString value="Observation"/>
      </extension>
      <reference>
        <reference value="Observation/BSJ-ObservationSPLASCH-06"/>
      </reference>
      <name value="BSJ-ObservationSPLASCH-06"/>
      <description value="An instance of SPLASCH Observation ObservationSPLASCH-06"/>
      <exampleBoolean value="true"/>
    </resource>
    <resource>
      <extension url="http://hl7.org/fhir/tools/StructureDefinition/resource-information">
        <valueString value="Observation"/>
      </extension>
      <reference>
        <reference value="Observation/BSJ-ObservationSPLASCH-07"/>
      </reference>
      <name value="BSJ-ObservationSPLASCH-07"/>
      <description value="An instance of SPLASCH Observation ObservationSPLASCH-07"/>
      <exampleBoolean value="true"/>
    </resource>
    <resource>
      <extension url="http://hl7.org/fhir/tools/StructureDefinition/resource-information">
        <valueString value="Observation"/>
      </extension>
      <reference>
        <reference value="Observation/BSJ-ObservationSPLASCH-08"/>
      </reference>
      <name value="BSJ-ObservationSPLASCH-08"/>
      <description value="An instance of SPLASCH Observation ObservationSPLASCH-08"/>
      <exampleBoolean value="true"/>
    </resource>
    <resource>
      <extension url="http://hl7.org/fhir/tools/StructureDefinition/resource-information">
        <valueString value="Observation"/>
      </extension>
      <reference>
        <reference value="Observation/BSJ-ObservationSPLASCH-09"/>
      </reference>
      <name value="BSJ-ObservationSPLASCH-09"/>
      <description value="An instance of SPLASCH Observation ObservationSPLASCH-09"/>
      <exampleBoolean value="true"/>
    </resource>
    <resource>
      <extension url="http://hl7.org/fhir/tools/StructureDefinition/resource-information">
        <valueString value="Observation"/>
      </extension>
      <reference>
        <reference value="Observation/BSJ-ObservationSPLASCH-10"/>
      </reference>
      <name value="BSJ-ObservationSPLASCH-10"/>
      <description value="An instance of SPLASCH Observation ObservationSPLASCH-10"/>
      <exampleBoolean value="true"/>
    </resource>
    <resource>
      <extension url="http://hl7.org/fhir/tools/StructureDefinition/resource-information">
        <valueString value="Observation"/>
      </extension>
      <reference>
        <reference value="Observation/BSJ-ObservationSPLASCH-100"/>
      </reference>
      <name value="BSJ-ObservationSPLASCH-100"/>
      <description value="An instance of SPLASCH Observation ObservationSPLASCH-100"/>
      <exampleBoolean value="true"/>
    </resource>
    <resource>
      <extension url="http://hl7.org/fhir/tools/StructureDefinition/resource-information">
        <valueString value="Observation"/>
      </extension>
      <reference>
        <reference value="Observation/BSJ-ObservationSPLASCH-11"/>
      </reference>
      <name value="BSJ-ObservationSPLASCH-11"/>
      <description value="An instance of SPLASCH Observation ObservationSPLASCH-11"/>
      <exampleBoolean value="true"/>
    </resource>
    <resource>
      <extension url="http://hl7.org/fhir/tools/StructureDefinition/resource-information">
        <valueString value="Observation"/>
      </extension>
      <reference>
        <reference value="Observation/BSJ-ObservationSPLASCH-12"/>
      </reference>
      <name value="BSJ-ObservationSPLASCH-12"/>
      <description value="An instance of SPLASCH Observation ObservationSPLASCH-12"/>
      <exampleBoolean value="true"/>
    </resource>
    <resource>
      <extension url="http://hl7.org/fhir/tools/StructureDefinition/resource-information">
        <valueString value="Observation"/>
      </extension>
      <reference>
        <reference value="Observation/BSJ-ObservationSPLASCH-13"/>
      </reference>
      <name value="BSJ-ObservationSPLASCH-13"/>
      <description value="An instance of SPLASCH Observation ObservationSPLASCH-13"/>
      <exampleBoolean value="true"/>
    </resource>
    <resource>
      <extension url="http://hl7.org/fhir/tools/StructureDefinition/resource-information">
        <valueString value="Observation"/>
      </extension>
      <reference>
        <reference value="Observation/BSJ-ObservationSPLASCH-14"/>
      </reference>
      <name value="BSJ-ObservationSPLASCH-14"/>
      <description value="An instance of SPLASCH Observation ObservationSPLASCH-14"/>
      <exampleBoolean value="true"/>
    </resource>
    <resource>
      <extension url="http://hl7.org/fhir/tools/StructureDefinition/resource-information">
        <valueString value="Observation"/>
      </extension>
      <reference>
        <reference value="Observation/BSJ-ObservationSPLASCH-15"/>
      </reference>
      <name value="BSJ-ObservationSPLASCH-15"/>
      <description value="An instance of SPLASCH Observation ObservationSPLASCH-15"/>
      <exampleBoolean value="true"/>
    </resource>
    <resource>
      <extension url="http://hl7.org/fhir/tools/StructureDefinition/resource-information">
        <valueString value="Observation"/>
      </extension>
      <reference>
        <reference value="Observation/BSJ-ObservationSPLASCH-16"/>
      </reference>
      <name value="BSJ-ObservationSPLASCH-16"/>
      <description value="An instance of SPLASCH Observation ObservationSPLASCH-16"/>
      <exampleBoolean value="true"/>
    </resource>
    <resource>
      <extension url="http://hl7.org/fhir/tools/StructureDefinition/resource-information">
        <valueString value="Observation"/>
      </extension>
      <reference>
        <reference value="Observation/BSJ-ObservationSPLASCH-17"/>
      </reference>
      <name value="BSJ-ObservationSPLASCH-17"/>
      <description value="An instance of SPLASCH Observation ObservationSPLASCH-17"/>
      <exampleBoolean value="true"/>
    </resource>
    <resource>
      <extension url="http://hl7.org/fhir/tools/StructureDefinition/resource-information">
        <valueString value="Observation"/>
      </extension>
      <reference>
        <reference value="Observation/BSJ-ObservationSPLASCH-18"/>
      </reference>
      <name value="BSJ-ObservationSPLASCH-18"/>
      <description value="An instance of SPLASCH Observation ObservationSPLASCH-18"/>
      <exampleBoolean value="true"/>
    </resource>
    <resource>
      <extension url="http://hl7.org/fhir/tools/StructureDefinition/resource-information">
        <valueString value="Observation"/>
      </extension>
      <reference>
        <reference value="Observation/BSJ-ObservationSPLASCH-19"/>
      </reference>
      <name value="BSJ-ObservationSPLASCH-19"/>
      <description value="An instance of SPLASCH Observation ObservationSPLASCH-19"/>
      <exampleBoolean value="true"/>
    </resource>
    <resource>
      <extension url="http://hl7.org/fhir/tools/StructureDefinition/resource-information">
        <valueString value="Observation"/>
      </extension>
      <reference>
        <reference value="Observation/BSJ-ObservationSPLASCH-20"/>
      </reference>
      <name value="BSJ-ObservationSPLASCH-20"/>
      <description value="An instance of SPLASCH Observation ObservationSPLASCH-20"/>
      <exampleBoolean value="true"/>
    </resource>
    <resource>
      <extension url="http://hl7.org/fhir/tools/StructureDefinition/resource-information">
        <valueString value="Observation"/>
      </extension>
      <reference>
        <reference value="Observation/BSJ-ObservationSPLASCH-21"/>
      </reference>
      <name value="BSJ-ObservationSPLASCH-21"/>
      <description value="An instance of SPLASCH Observation ObservationSPLASCH-21"/>
      <exampleBoolean value="true"/>
    </resource>
    <resource>
      <extension url="http://hl7.org/fhir/tools/StructureDefinition/resource-information">
        <valueString value="Observation"/>
      </extension>
      <reference>
        <reference value="Observation/BSJ-ObservationSPLASCH-22"/>
      </reference>
      <name value="BSJ-ObservationSPLASCH-22"/>
      <description value="An instance of SPLASCH Observation ObservationSPLASCH-22"/>
      <exampleBoolean value="true"/>
    </resource>
    <resource>
      <extension url="http://hl7.org/fhir/tools/StructureDefinition/resource-information">
        <valueString value="Observation"/>
      </extension>
      <reference>
        <reference value="Observation/BSJ-ObservationSPLASCH-23"/>
      </reference>
      <name value="BSJ-ObservationSPLASCH-23"/>
      <description value="An instance of SPLASCH Observation ObservationSPLASCH-23"/>
      <exampleBoolean value="true"/>
    </resource>
    <resource>
      <extension url="http://hl7.org/fhir/tools/StructureDefinition/resource-information">
        <valueString value="Observation"/>
      </extension>
      <reference>
        <reference value="Observation/BSJ-ObservationSPLASCH-24"/>
      </reference>
      <name value="BSJ-ObservationSPLASCH-24"/>
      <description value="An instance of SPLASCH Observation ObservationSPLASCH-24"/>
      <exampleBoolean value="true"/>
    </resource>
    <resource>
      <extension url="http://hl7.org/fhir/tools/StructureDefinition/resource-information">
        <valueString value="Observation"/>
      </extension>
      <reference>
        <reference value="Observation/BSJ-ObservationSPLASCH-25"/>
      </reference>
      <name value="BSJ-ObservationSPLASCH-25"/>
      <description value="An instance of SPLASCH Observation ObservationSPLASCH-25"/>
      <exampleBoolean value="true"/>
    </resource>
    <resource>
      <extension url="http://hl7.org/fhir/tools/StructureDefinition/resource-information">
        <valueString value="Observation"/>
      </extension>
      <reference>
        <reference value="Observation/BSJ-ObservationSPLASCH-26"/>
      </reference>
      <name value="BSJ-ObservationSPLASCH-26"/>
      <description value="An instance of SPLASCH Observation ObservationSPLASCH-26"/>
      <exampleBoolean value="true"/>
    </resource>
    <resource>
      <extension url="http://hl7.org/fhir/tools/StructureDefinition/resource-information">
        <valueString value="Observation"/>
      </extension>
      <reference>
        <reference value="Observation/BSJ-ObservationSPLASCH-27"/>
      </reference>
      <name value="BSJ-ObservationSPLASCH-27"/>
      <description value="An instance of SPLASCH Observation ObservationSPLASCH-27"/>
      <exampleBoolean value="true"/>
    </resource>
    <resource>
      <extension url="http://hl7.org/fhir/tools/StructureDefinition/resource-information">
        <valueString value="Observation"/>
      </extension>
      <reference>
        <reference value="Observation/BSJ-ObservationSPLASCH-28"/>
      </reference>
      <name value="BSJ-ObservationSPLASCH-28"/>
      <description value="An instance of SPLASCH Observation ObservationSPLASCH-28"/>
      <exampleBoolean value="true"/>
    </resource>
    <resource>
      <extension url="http://hl7.org/fhir/tools/StructureDefinition/resource-information">
        <valueString value="Observation"/>
      </extension>
      <reference>
        <reference value="Observation/BSJ-ObservationSPLASCH-29"/>
      </reference>
      <name value="BSJ-ObservationSPLASCH-29"/>
      <description value="An instance of SPLASCH Observation ObservationSPLASCH-29"/>
      <exampleBoolean value="true"/>
    </resource>
    <resource>
      <extension url="http://hl7.org/fhir/tools/StructureDefinition/resource-information">
        <valueString value="Observation"/>
      </extension>
      <reference>
        <reference value="Observation/BSJ-ObservationSPLASCH-30"/>
      </reference>
      <name value="BSJ-ObservationSPLASCH-30"/>
      <description value="An instance of SPLASCH Observation ObservationSPLASCH-30"/>
      <exampleBoolean value="true"/>
    </resource>
    <resource>
      <extension url="http://hl7.org/fhir/tools/StructureDefinition/resource-information">
        <valueString value="Observation"/>
      </extension>
      <reference>
        <reference value="Observation/BSJ-ObservationSPLASCH-31"/>
      </reference>
      <name value="BSJ-ObservationSPLASCH-31"/>
      <description value="An instance of SPLASCH Observation ObservationSPLASCH-31"/>
      <exampleBoolean value="true"/>
    </resource>
    <resource>
      <extension url="http://hl7.org/fhir/tools/StructureDefinition/resource-information">
        <valueString value="Observation"/>
      </extension>
      <reference>
        <reference value="Observation/BSJ-ObservationSPLASCH-32"/>
      </reference>
      <name value="BSJ-ObservationSPLASCH-32"/>
      <description value="An instance of SPLASCH Observation ObservationSPLASCH-32"/>
      <exampleBoolean value="true"/>
    </resource>
    <resource>
      <extension url="http://hl7.org/fhir/tools/StructureDefinition/resource-information">
        <valueString value="Observation"/>
      </extension>
      <reference>
        <reference value="Observation/BSJ-ObservationSPLASCH-33"/>
      </reference>
      <name value="BSJ-ObservationSPLASCH-33"/>
      <description value="An instance of SPLASCH Observation ObservationSPLASCH-33"/>
      <exampleBoolean value="true"/>
    </resource>
    <resource>
      <extension url="http://hl7.org/fhir/tools/StructureDefinition/resource-information">
        <valueString value="Observation"/>
      </extension>
      <reference>
        <reference value="Observation/BSJ-ObservationSPLASCH-34"/>
      </reference>
      <name value="BSJ-ObservationSPLASCH-34"/>
      <description value="An instance of SPLASCH Observation ObservationSPLASCH-34"/>
      <exampleBoolean value="true"/>
    </resource>
    <resource>
      <extension url="http://hl7.org/fhir/tools/StructureDefinition/resource-information">
        <valueString value="Observation"/>
      </extension>
      <reference>
        <reference value="Observation/BSJ-ObservationSPLASCH-35"/>
      </reference>
      <name value="BSJ-ObservationSPLASCH-35"/>
      <description value="An instance of SPLASCH Observation ObservationSPLASCH-35"/>
      <exampleBoolean value="true"/>
    </resource>
    <resource>
      <extension url="http://hl7.org/fhir/tools/StructureDefinition/resource-information">
        <valueString value="Observation"/>
      </extension>
      <reference>
        <reference value="Observation/BSJ-ObservationSPLASCH-36"/>
      </reference>
      <name value="BSJ-ObservationSPLASCH-36"/>
      <description value="An instance of SPLASCH Observation ObservationSPLASCH-36"/>
      <exampleBoolean value="true"/>
    </resource>
    <resource>
      <extension url="http://hl7.org/fhir/tools/StructureDefinition/resource-information">
        <valueString value="Observation"/>
      </extension>
      <reference>
        <reference value="Observation/BSJ-ObservationSPLASCH-37"/>
      </reference>
      <name value="BSJ-ObservationSPLASCH-37"/>
      <description value="An instance of SPLASCH Observation ObservationSPLASCH-37"/>
      <exampleBoolean value="true"/>
    </resource>
    <resource>
      <extension url="http://hl7.org/fhir/tools/StructureDefinition/resource-information">
        <valueString value="Observation"/>
      </extension>
      <reference>
        <reference value="Observation/BSJ-ObservationSPLASCH-38"/>
      </reference>
      <name value="BSJ-ObservationSPLASCH-38"/>
      <description value="An instance of SPLASCH Observation ObservationSPLASCH-38"/>
      <exampleBoolean value="true"/>
    </resource>
    <resource>
      <extension url="http://hl7.org/fhir/tools/StructureDefinition/resource-information">
        <valueString value="Observation"/>
      </extension>
      <reference>
        <reference value="Observation/BSJ-ObservationSPLASCH-39"/>
      </reference>
      <name value="BSJ-ObservationSPLASCH-39"/>
      <description value="An instance of SPLASCH Observation ObservationSPLASCH-39"/>
      <exampleBoolean value="true"/>
    </resource>
    <resource>
      <extension url="http://hl7.org/fhir/tools/StructureDefinition/resource-information">
        <valueString value="Observation"/>
      </extension>
      <reference>
        <reference value="Observation/BSJ-ObservationSPLASCH-40"/>
      </reference>
      <name value="BSJ-ObservationSPLASCH-40"/>
      <description value="An instance of SPLASCH Observation ObservationSPLASCH-40"/>
      <exampleBoolean value="true"/>
    </resource>
    <resource>
      <extension url="http://hl7.org/fhir/tools/StructureDefinition/resource-information">
        <valueString value="Observation"/>
      </extension>
      <reference>
        <reference value="Observation/BSJ-ObservationSPLASCH-41"/>
      </reference>
      <name value="BSJ-ObservationSPLASCH-41"/>
      <description value="An instance of SPLASCH Observation ObservationSPLASCH-41"/>
      <exampleBoolean value="true"/>
    </resource>
    <resource>
      <extension url="http://hl7.org/fhir/tools/StructureDefinition/resource-information">
        <valueString value="Observation"/>
      </extension>
      <reference>
        <reference value="Observation/BSJ-ObservationSPLASCH-42"/>
      </reference>
      <name value="BSJ-ObservationSPLASCH-42"/>
      <description value="An instance of SPLASCH Observation ObservationSPLASCH-42"/>
      <exampleBoolean value="true"/>
    </resource>
    <resource>
      <extension url="http://hl7.org/fhir/tools/StructureDefinition/resource-information">
        <valueString value="Observation"/>
      </extension>
      <reference>
        <reference value="Observation/BSJ-ObservationSPLASCH-43"/>
      </reference>
      <name value="BSJ-ObservationSPLASCH-43"/>
      <description value="An instance of SPLASCH Observation ObservationSPLASCH-43"/>
      <exampleBoolean value="true"/>
    </resource>
    <resource>
      <extension url="http://hl7.org/fhir/tools/StructureDefinition/resource-information">
        <valueString value="Observation"/>
      </extension>
      <reference>
        <reference value="Observation/BSJ-ObservationSPLASCH-44"/>
      </reference>
      <name value="BSJ-ObservationSPLASCH-44"/>
      <description value="An instance of SPLASCH Observation ObservationSPLASCH-44"/>
      <exampleBoolean value="true"/>
    </resource>
    <resource>
      <extension url="http://hl7.org/fhir/tools/StructureDefinition/resource-information">
        <valueString value="Observation"/>
      </extension>
      <reference>
        <reference value="Observation/BSJ-ObservationSPLASCH-45"/>
      </reference>
      <name value="BSJ-ObservationSPLASCH-45"/>
      <description value="An instance of SPLASCH Observation ObservationSPLASCH-45"/>
      <exampleBoolean value="true"/>
    </resource>
    <resource>
      <extension url="http://hl7.org/fhir/tools/StructureDefinition/resource-information">
        <valueString value="Observation"/>
      </extension>
      <reference>
        <reference value="Observation/BSJ-ObservationSPLASCH-46"/>
      </reference>
      <name value="BSJ-ObservationSPLASCH-46"/>
      <description value="An instance of SPLASCH Observation ObservationSPLASCH-46"/>
      <exampleBoolean value="true"/>
    </resource>
    <resource>
      <extension url="http://hl7.org/fhir/tools/StructureDefinition/resource-information">
        <valueString value="Observation"/>
      </extension>
      <reference>
        <reference value="Observation/BSJ-ObservationSPLASCH-47"/>
      </reference>
      <name value="BSJ-ObservationSPLASCH-47"/>
      <description value="An instance of SPLASCH Observation ObservationSPLASCH-47"/>
      <exampleBoolean value="true"/>
    </resource>
    <resource>
      <extension url="http://hl7.org/fhir/tools/StructureDefinition/resource-information">
        <valueString value="Observation"/>
      </extension>
      <reference>
        <reference value="Observation/BSJ-ObservationSPLASCH-48"/>
      </reference>
      <name value="BSJ-ObservationSPLASCH-48"/>
      <description value="An instance of SPLASCH Observation ObservationSPLASCH-48"/>
      <exampleBoolean value="true"/>
    </resource>
    <resource>
      <extension url="http://hl7.org/fhir/tools/StructureDefinition/resource-information">
        <valueString value="Observation"/>
      </extension>
      <reference>
        <reference value="Observation/BSJ-ObservationSPLASCH-49"/>
      </reference>
      <name value="BSJ-ObservationSPLASCH-49"/>
      <description value="An instance of SPLASCH Observation ObservationSPLASCH-49"/>
      <exampleBoolean value="true"/>
    </resource>
    <resource>
      <extension url="http://hl7.org/fhir/tools/StructureDefinition/resource-information">
        <valueString value="Observation"/>
      </extension>
      <reference>
        <reference value="Observation/BSJ-ObservationSPLASCH-50"/>
      </reference>
      <name value="BSJ-ObservationSPLASCH-50"/>
      <description value="An instance of SPLASCH Observation ObservationSPLASCH-50"/>
      <exampleBoolean value="true"/>
    </resource>
    <resource>
      <extension url="http://hl7.org/fhir/tools/StructureDefinition/resource-information">
        <valueString value="Observation"/>
      </extension>
      <reference>
        <reference value="Observation/BSJ-ObservationSPLASCH-51"/>
      </reference>
      <name value="BSJ-ObservationSPLASCH-51"/>
      <description value="An instance of SPLASCH Observation ObservationSPLASCH-51"/>
      <exampleBoolean value="true"/>
    </resource>
    <resource>
      <extension url="http://hl7.org/fhir/tools/StructureDefinition/resource-information">
        <valueString value="Observation"/>
      </extension>
      <reference>
        <reference value="Observation/BSJ-ObservationSPLASCH-52"/>
      </reference>
      <name value="BSJ-ObservationSPLASCH-52"/>
      <description value="An instance of SPLASCH Observation ObservationSPLASCH-52"/>
      <exampleBoolean value="true"/>
    </resource>
    <resource>
      <extension url="http://hl7.org/fhir/tools/StructureDefinition/resource-information">
        <valueString value="Observation"/>
      </extension>
      <reference>
        <reference value="Observation/BSJ-ObservationSPLASCH-53"/>
      </reference>
      <name value="BSJ-ObservationSPLASCH-53"/>
      <description value="An instance of SPLASCH Observation ObservationSPLASCH-53"/>
      <exampleBoolean value="true"/>
    </resource>
    <resource>
      <extension url="http://hl7.org/fhir/tools/StructureDefinition/resource-information">
        <valueString value="Observation"/>
      </extension>
      <reference>
        <reference value="Observation/BSJ-ObservationSPLASCH-54"/>
      </reference>
      <name value="BSJ-ObservationSPLASCH-54"/>
      <description value="An instance of SPLASCH Observation ObservationSPLASCH-54"/>
      <exampleBoolean value="true"/>
    </resource>
    <resource>
      <extension url="http://hl7.org/fhir/tools/StructureDefinition/resource-information">
        <valueString value="Observation"/>
      </extension>
      <reference>
        <reference value="Observation/BSJ-ObservationSPLASCH-55"/>
      </reference>
      <name value="BSJ-ObservationSPLASCH-55"/>
      <description value="An instance of SPLASCH Observation ObservationSPLASCH-55"/>
      <exampleBoolean value="true"/>
    </resource>
    <resource>
      <extension url="http://hl7.org/fhir/tools/StructureDefinition/resource-information">
        <valueString value="Observation"/>
      </extension>
      <reference>
        <reference value="Observation/BSJ-ObservationSPLASCH-56"/>
      </reference>
      <name value="BSJ-ObservationSPLASCH-56"/>
      <description value="An instance of SPLASCH Observation ObservationSPLASCH-56"/>
      <exampleBoolean value="true"/>
    </resource>
    <resource>
      <extension url="http://hl7.org/fhir/tools/StructureDefinition/resource-information">
        <valueString value="Observation"/>
      </extension>
      <reference>
        <reference value="Observation/BSJ-ObservationSPLASCH-57"/>
      </reference>
      <name value="BSJ-ObservationSPLASCH-57"/>
      <description value="An instance of SPLASCH Observation ObservationSPLASCH-57"/>
      <exampleBoolean value="true"/>
    </resource>
    <resource>
      <extension url="http://hl7.org/fhir/tools/StructureDefinition/resource-information">
        <valueString value="Observation"/>
      </extension>
      <reference>
        <reference value="Observation/BSJ-ObservationSPLASCH-58"/>
      </reference>
      <name value="BSJ-ObservationSPLASCH-58"/>
      <description value="An instance of SPLASCH Observation ObservationSPLASCH-58"/>
      <exampleBoolean value="true"/>
    </resource>
    <resource>
      <extension url="http://hl7.org/fhir/tools/StructureDefinition/resource-information">
        <valueString value="Observation"/>
      </extension>
      <reference>
        <reference value="Observation/BSJ-ObservationSPLASCH-59"/>
      </reference>
      <name value="BSJ-ObservationSPLASCH-59"/>
      <description value="An instance of SPLASCH Observation ObservationSPLASCH-59"/>
      <exampleBoolean value="true"/>
    </resource>
    <resource>
      <extension url="http://hl7.org/fhir/tools/StructureDefinition/resource-information">
        <valueString value="Observation"/>
      </extension>
      <reference>
        <reference value="Observation/BSJ-ObservationSPLASCH-60"/>
      </reference>
      <name value="BSJ-ObservationSPLASCH-60"/>
      <description value="An instance of SPLASCH Observation ObservationSPLASCH-60"/>
      <exampleBoolean value="true"/>
    </resource>
    <resource>
      <extension url="http://hl7.org/fhir/tools/StructureDefinition/resource-information">
        <valueString value="Observation"/>
      </extension>
      <reference>
        <reference value="Observation/BSJ-ObservationSPLASCH-61"/>
      </reference>
      <name value="BSJ-ObservationSPLASCH-61"/>
      <description value="An instance of SPLASCH Observation ObservationSPLASCH-61"/>
      <exampleBoolean value="true"/>
    </resource>
    <resource>
      <extension url="http://hl7.org/fhir/tools/StructureDefinition/resource-information">
        <valueString value="Observation"/>
      </extension>
      <reference>
        <reference value="Observation/BSJ-ObservationSPLASCH-62"/>
      </reference>
      <name value="BSJ-ObservationSPLASCH-62"/>
      <description value="An instance of SPLASCH Observation ObservationSPLASCH-62"/>
      <exampleBoolean value="true"/>
    </resource>
    <resource>
      <extension url="http://hl7.org/fhir/tools/StructureDefinition/resource-information">
        <valueString value="Observation"/>
      </extension>
      <reference>
        <reference value="Observation/BSJ-ObservationSPLASCH-63"/>
      </reference>
      <name value="BSJ-ObservationSPLASCH-63"/>
      <description value="An instance of SPLASCH Observation ObservationSPLASCH-63"/>
      <exampleBoolean value="true"/>
    </resource>
    <resource>
      <extension url="http://hl7.org/fhir/tools/StructureDefinition/resource-information">
        <valueString value="Observation"/>
      </extension>
      <reference>
        <reference value="Observation/BSJ-ObservationSPLASCH-64"/>
      </reference>
      <name value="BSJ-ObservationSPLASCH-64"/>
      <description value="An instance of SPLASCH Observation ObservationSPLASCH-64"/>
      <exampleBoolean value="true"/>
    </resource>
    <resource>
      <extension url="http://hl7.org/fhir/tools/StructureDefinition/resource-information">
        <valueString value="Observation"/>
      </extension>
      <reference>
        <reference value="Observation/BSJ-ObservationSPLASCH-65"/>
      </reference>
      <name value="BSJ-ObservationSPLASCH-65"/>
      <description value="An instance of SPLASCH Observation ObservationSPLASCH-65"/>
      <exampleBoolean value="true"/>
    </resource>
    <resource>
      <extension url="http://hl7.org/fhir/tools/StructureDefinition/resource-information">
        <valueString value="Observation"/>
      </extension>
      <reference>
        <reference value="Observation/BSJ-ObservationSPLASCH-66"/>
      </reference>
      <name value="BSJ-ObservationSPLASCH-66"/>
      <description value="An instance of SPLASCH Observation ObservationSPLASCH-66"/>
      <exampleBoolean value="true"/>
    </resource>
    <resource>
      <extension url="http://hl7.org/fhir/tools/StructureDefinition/resource-information">
        <valueString value="Observation"/>
      </extension>
      <reference>
        <reference value="Observation/BSJ-ObservationSPLASCH-67"/>
      </reference>
      <name value="BSJ-ObservationSPLASCH-67"/>
      <description value="An instance of SPLASCH Observation ObservationSPLASCH-67"/>
      <exampleBoolean value="true"/>
    </resource>
    <resource>
      <extension url="http://hl7.org/fhir/tools/StructureDefinition/resource-information">
        <valueString value="Observation"/>
      </extension>
      <reference>
        <reference value="Observation/BSJ-ObservationSPLASCH-68"/>
      </reference>
      <name value="BSJ-ObservationSPLASCH-68"/>
      <description value="An instance of SPLASCH Observation ObservationSPLASCH-68"/>
      <exampleBoolean value="true"/>
    </resource>
    <resource>
      <extension url="http://hl7.org/fhir/tools/StructureDefinition/resource-information">
        <valueString value="Observation"/>
      </extension>
      <reference>
        <reference value="Observation/BSJ-ObservationSPLASCH-69"/>
      </reference>
      <name value="BSJ-ObservationSPLASCH-69"/>
      <description value="An instance of SPLASCH Observation ObservationSPLASCH-69"/>
      <exampleBoolean value="true"/>
    </resource>
    <resource>
      <extension url="http://hl7.org/fhir/tools/StructureDefinition/resource-information">
        <valueString value="Observation"/>
      </extension>
      <reference>
        <reference value="Observation/BSJ-ObservationSPLASCH-70"/>
      </reference>
      <name value="BSJ-ObservationSPLASCH-70"/>
      <description value="An instance of SPLASCH Observation ObservationSPLASCH-70"/>
      <exampleBoolean value="true"/>
    </resource>
    <resource>
      <extension url="http://hl7.org/fhir/tools/StructureDefinition/resource-information">
        <valueString value="Observation"/>
      </extension>
      <reference>
        <reference value="Observation/BSJ-ObservationSPLASCH-71"/>
      </reference>
      <name value="BSJ-ObservationSPLASCH-71"/>
      <description value="An instance of SPLASCH Observation ObservationSPLASCH-71"/>
      <exampleBoolean value="true"/>
    </resource>
    <resource>
      <extension url="http://hl7.org/fhir/tools/StructureDefinition/resource-information">
        <valueString value="Observation"/>
      </extension>
      <reference>
        <reference value="Observation/BSJ-ObservationSPLASCH-72"/>
      </reference>
      <name value="BSJ-ObservationSPLASCH-72"/>
      <description value="An instance of SPLASCH Observation ObservationSPLASCH-72"/>
      <exampleBoolean value="true"/>
    </resource>
    <resource>
      <extension url="http://hl7.org/fhir/tools/StructureDefinition/resource-information">
        <valueString value="Observation"/>
      </extension>
      <reference>
        <reference value="Observation/BSJ-ObservationSPLASCH-73"/>
      </reference>
      <name value="BSJ-ObservationSPLASCH-73"/>
      <description value="An instance of SPLASCH Observation ObservationSPLASCH-73"/>
      <exampleBoolean value="true"/>
    </resource>
    <resource>
      <extension url="http://hl7.org/fhir/tools/StructureDefinition/resource-information">
        <valueString value="Observation"/>
      </extension>
      <reference>
        <reference value="Observation/BSJ-ObservationSPLASCH-74"/>
      </reference>
      <name value="BSJ-ObservationSPLASCH-74"/>
      <description value="An instance of SPLASCH Observation ObservationSPLASCH-74"/>
      <exampleBoolean value="true"/>
    </resource>
    <resource>
      <extension url="http://hl7.org/fhir/tools/StructureDefinition/resource-information">
        <valueString value="Observation"/>
      </extension>
      <reference>
        <reference value="Observation/BSJ-ObservationSPLASCH-75"/>
      </reference>
      <name value="BSJ-ObservationSPLASCH-75"/>
      <description value="An instance of SPLASCH Observation ObservationSPLASCH-75"/>
      <exampleBoolean value="true"/>
    </resource>
    <resource>
      <extension url="http://hl7.org/fhir/tools/StructureDefinition/resource-information">
        <valueString value="Observation"/>
      </extension>
      <reference>
        <reference value="Observation/BSJ-ObservationSPLASCH-76"/>
      </reference>
      <name value="BSJ-ObservationSPLASCH-76"/>
      <description value="An instance of SPLASCH Observation ObservationSPLASCH-76"/>
      <exampleBoolean value="true"/>
    </resource>
    <resource>
      <extension url="http://hl7.org/fhir/tools/StructureDefinition/resource-information">
        <valueString value="Observation"/>
      </extension>
      <reference>
        <reference value="Observation/BSJ-ObservationSPLASCH-77"/>
      </reference>
      <name value="BSJ-ObservationSPLASCH-77"/>
      <description value="An instance of SPLASCH Observation ObservationSPLASCH-77"/>
      <exampleBoolean value="true"/>
    </resource>
    <resource>
      <extension url="http://hl7.org/fhir/tools/StructureDefinition/resource-information">
        <valueString value="Observation"/>
      </extension>
      <reference>
        <reference value="Observation/BSJ-ObservationSPLASCH-78"/>
      </reference>
      <name value="BSJ-ObservationSPLASCH-78"/>
      <description value="An instance of SPLASCH Observation ObservationSPLASCH-78"/>
      <exampleBoolean value="true"/>
    </resource>
    <resource>
      <extension url="http://hl7.org/fhir/tools/StructureDefinition/resource-information">
        <valueString value="Observation"/>
      </extension>
      <reference>
        <reference value="Observation/BSJ-ObservationSPLASCH-79"/>
      </reference>
      <name value="BSJ-ObservationSPLASCH-79"/>
      <description value="An instance of SPLASCH Observation ObservationSPLASCH-79"/>
      <exampleBoolean value="true"/>
    </resource>
    <resource>
      <extension url="http://hl7.org/fhir/tools/StructureDefinition/resource-information">
        <valueString value="Observation"/>
      </extension>
      <reference>
        <reference value="Observation/BSJ-ObservationSPLASCH-80"/>
      </reference>
      <name value="BSJ-ObservationSPLASCH-80"/>
      <description value="An instance of SPLASCH Observation ObservationSPLASCH-80"/>
      <exampleBoolean value="true"/>
    </resource>
    <resource>
      <extension url="http://hl7.org/fhir/tools/StructureDefinition/resource-information">
        <valueString value="Observation"/>
      </extension>
      <reference>
        <reference value="Observation/BSJ-ObservationSPLASCH-81"/>
      </reference>
      <name value="BSJ-ObservationSPLASCH-81"/>
      <description value="An instance of SPLASCH Observation ObservationSPLASCH-81"/>
      <exampleBoolean value="true"/>
    </resource>
    <resource>
      <extension url="http://hl7.org/fhir/tools/StructureDefinition/resource-information">
        <valueString value="Observation"/>
      </extension>
      <reference>
        <reference value="Observation/BSJ-ObservationSPLASCH-82"/>
      </reference>
      <name value="BSJ-ObservationSPLASCH-82"/>
      <description value="An instance of SPLASCH Observation ObservationSPLASCH-82"/>
      <exampleBoolean value="true"/>
    </resource>
    <resource>
      <extension url="http://hl7.org/fhir/tools/StructureDefinition/resource-information">
        <valueString value="Observation"/>
      </extension>
      <reference>
        <reference value="Observation/BSJ-ObservationSPLASCH-83"/>
      </reference>
      <name value="BSJ-ObservationSPLASCH-83"/>
      <description value="An instance of SPLASCH Observation ObservationSPLASCH-83"/>
      <exampleBoolean value="true"/>
    </resource>
    <resource>
      <extension url="http://hl7.org/fhir/tools/StructureDefinition/resource-information">
        <valueString value="Observation"/>
      </extension>
      <reference>
        <reference value="Observation/BSJ-ObservationSPLASCH-84"/>
      </reference>
      <name value="BSJ-ObservationSPLASCH-84"/>
      <description value="An instance of SPLASCH Observation ObservationSPLASCH-84"/>
      <exampleBoolean value="true"/>
    </resource>
    <resource>
      <extension url="http://hl7.org/fhir/tools/StructureDefinition/resource-information">
        <valueString value="Observation"/>
      </extension>
      <reference>
        <reference value="Observation/BSJ-ObservationSPLASCH-85"/>
      </reference>
      <name value="BSJ-ObservationSPLASCH-85"/>
      <description value="An instance of SPLASCH Observation ObservationSPLASCH-85"/>
      <exampleBoolean value="true"/>
    </resource>
    <resource>
      <extension url="http://hl7.org/fhir/tools/StructureDefinition/resource-information">
        <valueString value="Observation"/>
      </extension>
      <reference>
        <reference value="Observation/BSJ-ObservationSPLASCH-86"/>
      </reference>
      <name value="BSJ-ObservationSPLASCH-86"/>
      <description value="An instance of SPLASCH Observation ObservationSPLASCH-86"/>
      <exampleBoolean value="true"/>
    </resource>
    <resource>
      <extension url="http://hl7.org/fhir/tools/StructureDefinition/resource-information">
        <valueString value="Observation"/>
      </extension>
      <reference>
        <reference value="Observation/BSJ-ObservationSPLASCH-87"/>
      </reference>
      <name value="BSJ-ObservationSPLASCH-87"/>
      <description value="An instance of SPLASCH Observation ObservationSPLASCH-87"/>
      <exampleBoolean value="true"/>
    </resource>
    <resource>
      <extension url="http://hl7.org/fhir/tools/StructureDefinition/resource-information">
        <valueString value="Observation"/>
      </extension>
      <reference>
        <reference value="Observation/BSJ-ObservationSPLASCH-88"/>
      </reference>
      <name value="BSJ-ObservationSPLASCH-88"/>
      <description value="An instance of SPLASCH Observation ObservationSPLASCH-88"/>
      <exampleBoolean value="true"/>
    </resource>
    <resource>
      <extension url="http://hl7.org/fhir/tools/StructureDefinition/resource-information">
        <valueString value="Observation"/>
      </extension>
      <reference>
        <reference value="Observation/BSJ-ObservationSPLASCH-89"/>
      </reference>
      <name value="BSJ-ObservationSPLASCH-89"/>
      <description value="An instance of SPLASCH Observation ObservationSPLASCH-89"/>
      <exampleBoolean value="true"/>
    </resource>
    <resource>
      <extension url="http://hl7.org/fhir/tools/StructureDefinition/resource-information">
        <valueString value="Observation"/>
      </extension>
      <reference>
        <reference value="Observation/BSJ-ObservationSPLASCH-90"/>
      </reference>
      <name value="BSJ-ObservationSPLASCH-90"/>
      <description value="An instance of SPLASCH Observation ObservationSPLASCH-90"/>
      <exampleBoolean value="true"/>
    </resource>
    <resource>
      <extension url="http://hl7.org/fhir/tools/StructureDefinition/resource-information">
        <valueString value="Observation"/>
      </extension>
      <reference>
        <reference value="Observation/BSJ-ObservationSPLASCH-91"/>
      </reference>
      <name value="BSJ-ObservationSPLASCH-91"/>
      <description value="An instance of SPLASCH Observation ObservationSPLASCH-91"/>
      <exampleBoolean value="true"/>
    </resource>
    <resource>
      <extension url="http://hl7.org/fhir/tools/StructureDefinition/resource-information">
        <valueString value="Observation"/>
      </extension>
      <reference>
        <reference value="Observation/BSJ-ObservationSPLASCH-92"/>
      </reference>
      <name value="BSJ-ObservationSPLASCH-92"/>
      <description value="An instance of SPLASCH Observation ObservationSPLASCH-92"/>
      <exampleBoolean value="true"/>
    </resource>
    <resource>
      <extension url="http://hl7.org/fhir/tools/StructureDefinition/resource-information">
        <valueString value="Observation"/>
      </extension>
      <reference>
        <reference value="Observation/BSJ-ObservationSPLASCH-93"/>
      </reference>
      <name value="BSJ-ObservationSPLASCH-93"/>
      <description value="An instance of SPLASCH Observation ObservationSPLASCH-93"/>
      <exampleBoolean value="true"/>
    </resource>
    <resource>
      <extension url="http://hl7.org/fhir/tools/StructureDefinition/resource-information">
        <valueString value="Observation"/>
      </extension>
      <reference>
        <reference value="Observation/BSJ-ObservationSPLASCH-94"/>
      </reference>
      <name value="BSJ-ObservationSPLASCH-94"/>
      <description value="An instance of SPLASCH Observation ObservationSPLASCH-94"/>
      <exampleBoolean value="true"/>
    </resource>
    <resource>
      <extension url="http://hl7.org/fhir/tools/StructureDefinition/resource-information">
        <valueString value="Observation"/>
      </extension>
      <reference>
        <reference value="Observation/BSJ-ObservationSPLASCH-95"/>
      </reference>
      <name value="BSJ-ObservationSPLASCH-95"/>
      <description value="An instance of SPLASCH Observation ObservationSPLASCH-95"/>
      <exampleBoolean value="true"/>
    </resource>
    <resource>
      <extension url="http://hl7.org/fhir/tools/StructureDefinition/resource-information">
        <valueString value="Observation"/>
      </extension>
      <reference>
        <reference value="Observation/BSJ-ObservationSPLASCH-96"/>
      </reference>
      <name value="BSJ-ObservationSPLASCH-96"/>
      <description value="An instance of SPLASCH Observation ObservationSPLASCH-96"/>
      <exampleBoolean value="true"/>
    </resource>
    <resource>
      <extension url="http://hl7.org/fhir/tools/StructureDefinition/resource-information">
        <valueString value="Observation"/>
      </extension>
      <reference>
        <reference value="Observation/BSJ-ObservationSPLASCH-97"/>
      </reference>
      <name value="BSJ-ObservationSPLASCH-97"/>
      <description value="An instance of SPLASCH Observation ObservationSPLASCH-97"/>
      <exampleBoolean value="true"/>
    </resource>
    <resource>
      <extension url="http://hl7.org/fhir/tools/StructureDefinition/resource-information">
        <valueString value="Observation"/>
      </extension>
      <reference>
        <reference value="Observation/BSJ-ObservationSPLASCH-98"/>
      </reference>
      <name value="BSJ-ObservationSPLASCH-98"/>
      <description value="An instance of SPLASCH Observation ObservationSPLASCH-98"/>
      <exampleBoolean value="true"/>
    </resource>
    <resource>
      <extension url="http://hl7.org/fhir/tools/StructureDefinition/resource-information">
        <valueString value="Observation"/>
      </extension>
      <reference>
        <reference value="Observation/BSJ-ObservationSPLASCH-99"/>
      </reference>
      <name value="BSJ-ObservationSPLASCH-99"/>
      <description value="An instance of SPLASCH Observation ObservationSPLASCH-99"/>
      <exampleBoolean value="true"/>
    </resource>
    <resource>
      <extension url="http://hl7.org/fhir/tools/StructureDefinition/resource-information">
        <valueString value="Patient"/>
      </extension>
      <reference>
        <reference value="Patient/BSJ-patientBSJ1"/>
      </reference>
      <name value="BSJ-patientBSJ1"/>
      <description value="An instance of USCorePatientProfile"/>
      <exampleBoolean value="true"/>
    </resource>
    <resource>
      <extension url="http://hl7.org/fhir/tools/StructureDefinition/resource-information">
        <valueString value="Organization"/>
      </extension>
      <reference>
        <reference value="Organization/Organization-Hospital"/>
      </reference>
      <name value="Organization-Hospital"/>
      <description value="An instance of Organization"/>
      <exampleBoolean value="true"/>
    </resource>
    <resource>
      <extension url="http://hl7.org/fhir/tools/StructureDefinition/resource-information">
        <valueString value="Organization"/>
      </extension>
      <reference>
        <reference value="Organization/Organization-Skilled-Nursing-Facility"/>
      </reference>
      <name value="Organization-Skilled-Nursing-Facility"/>
      <description value="An instance of Organization"/>
      <exampleBoolean value="true"/>
    </resource>
    <resource>
      <extension url="http://hl7.org/fhir/tools/StructureDefinition/resource-information">
        <valueString value="Practitioner"/>
      </extension>
      <reference>
        <reference value="Practitioner/Practitioner-AlexChen"/>
      </reference>
      <name value="Practitioner-AlexChen"/>
      <description value="An instance of Practitioner"/>
      <exampleBoolean value="true"/>
    </resource>
    <resource>
      <extension url="http://hl7.org/fhir/tools/StructureDefinition/resource-information">
        <valueString value="Practitioner"/>
      </extension>
      <reference>
        <reference value="Practitioner/Practitioner-CharlesAdebayo"/>
      </reference>
      <name value="Practitioner-CharlesAdebayo"/>
      <description value="An instance of Practitioner"/>
      <exampleBoolean value="true"/>
    </resource>
    <resource>
      <extension url="http://hl7.org/fhir/tools/StructureDefinition/resource-information">
        <valueString value="Practitioner"/>
      </extension>
      <reference>
        <reference value="Practitioner/Practitioner-DeborahStein"/>
      </reference>
      <name value="Practitioner-DeborahStein"/>
      <description value="An instance of Practitioner"/>
      <exampleBoolean value="true"/>
    </resource>
    <resource>
      <extension url="http://hl7.org/fhir/tools/StructureDefinition/resource-information">
        <valueString value="Practitioner"/>
      </extension>
      <reference>
        <reference value="Practitioner/Practitioner-EmanuelWitt"/>
      </reference>
      <name value="Practitioner-EmanuelWitt"/>
      <description value="An instance of Practitioner"/>
      <exampleBoolean value="true"/>
    </resource>
    <resource>
      <extension url="http://hl7.org/fhir/tools/StructureDefinition/resource-information">
        <valueString value="Practitioner"/>
      </extension>
      <reference>
        <reference value="Practitioner/Practitioner-JennyGlass"/>
      </reference>
      <name value="Practitioner-JennyGlass"/>
      <description value="An instance of Practitioner"/>
      <exampleBoolean value="true"/>
    </resource>
    <resource>
      <extension url="http://hl7.org/fhir/tools/StructureDefinition/resource-information">
        <valueString value="Practitioner"/>
      </extension>
      <reference>
        <reference value="Practitioner/Practitioner-JudySmiley"/>
      </reference>
      <name value="Practitioner-JudySmiley"/>
      <description value="An instance of Practitioner"/>
      <exampleBoolean value="true"/>
    </resource>
    <resource>
      <extension url="http://hl7.org/fhir/tools/StructureDefinition/resource-information">
        <valueString value="Practitioner"/>
      </extension>
      <reference>
        <reference value="Practitioner/Practitioner-NaomiMerrill"/>
      </reference>
      <name value="Practitioner-NaomiMerrill"/>
      <description value="An instance of Practitioner"/>
      <exampleBoolean value="true"/>
    </resource>
    <resource>
      <extension url="http://hl7.org/fhir/tools/StructureDefinition/resource-information">
        <valueString value="Practitioner"/>
      </extension>
      <reference>
        <reference value="Practitioner/Practitioner-RachelAlbertson"/>
      </reference>
      <name value="Practitioner-RachelAlbertson"/>
      <description value="An instance of Practitioner"/>
      <exampleBoolean value="true"/>
    </resource>
    <resource>
      <extension url="http://hl7.org/fhir/tools/StructureDefinition/resource-information">
        <valueString value="Practitioner"/>
      </extension>
      <reference>
        <reference value="Practitioner/Practitioner-RileyDelgrego"/>
      </reference>
      <name value="Practitioner-RileyDelgrego"/>
      <description value="An instance of Practitioner"/>
      <exampleBoolean value="true"/>
    </resource>
    <resource>
      <extension url="http://hl7.org/fhir/tools/StructureDefinition/resource-information">
        <valueString value="Practitioner"/>
      </extension>
      <reference>
        <reference value="Practitioner/Practitioner-RonMarble"/>
      </reference>
      <name value="Practitioner-RonMarble"/>
      <description value="An instance of Practitioner"/>
      <exampleBoolean value="true"/>
    </resource>
    <resource>
      <extension url="http://hl7.org/fhir/tools/StructureDefinition/resource-information">
        <valueString value="PractitionerRole"/>
      </extension>
      <reference>
        <reference value="PractitionerRole/Provider-role-AlexChen"/>
      </reference>
      <name value="Provider-role-AlexChen"/>
      <description value="An instance of PractitionerRole"/>
      <exampleBoolean value="true"/>
    </resource>
    <resource>
      <extension url="http://hl7.org/fhir/tools/StructureDefinition/resource-information">
        <valueString value="PractitionerRole"/>
      </extension>
      <reference>
        <reference value="PractitionerRole/Provider-role-CharlesAdebayo"/>
      </reference>
      <name value="Provider-role-CharlesAdebayo"/>
      <description value="An instance of PractitionerRole"/>
      <exampleBoolean value="true"/>
    </resource>
    <resource>
      <extension url="http://hl7.org/fhir/tools/StructureDefinition/resource-information">
        <valueString value="PractitionerRole"/>
      </extension>
      <reference>
        <reference value="PractitionerRole/Provider-role-DeborahStein"/>
      </reference>
      <name value="Provider-role-DeborahStein"/>
      <description value="An instance of PractitionerRole"/>
      <exampleBoolean value="true"/>
    </resource>
    <resource>
      <extension url="http://hl7.org/fhir/tools/StructureDefinition/resource-information">
        <valueString value="PractitionerRole"/>
      </extension>
      <reference>
        <reference value="PractitionerRole/Provider-role-EmanuelWitt"/>
      </reference>
      <name value="Provider-role-EmanuelWitt"/>
      <description value="An instance of PractitionerRole"/>
      <exampleBoolean value="true"/>
    </resource>
    <resource>
      <extension url="http://hl7.org/fhir/tools/StructureDefinition/resource-information">
        <valueString value="PractitionerRole"/>
      </extension>
      <reference>
        <reference value="PractitionerRole/Provider-role-JennyGlass"/>
      </reference>
      <name value="Provider-role-JennyGlass"/>
      <description value="An instance of PractitionerRole"/>
      <exampleBoolean value="true"/>
    </resource>
    <resource>
      <extension url="http://hl7.org/fhir/tools/StructureDefinition/resource-information">
        <valueString value="PractitionerRole"/>
      </extension>
      <reference>
        <reference value="PractitionerRole/Provider-role-JudySmiley"/>
      </reference>
      <name value="Provider-role-JudySmiley"/>
      <description value="An instance of PractitionerRole"/>
      <exampleBoolean value="true"/>
    </resource>
    <resource>
      <extension url="http://hl7.org/fhir/tools/StructureDefinition/resource-information">
        <valueString value="PractitionerRole"/>
      </extension>
      <reference>
        <reference value="PractitionerRole/Provider-role-NaomiMerrill"/>
      </reference>
      <name value="Provider-role-NaomiMerrill"/>
      <description value="An instance of PractitionerRole"/>
      <exampleBoolean value="true"/>
    </resource>
    <resource>
      <extension url="http://hl7.org/fhir/tools/StructureDefinition/resource-information">
        <valueString value="PractitionerRole"/>
      </extension>
      <reference>
        <reference value="PractitionerRole/Provider-role-RachelAlbertson"/>
      </reference>
      <name value="Provider-role-RachelAlbertson"/>
      <description value="An instance of PractitionerRole"/>
      <exampleBoolean value="true"/>
    </resource>
    <resource>
      <extension url="http://hl7.org/fhir/tools/StructureDefinition/resource-information">
        <valueString value="PractitionerRole"/>
      </extension>
      <reference>
        <reference value="PractitionerRole/Provider-role-RileyDelgrego"/>
      </reference>
      <name value="Provider-role-RileyDelgrego"/>
      <description value="An instance of PractitionerRole"/>
      <exampleBoolean value="true"/>
    </resource>
    <resource>
      <extension url="http://hl7.org/fhir/tools/StructureDefinition/resource-information">
        <valueString value="PractitionerRole"/>
      </extension>
      <reference>
        <reference value="PractitionerRole/Provider-role-RonMarble"/>
      </reference>
      <name value="Provider-role-RonMarble"/>
      <description value="An instance of PractitionerRole"/>
      <exampleBoolean value="true"/>
    </resource>
    <page>
      <nameUrl value="toc.html"/>
      <title value="Table of Contents"/>
      <generation value="html"/>
      <page>
        <nameUrl value="index.html"/>
        <title value="Home"/>
        <generation value="markdown"/>
      </page>
      <page>
        <nameUrl value="downloads.html"/>
        <title value="Downloads"/>
        <generation value="markdown"/>
      </page>
    </page>
    <parameter>
      <code value="path-resource"/>
      <value value="input/capabilities"/>
    </parameter>
    <parameter>
      <code value="path-resource"/>
      <value value="input/examples"/>
    </parameter>
    <parameter>
      <code value="path-resource"/>
      <value value="input/extensions"/>
    </parameter>
    <parameter>
      <code value="path-resource"/>
      <value value="input/models"/>
    </parameter>
    <parameter>
      <code value="path-resource"/>
      <value value="input/operations"/>
    </parameter>
    <parameter>
      <code value="path-resource"/>
      <value value="input/profiles"/>
    </parameter>
    <parameter>
      <code value="path-resource"/>
      <value value="input/resources"/>
    </parameter>
    <parameter>
      <code value="path-resource"/>
      <value value="input/vocabulary"/>
    </parameter>
    <parameter>
      <code value="path-resource"/>
      <value value="input/maps"/>
    </parameter>
    <parameter>
      <code value="path-resource"/>
      <value value="input/testing"/>
    </parameter>
    <parameter>
      <code value="path-resource"/>
      <value value="input/history"/>
    </parameter>
    <parameter>
      <code value="path-resource"/>
      <value value="fsh-generated/resources"/>
    </parameter>
    <parameter>
      <code value="path-pages"/>
      <value value="template/config"/>
    </parameter>
    <parameter>
      <code value="path-pages"/>
      <value value="input/images"/>
    </parameter>
    <parameter>
      <code value="path-tx-cache"/>
      <value value="input-cache/txcache"/>
    </parameter>
  </definition>
</ImplementationGuide>