{
  "resourceType": "Observation",
  "id": "BSJ-ObservationSPLASCH-48",
  "text": {
    "status": "generated",
    "div": "<div xmlns=\"http://www.w3.org/1999/xhtml\"><p><b>Generated Narrative</b></p><div style=\"display: inline-block; background-color: #d9e0e7; padding: 6px; margin: 4px; border: 1px solid #8da1b4; border-radius: 5px; line-height: 60%\"><p style=\"margin-bottom: 0px\">Resource \"BSJ-ObservationSPLASCH-48\" </p></div><p><b>status</b>: final</p><p><b>category</b>: Swallowing <span style=\"background: LightGoldenRodYellow; margin: 4px; border: 1px solid khaki\"> (<a href=\"CodeSystem-SPLASCHObservationCategoryCS.html\">SPLASCH Observation Category Codes</a>#swallowing)</span></p><p><b>code</b>: Require assistance or supervision for swallowing safety <span style=\"background: LightGoldenRodYellow; margin: 4px; border: 1px solid khaki\"> (<a href=\"CodeSystem-SPLASCHSwallowingObservationCS.html\">Swallowing Observation Codes</a>#assistance-swallowing-safety)</span></p><p><b>subject</b>: <a href=\"Patient-BSJ-patientBSJ1.html\">Patient/BSJ-patientBSJ1</a> \" SMITH-JOHNSON\"</p><p><b>effective</b>: 2021-12-02T12:28:00-05:00</p><p><b>performer</b>: <a href=\"Practitioner-Practitioner-LunaBaskins.html\">Practitioner/Practitioner-LunaBaskins</a> \" BASKINS\"</p><p><b>value</b>: Never <span style=\"background: LightGoldenRodYellow; margin: 4px; border: 1px solid khaki\"> (SPLASCHFrequencyCS#LA6270-8)</span></p></div>"
  },
  "status": "final",
  "category": [
    {
      "coding": [
        {
          "system": "http://hl7.org/fhir/us/pacio-splasch/CodeSystem/SPLASCHObservationCategoryCS",
          "code": "swallowing",
          "display": "Swallowing"
        }
      ]
    }
  ],
  "code": {
    "coding": [
      {
        "system": "http://hl7.org/fhir/us/pacio-splasch/CodeSystem/SPLASCHSwallowingObservationCS",
        "code": "assistance-swallowing-safety",
        "display": "Require assistance or supervision for swallowing safety"
      }
    ]
  },
  "subject": {
    "reference": "Patient/BSJ-patientBSJ1"
  },
  "effectiveDateTime": "2021-12-02T12:28:00-05:00",
  "performer": [
    {
      "reference": "Practitioner/Practitioner-LunaBaskins"
    }
  ],
  "valueCodeableConcept": {
    "coding": [
      {
        "system": "http://hl7.org/fhir/us/pacio-splasch/CodeSystem/SPLASCHFrequencyCS",
        "code": "LA6270-8",
        "display": "Never"
      }
    ]
  }
}