{
  "resourceType": "Observation",
  "id": "BSJ-ObservationSPLASCH-04",
  "text": {
    "status": "generated",
    "div": "<div xmlns=\"http://www.w3.org/1999/xhtml\"><p><b>Generated Narrative</b></p><div style=\"display: inline-block; background-color: #d9e0e7; padding: 6px; margin: 4px; border: 1px solid #8da1b4; border-radius: 5px; line-height: 60%\"><p style=\"margin-bottom: 0px\">Resource \"BSJ-ObservationSPLASCH-04\" </p></div><p><b>status</b>: final</p><p><b>category</b>: Spoken language expression <span style=\"background: LightGoldenRodYellow; margin: 4px; border: 1px solid khaki\"> (<a href=\"CodeSystem-SPLASCHObservationCategoryCS.html\">SPLASCH Observation Category Codes</a>#spoken-language-expression)</span></p><p><b>code</b>: Produce verbal messages with appropriate form in high demand situations <span style=\"background: LightGoldenRodYellow; margin: 4px; border: 1px solid khaki\"> (<a href=\"CodeSystem-SPLASCHSpeechExpressionObservationCS.html\">Speech Expression Observation Codes</a>#verbal-form-high-demand)</span></p><p><b>subject</b>: <a href=\"Patient-BSJ-patientBSJ1.html\">Patient/BSJ-patientBSJ1</a> \" SMITH-JOHNSON\"</p><p><b>effective</b>: 2021-12-02T12:28:00-05:00</p><p><b>performer</b>: <a href=\"Practitioner-Practitioner-LunaBaskins.html\">Practitioner/Practitioner-LunaBaskins</a> \" BASKINS\"</p><p><b>value</b>: 0-25% of the time <span style=\"background: LightGoldenRodYellow; margin: 4px; border: 1px solid khaki\"> (<a href=\"CodeSystem-SPLASCHTimePercentageCategoryCS.html\">Observation Value Time Percentage Category Codes</a>#0-25-percent)</span></p></div>"
  },
  "status": "final",
  "category": [
    {
      "coding": [
        {
          "system": "http://hl7.org/fhir/us/pacio-splasch/CodeSystem/SPLASCHObservationCategoryCS",
          "code": "spoken-language-expression",
          "display": "Spoken language expression"
        }
      ]
    }
  ],
  "code": {
    "coding": [
      {
        "system": "http://hl7.org/fhir/us/pacio-splasch/CodeSystem/SPLASCHSpeechExpressionObservationCS",
        "code": "verbal-form-high-demand",
        "display": "Produce verbal messages with appropriate form in high demand situations"
      }
    ]
  },
  "subject": {
    "reference": "Patient/BSJ-patientBSJ1"
  },
  "effectiveDateTime": "2021-12-02T12:28:00-05:00",
  "performer": [
    {
      "reference": "Practitioner/Practitioner-LunaBaskins"
    }
  ],
  "valueCodeableConcept": {
    "coding": [
      {
        "system": "http://hl7.org/fhir/us/pacio-splasch/CodeSystem/SPLASCHTimePercentageCategoryCS",
        "code": "0-25-percent",
        "display": "0-25% of the time"
      }
    ]
  }
}