{"resourceType":"ImplementationGuide","id":"hl7.fhir.us.pacio-splasch","text":{"status":"extensions","div":"<div xmlns=\"http://www.w3.org/1999/xhtml\"><h2>PACIOReAssessmentTimepoints</h2><p>The official URL for this implementation guide is: </p><pre>http://hl7.org/fhir/us/pacio-splasch/ImplementationGuide/hl7.fhir.us.pacio-splasch</pre><div><p>PACIO Speech Language Swallowing Cognitive Communication and Hearing (SPLASCH) Implementation Guide</p>\n</div></div>"},"url":"http://hl7.org/fhir/us/pacio-splasch/ImplementationGuide/hl7.fhir.us.pacio-splasch","version":"0.1.0","name":"PACIOReAssessmentTimepoints","title":"PACIO Speech Language Swallowing Cognitive Communication and Hearing (SPLASCH) Implementation Guide","status":"draft","date":"2021-12-29T13:00:19-05:00","publisher":"HL7 Patient Care Working Group","contact":[{"name":"HL7 Patient Care Working Group","telecom":[{"system":"url","value":"http://www.hl7.org/Special/committees/patientcare"},{"system":"email","value":"patients@lists.HL7.org"}]},{"name":"PACIO project","telecom":[{"system":"url","value":"http://www.hl7.org/Special/committees/patientcare"},{"system":"email","value":"info@pacioproject.org"}]}],"description":"PACIO Speech Language Swallowing Cognitive Communication and Hearing (SPLASCH) Implementation Guide","jurisdiction":[{"coding":[{"system":"urn:iso:std:iso:3166","code":"US"}]}],"packageId":"hl7.fhir.us.pacio-splasch","license":"CC0-1.0","fhirVersion":["4.0.1"],"dependsOn":[{"id":"hl7_fhir_us_core","uri":"http://hl7.org/fhir/us/core/ImplementationGuide/hl7.fhir.us.core","packageId":"hl7.fhir.us.core","version":"4.0.0"}],"definition":{"extension":[{"extension":[{"url":"code","valueString":"copyrightyear"},{"url":"value","valueString":"2021+"}],"url":"http://hl7.org/fhir/tools/StructureDefinition/ig-parameter"},{"extension":[{"url":"code","valueString":"releaselabel"},{"url":"value","valueString":"ci-build"}],"url":"http://hl7.org/fhir/tools/StructureDefinition/ig-parameter"},{"extension":[{"url":"code","valueString":"path-expansion-params"},{"url":"value","valueString":"../../input/_resources/terminology-settings.json"}],"url":"http://hl7.org/fhir/tools/StructureDefinition/ig-parameter"},{"extension":[{"url":"code","valueString":"show-inherited-invariants"},{"url":"value","valueString":"false"}],"url":"http://hl7.org/fhir/tools/StructureDefinition/ig-parameter"},{"extension":[{"url":"code","valueString":"apply-jurisdiction"},{"url":"value","valueString":"true"}],"url":"http://hl7.org/fhir/tools/StructureDefinition/ig-parameter"},{"extension":[{"url":"code","valueString":"apply-publisher"},{"url":"value","valueString":"true"}],"url":"http://hl7.org/fhir/tools/StructureDefinition/ig-parameter"},{"extension":[{"url":"code","valueString":"path-history"},{"url":"value","valueString":"http://hl7.org/fhir/us/pacio-splasch/history.html"}],"url":"http://hl7.org/fhir/tools/StructureDefinition/ig-parameter"},{"extension":[{"url":"code","valueString":"autoload-resources"},{"url":"value","valueString":"true"}],"url":"http://hl7.org/fhir/tools/StructureDefinition/ig-parameter"},{"extension":[{"url":"code","valueString":"path-liquid"},{"url":"value","valueString":"template/liquid"}],"url":"http://hl7.org/fhir/tools/StructureDefinition/ig-parameter"},{"extension":[{"url":"code","valueString":"path-liquid"},{"url":"value","valueString":"input/liquid"}],"url":"http://hl7.org/fhir/tools/StructureDefinition/ig-parameter"},{"extension":[{"url":"code","valueString":"path-qa"},{"url":"value","valueString":"temp/qa"}],"url":"http://hl7.org/fhir/tools/StructureDefinition/ig-parameter"},{"extension":[{"url":"code","valueString":"path-temp"},{"url":"value","valueString":"temp/pages"}],"url":"http://hl7.org/fhir/tools/StructureDefinition/ig-parameter"},{"extension":[{"url":"code","valueString":"path-output"},{"url":"value","valueString":"output"}],"url":"http://hl7.org/fhir/tools/StructureDefinition/ig-parameter"},{"extension":[{"url":"code","valueString":"path-suppressed-warnings"},{"url":"value","valueString":"input/ignoreWarnings.txt"}],"url":"http://hl7.org/fhir/tools/StructureDefinition/ig-parameter"},{"extension":[{"url":"code","valueString":"template-html"},{"url":"value","valueString":"template-page.html"}],"url":"http://hl7.org/fhir/tools/StructureDefinition/ig-parameter"},{"extension":[{"url":"code","valueString":"template-md"},{"url":"value","valueString":"template-page-md.html"}],"url":"http://hl7.org/fhir/tools/StructureDefinition/ig-parameter"},{"extension":[{"url":"code","valueString":"apply-contact"},{"url":"value","valueString":"true"}],"url":"http://hl7.org/fhir/tools/StructureDefinition/ig-parameter"},{"extension":[{"url":"code","valueString":"apply-context"},{"url":"value","valueString":"true"}],"url":"http://hl7.org/fhir/tools/StructureDefinition/ig-parameter"},{"extension":[{"url":"code","valueString":"apply-copyright"},{"url":"value","valueString":"true"}],"url":"http://hl7.org/fhir/tools/StructureDefinition/ig-parameter"},{"extension":[{"url":"code","valueString":"apply-license"},{"url":"value","valueString":"true"}],"url":"http://hl7.org/fhir/tools/StructureDefinition/ig-parameter"},{"extension":[{"url":"code","valueString":"apply-version"},{"url":"value","valueString":"true"}],"url":"http://hl7.org/fhir/tools/StructureDefinition/ig-parameter"},{"extension":[{"url":"code","valueString":"active-tables"},{"url":"value","valueString":"true"}],"url":"http://hl7.org/fhir/tools/StructureDefinition/ig-parameter"}],"grouping":[{"id":"-str-profile","name":"Structures: Resource Profiles","description":"These define constraints on FHIR resources for systems conforming to this implementation guide"},{"id":"-term-valueset","name":"Terminology: Value Sets","description":"These define sets of codes used by systems conforming to this implementation guide"},{"id":"-term-codesystem","name":"Terminology: Code Systems","description":"These define new code systems used by systems conforming to this implementation guide"},{"id":"-ex-example","name":"Example: Example Instances","description":"These are example instances that show what data produced and consumed by systems conforming with this implementation guide might look like"}],"resource":[{"extension":[{"url":"http://hl7.org/fhir/StructureDefinition/implementationguide-page","valueUri":"StructureDefinition-splasch-SpokenLanguageComprehensionObservation.html"}],"reference":{"reference":"StructureDefinition/splasch-SpokenLanguageComprehensionObservation"},"name":"Spoken Language Comprehension Observation","description":"An exchange of spoken language comprehension data for a patient.","exampleBoolean":false,"groupingId":"-str-profile"},{"extension":[{"url":"http://hl7.org/fhir/StructureDefinition/implementationguide-page","valueUri":"StructureDefinition-splasch-SpokenLanguageExpressionObservation.html"}],"reference":{"reference":"StructureDefinition/splasch-SpokenLanguageExpressionObservation"},"name":"Spoken Language Expression Observation","description":"An exchange of spoken language expression data for a patient.","exampleBoolean":false,"groupingId":"-str-profile"},{"extension":[{"url":"http://hl7.org/fhir/StructureDefinition/implementationguide-page","valueUri":"StructureDefinition-splasch-SwallowingObservation.html"}],"reference":{"reference":"StructureDefinition/splasch-SwallowingObservation"},"name":"Swallowing Observation","description":"An exchange of swallowing data for a patient.","exampleBoolean":false,"groupingId":"-str-profile"},{"extension":[{"url":"http://hl7.org/fhir/StructureDefinition/implementationguide-page","valueUri":"ValueSet-SPLASCHCaloriePercentageTypeObservationVS.html"}],"reference":{"reference":"ValueSet/SPLASCHCaloriePercentageTypeObservationVS"},"name":"Calorie Percentage Type Observation","description":"ValueSet identifying observation codes that have a calorie percentage value. This ValueSet can be used for creating a pick-list or value validation appropriate for a particular observation.","exampleBoolean":false,"groupingId":"-term-valueset"},{"extension":[{"url":"http://hl7.org/fhir/StructureDefinition/implementationguide-page","valueUri":"ValueSet-SPLASCHFrequencyObservationVS.html"}],"reference":{"reference":"ValueSet/SPLASCHFrequencyObservationVS"},"name":"SPLASCH Frequency Observation Values","description":"Frequency values for SPLASCH observations","exampleBoolean":false,"groupingId":"-term-valueset"},{"extension":[{"url":"http://hl7.org/fhir/StructureDefinition/implementationguide-page","valueUri":"ValueSet-SPLASCHFrequencyTypeObservationVS.html"}],"reference":{"reference":"ValueSet/SPLASCHFrequencyTypeObservationVS"},"name":"Frequency Type Observation","description":"ValueSet identifying observation codes that have a frequency value. This ValueSet can be used for creating a pick-list or value validation appropriate for a particular observation.","exampleBoolean":false,"groupingId":"-term-valueset"},{"extension":[{"url":"http://hl7.org/fhir/StructureDefinition/implementationguide-page","valueUri":"ValueSet-SPLASCHLiquidDietModifierTypeObservationVS.html"}],"reference":{"reference":"ValueSet/SPLASCHLiquidDietModifierTypeObservationVS"},"name":"Liquid Diet Modifier Type Observation","description":"ValueSet identifying observation codes that have a liquid diet modifier value. This ValueSet can be used for creating a pick-list or value validation appropriate for a particular observation.","exampleBoolean":false,"groupingId":"-term-valueset"},{"extension":[{"url":"http://hl7.org/fhir/StructureDefinition/implementationguide-page","valueUri":"ValueSet-SPLASCHObservationCategoryVS.html"}],"reference":{"reference":"ValueSet/SPLASCHObservationCategoryVS"},"name":"SPLASCH Observation Category","description":"Categories for SPLASCH observation profiles","exampleBoolean":false,"groupingId":"-term-valueset"},{"extension":[{"url":"http://hl7.org/fhir/StructureDefinition/implementationguide-page","valueUri":"ValueSet-SPLASCHSolidDietModifierTypeObservationVS.html"}],"reference":{"reference":"ValueSet/SPLASCHSolidDietModifierTypeObservationVS"},"name":"Solid Diet Modifier Type Observation","description":"ValueSet identifying observation codes that have a solid diet modifier value. This ValueSet can be used for creating a pick-list or value validation appropriate for a particular observation.","exampleBoolean":false,"groupingId":"-term-valueset"},{"extension":[{"url":"http://hl7.org/fhir/StructureDefinition/implementationguide-page","valueUri":"ValueSet-SPLASCHSpeechComprehensionObservationVS.html"}],"reference":{"reference":"ValueSet/SPLASCHSpeechComprehensionObservationVS"},"name":"Speech Comprehension Observation","description":"SPLASCH spoken language comprehension observation profile","exampleBoolean":false,"groupingId":"-term-valueset"},{"extension":[{"url":"http://hl7.org/fhir/StructureDefinition/implementationguide-page","valueUri":"ValueSet-SPLASCHSpeechExpressionObservationVS.html"}],"reference":{"reference":"ValueSet/SPLASCHSpeechExpressionObservationVS"},"name":"Speech Expression Observation","description":"SPLASCH spoken language expression observation profile","exampleBoolean":false,"groupingId":"-term-valueset"},{"extension":[{"url":"http://hl7.org/fhir/StructureDefinition/implementationguide-page","valueUri":"ValueSet-SPLASCHSwallowingObservationVS.html"}],"reference":{"reference":"ValueSet/SPLASCHSwallowingObservationVS"},"name":"Swallowing Observation","description":"SPLASCH swallowing observation profile","exampleBoolean":false,"groupingId":"-term-valueset"},{"extension":[{"url":"http://hl7.org/fhir/StructureDefinition/implementationguide-page","valueUri":"ValueSet-SPLASCHSwallowingObservationValueVS.html"}],"reference":{"reference":"ValueSet/SPLASCHSwallowingObservationValueVS"},"name":"Swallowing Observation Value","description":"Values for swallowing observations","exampleBoolean":false,"groupingId":"-term-valueset"},{"extension":[{"url":"http://hl7.org/fhir/StructureDefinition/implementationguide-page","valueUri":"CodeSystem-SPLASCHCaloriePercentageCategoryCS.html"}],"reference":{"reference":"CodeSystem/SPLASCHCaloriePercentageCategoryCS"},"name":"Observation Value Calorie Percentage Category Codes","description":"Category codes for calorie percentage observations","exampleBoolean":false,"groupingId":"-term-codesystem"},{"extension":[{"url":"http://hl7.org/fhir/StructureDefinition/implementationguide-page","valueUri":"CodeSystem-SPLASCHLiquidDietCS.html"}],"reference":{"reference":"CodeSystem/SPLASCHLiquidDietCS"},"name":"Observation Value Liquid Diet Codes","description":"Category codes for liquid diet observations","exampleBoolean":false,"groupingId":"-term-codesystem"},{"extension":[{"url":"http://hl7.org/fhir/StructureDefinition/implementationguide-page","valueUri":"CodeSystem-SPLASCHObservationCategoryCS.html"}],"reference":{"reference":"CodeSystem/SPLASCHObservationCategoryCS"},"name":"SPLASCH Observation Category Codes","description":"Categories for SPLASCH observations","exampleBoolean":false,"groupingId":"-term-codesystem"},{"extension":[{"url":"http://hl7.org/fhir/StructureDefinition/implementationguide-page","valueUri":"CodeSystem-SPLASCHSolidDietCS.html"}],"reference":{"reference":"CodeSystem/SPLASCHSolidDietCS"},"name":"Observation Value Solid Diet Codes","description":"Category codes for solid diet observations","exampleBoolean":false,"groupingId":"-term-codesystem"},{"extension":[{"url":"http://hl7.org/fhir/StructureDefinition/implementationguide-page","valueUri":"CodeSystem-SPLASCHSpeechComprehensionObservationCS.html"}],"reference":{"reference":"CodeSystem/SPLASCHSpeechComprehensionObservationCS"},"name":"Speech Comprehension Observation Codes","description":"Observation codes for spoken language comprehension","exampleBoolean":false,"groupingId":"-term-codesystem"},{"extension":[{"url":"http://hl7.org/fhir/StructureDefinition/implementationguide-page","valueUri":"CodeSystem-SPLASCHSpeechExpressionObservationCS.html"}],"reference":{"reference":"CodeSystem/SPLASCHSpeechExpressionObservationCS"},"name":"Speech Expression Observation Codes","description":"Observation codes for spoken language expression","exampleBoolean":false,"groupingId":"-term-codesystem"},{"extension":[{"url":"http://hl7.org/fhir/StructureDefinition/implementationguide-page","valueUri":"CodeSystem-SPLASCHSwallowingObservationCS.html"}],"reference":{"reference":"CodeSystem/SPLASCHSwallowingObservationCS"},"name":"Swallowing Observation Codes","description":"Observation codes for swallowing","exampleBoolean":false,"groupingId":"-term-codesystem"},{"extension":[{"url":"http://hl7.org/fhir/StructureDefinition/implementationguide-page","valueUri":"CodeSystem-SPLASCHTimePercentageCategoryCS.html"}],"reference":{"reference":"CodeSystem/SPLASCHTimePercentageCategoryCS"},"name":"Observation Value Time Percentage Category Codes","description":"Catgegory codes for time percentage observations","exampleBoolean":false,"groupingId":"-term-codesystem"},{"extension":[{"url":"http://hl7.org/fhir/StructureDefinition/implementationguide-page","valueUri":"Observation-BSJ-ObservationSPLASCH-001.html"}],"reference":{"reference":"Observation/BSJ-ObservationSPLASCH-001"},"name":"BSJ-ObservationSPLASCH-001","description":"An instance of SPLASCH Observation ObservationSPLASCH-001","exampleBoolean":true,"groupingId":"-ex-example"},{"extension":[{"url":"http://hl7.org/fhir/StructureDefinition/implementationguide-page","valueUri":"Observation-BSJ-ObservationSPLASCH-002.html"}],"reference":{"reference":"Observation/BSJ-ObservationSPLASCH-002"},"name":"BSJ-ObservationSPLASCH-002","description":"An instance of SPLASCH Observation ObservationSPLASCH-002","exampleBoolean":true,"groupingId":"-ex-example"},{"extension":[{"url":"http://hl7.org/fhir/StructureDefinition/implementationguide-page","valueUri":"Observation-BSJ-ObservationSPLASCH-003.html"}],"reference":{"reference":"Observation/BSJ-ObservationSPLASCH-003"},"name":"BSJ-ObservationSPLASCH-003","description":"An instance of SPLASCH Observation ObservationSPLASCH-003","exampleBoolean":true,"groupingId":"-ex-example"},{"extension":[{"url":"http://hl7.org/fhir/StructureDefinition/implementationguide-page","valueUri":"Observation-BSJ-ObservationSPLASCH-004.html"}],"reference":{"reference":"Observation/BSJ-ObservationSPLASCH-004"},"name":"BSJ-ObservationSPLASCH-004","description":"An instance of SPLASCH Observation ObservationSPLASCH-004","exampleBoolean":true,"groupingId":"-ex-example"},{"extension":[{"url":"http://hl7.org/fhir/StructureDefinition/implementationguide-page","valueUri":"Observation-BSJ-ObservationSPLASCH-005.html"}],"reference":{"reference":"Observation/BSJ-ObservationSPLASCH-005"},"name":"BSJ-ObservationSPLASCH-005","description":"An instance of SPLASCH Observation ObservationSPLASCH-005","exampleBoolean":true,"groupingId":"-ex-example"},{"extension":[{"url":"http://hl7.org/fhir/StructureDefinition/implementationguide-page","valueUri":"Observation-BSJ-ObservationSPLASCH-006.html"}],"reference":{"reference":"Observation/BSJ-ObservationSPLASCH-006"},"name":"BSJ-ObservationSPLASCH-006","description":"An instance of SPLASCH Observation ObservationSPLASCH-006","exampleBoolean":true,"groupingId":"-ex-example"},{"extension":[{"url":"http://hl7.org/fhir/StructureDefinition/implementationguide-page","valueUri":"Observation-BSJ-ObservationSPLASCH-007.html"}],"reference":{"reference":"Observation/BSJ-ObservationSPLASCH-007"},"name":"BSJ-ObservationSPLASCH-007","description":"An instance of SPLASCH Observation ObservationSPLASCH-007","exampleBoolean":true,"groupingId":"-ex-example"},{"extension":[{"url":"http://hl7.org/fhir/StructureDefinition/implementationguide-page","valueUri":"Observation-BSJ-ObservationSPLASCH-008.html"}],"reference":{"reference":"Observation/BSJ-ObservationSPLASCH-008"},"name":"BSJ-ObservationSPLASCH-008","description":"An instance of SPLASCH Observation ObservationSPLASCH-008","exampleBoolean":true,"groupingId":"-ex-example"},{"extension":[{"url":"http://hl7.org/fhir/StructureDefinition/implementationguide-page","valueUri":"Observation-BSJ-ObservationSPLASCH-009.html"}],"reference":{"reference":"Observation/BSJ-ObservationSPLASCH-009"},"name":"BSJ-ObservationSPLASCH-009","description":"An instance of SPLASCH Observation ObservationSPLASCH-009","exampleBoolean":true,"groupingId":"-ex-example"},{"extension":[{"url":"http://hl7.org/fhir/StructureDefinition/implementationguide-page","valueUri":"Observation-BSJ-ObservationSPLASCH-010.html"}],"reference":{"reference":"Observation/BSJ-ObservationSPLASCH-010"},"name":"BSJ-ObservationSPLASCH-010","description":"An instance of SPLASCH Observation ObservationSPLASCH-010","exampleBoolean":true,"groupingId":"-ex-example"},{"extension":[{"url":"http://hl7.org/fhir/StructureDefinition/implementationguide-page","valueUri":"Observation-BSJ-ObservationSPLASCH-011.html"}],"reference":{"reference":"Observation/BSJ-ObservationSPLASCH-011"},"name":"BSJ-ObservationSPLASCH-011","description":"An instance of SPLASCH Observation ObservationSPLASCH-011","exampleBoolean":true,"groupingId":"-ex-example"},{"extension":[{"url":"http://hl7.org/fhir/StructureDefinition/implementationguide-page","valueUri":"Observation-BSJ-ObservationSPLASCH-012.html"}],"reference":{"reference":"Observation/BSJ-ObservationSPLASCH-012"},"name":"BSJ-ObservationSPLASCH-012","description":"An instance of SPLASCH Observation ObservationSPLASCH-012","exampleBoolean":true,"groupingId":"-ex-example"},{"extension":[{"url":"http://hl7.org/fhir/StructureDefinition/implementationguide-page","valueUri":"Observation-BSJ-ObservationSPLASCH-013.html"}],"reference":{"reference":"Observation/BSJ-ObservationSPLASCH-013"},"name":"BSJ-ObservationSPLASCH-013","description":"An instance of SPLASCH Observation ObservationSPLASCH-013","exampleBoolean":true,"groupingId":"-ex-example"},{"extension":[{"url":"http://hl7.org/fhir/StructureDefinition/implementationguide-page","valueUri":"Observation-BSJ-ObservationSPLASCH-014.html"}],"reference":{"reference":"Observation/BSJ-ObservationSPLASCH-014"},"name":"BSJ-ObservationSPLASCH-014","description":"An instance of SPLASCH Observation ObservationSPLASCH-014","exampleBoolean":true,"groupingId":"-ex-example"},{"extension":[{"url":"http://hl7.org/fhir/StructureDefinition/implementationguide-page","valueUri":"Observation-BSJ-ObservationSPLASCH-015.html"}],"reference":{"reference":"Observation/BSJ-ObservationSPLASCH-015"},"name":"BSJ-ObservationSPLASCH-015","description":"An instance of SPLASCH Observation ObservationSPLASCH-015","exampleBoolean":true,"groupingId":"-ex-example"},{"extension":[{"url":"http://hl7.org/fhir/StructureDefinition/implementationguide-page","valueUri":"Observation-BSJ-ObservationSPLASCH-016.html"}],"reference":{"reference":"Observation/BSJ-ObservationSPLASCH-016"},"name":"BSJ-ObservationSPLASCH-016","description":"An instance of SPLASCH Observation ObservationSPLASCH-016","exampleBoolean":true,"groupingId":"-ex-example"},{"extension":[{"url":"http://hl7.org/fhir/StructureDefinition/implementationguide-page","valueUri":"Observation-BSJ-ObservationSPLASCH-017.html"}],"reference":{"reference":"Observation/BSJ-ObservationSPLASCH-017"},"name":"BSJ-ObservationSPLASCH-017","description":"An instance of SPLASCH Observation ObservationSPLASCH-017","exampleBoolean":true,"groupingId":"-ex-example"},{"extension":[{"url":"http://hl7.org/fhir/StructureDefinition/implementationguide-page","valueUri":"Observation-BSJ-ObservationSPLASCH-018.html"}],"reference":{"reference":"Observation/BSJ-ObservationSPLASCH-018"},"name":"BSJ-ObservationSPLASCH-018","description":"An instance of SPLASCH Observation ObservationSPLASCH-018","exampleBoolean":true,"groupingId":"-ex-example"},{"extension":[{"url":"http://hl7.org/fhir/StructureDefinition/implementationguide-page","valueUri":"Observation-BSJ-ObservationSPLASCH-019.html"}],"reference":{"reference":"Observation/BSJ-ObservationSPLASCH-019"},"name":"BSJ-ObservationSPLASCH-019","description":"An instance of SPLASCH Observation ObservationSPLASCH-019","exampleBoolean":true,"groupingId":"-ex-example"},{"extension":[{"url":"http://hl7.org/fhir/StructureDefinition/implementationguide-page","valueUri":"Observation-BSJ-ObservationSPLASCH-020.html"}],"reference":{"reference":"Observation/BSJ-ObservationSPLASCH-020"},"name":"BSJ-ObservationSPLASCH-020","description":"An instance of SPLASCH Observation ObservationSPLASCH-020","exampleBoolean":true,"groupingId":"-ex-example"},{"extension":[{"url":"http://hl7.org/fhir/StructureDefinition/implementationguide-page","valueUri":"Observation-BSJ-ObservationSPLASCH-021.html"}],"reference":{"reference":"Observation/BSJ-ObservationSPLASCH-021"},"name":"BSJ-ObservationSPLASCH-021","description":"An instance of SPLASCH Observation ObservationSPLASCH-021","exampleBoolean":true,"groupingId":"-ex-example"},{"extension":[{"url":"http://hl7.org/fhir/StructureDefinition/implementationguide-page","valueUri":"Observation-BSJ-ObservationSPLASCH-022.html"}],"reference":{"reference":"Observation/BSJ-ObservationSPLASCH-022"},"name":"BSJ-ObservationSPLASCH-022","description":"An instance of SPLASCH Observation ObservationSPLASCH-022","exampleBoolean":true,"groupingId":"-ex-example"},{"extension":[{"url":"http://hl7.org/fhir/StructureDefinition/implementationguide-page","valueUri":"Observation-BSJ-ObservationSPLASCH-023.html"}],"reference":{"reference":"Observation/BSJ-ObservationSPLASCH-023"},"name":"BSJ-ObservationSPLASCH-023","description":"An instance of SPLASCH Observation ObservationSPLASCH-023","exampleBoolean":true,"groupingId":"-ex-example"},{"extension":[{"url":"http://hl7.org/fhir/StructureDefinition/implementationguide-page","valueUri":"Observation-BSJ-ObservationSPLASCH-024.html"}],"reference":{"reference":"Observation/BSJ-ObservationSPLASCH-024"},"name":"BSJ-ObservationSPLASCH-024","description":"An instance of SPLASCH Observation ObservationSPLASCH-024","exampleBoolean":true,"groupingId":"-ex-example"},{"extension":[{"url":"http://hl7.org/fhir/StructureDefinition/implementationguide-page","valueUri":"Observation-BSJ-ObservationSPLASCH-025.html"}],"reference":{"reference":"Observation/BSJ-ObservationSPLASCH-025"},"name":"BSJ-ObservationSPLASCH-025","description":"An instance of SPLASCH Observation ObservationSPLASCH-025","exampleBoolean":true,"groupingId":"-ex-example"},{"extension":[{"url":"http://hl7.org/fhir/StructureDefinition/implementationguide-page","valueUri":"Observation-BSJ-ObservationSPLASCH-026.html"}],"reference":{"reference":"Observation/BSJ-ObservationSPLASCH-026"},"name":"BSJ-ObservationSPLASCH-026","description":"An instance of SPLASCH Observation ObservationSPLASCH-026","exampleBoolean":true,"groupingId":"-ex-example"},{"extension":[{"url":"http://hl7.org/fhir/StructureDefinition/implementationguide-page","valueUri":"Observation-BSJ-ObservationSPLASCH-027.html"}],"reference":{"reference":"Observation/BSJ-ObservationSPLASCH-027"},"name":"BSJ-ObservationSPLASCH-027","description":"An instance of SPLASCH Observation ObservationSPLASCH-027","exampleBoolean":true,"groupingId":"-ex-example"},{"extension":[{"url":"http://hl7.org/fhir/StructureDefinition/implementationguide-page","valueUri":"Observation-BSJ-ObservationSPLASCH-028.html"}],"reference":{"reference":"Observation/BSJ-ObservationSPLASCH-028"},"name":"BSJ-ObservationSPLASCH-028","description":"An instance of SPLASCH Observation ObservationSPLASCH-028","exampleBoolean":true,"groupingId":"-ex-example"},{"extension":[{"url":"http://hl7.org/fhir/StructureDefinition/implementationguide-page","valueUri":"Observation-BSJ-ObservationSPLASCH-029.html"}],"reference":{"reference":"Observation/BSJ-ObservationSPLASCH-029"},"name":"BSJ-ObservationSPLASCH-029","description":"An instance of SPLASCH Observation ObservationSPLASCH-029","exampleBoolean":true,"groupingId":"-ex-example"},{"extension":[{"url":"http://hl7.org/fhir/StructureDefinition/implementationguide-page","valueUri":"Observation-BSJ-ObservationSPLASCH-030.html"}],"reference":{"reference":"Observation/BSJ-ObservationSPLASCH-030"},"name":"BSJ-ObservationSPLASCH-030","description":"An instance of SPLASCH Observation ObservationSPLASCH-030","exampleBoolean":true,"groupingId":"-ex-example"},{"extension":[{"url":"http://hl7.org/fhir/StructureDefinition/implementationguide-page","valueUri":"Observation-BSJ-ObservationSPLASCH-031.html"}],"reference":{"reference":"Observation/BSJ-ObservationSPLASCH-031"},"name":"BSJ-ObservationSPLASCH-031","description":"An instance of SPLASCH Observation ObservationSPLASCH-031","exampleBoolean":true,"groupingId":"-ex-example"},{"extension":[{"url":"http://hl7.org/fhir/StructureDefinition/implementationguide-page","valueUri":"Observation-BSJ-ObservationSPLASCH-032.html"}],"reference":{"reference":"Observation/BSJ-ObservationSPLASCH-032"},"name":"BSJ-ObservationSPLASCH-032","description":"An instance of SPLASCH Observation ObservationSPLASCH-032","exampleBoolean":true,"groupingId":"-ex-example"},{"extension":[{"url":"http://hl7.org/fhir/StructureDefinition/implementationguide-page","valueUri":"Observation-BSJ-ObservationSPLASCH-033.html"}],"reference":{"reference":"Observation/BSJ-ObservationSPLASCH-033"},"name":"BSJ-ObservationSPLASCH-033","description":"An instance of SPLASCH Observation ObservationSPLASCH-033","exampleBoolean":true,"groupingId":"-ex-example"},{"extension":[{"url":"http://hl7.org/fhir/StructureDefinition/implementationguide-page","valueUri":"Observation-BSJ-ObservationSPLASCH-034.html"}],"reference":{"reference":"Observation/BSJ-ObservationSPLASCH-034"},"name":"BSJ-ObservationSPLASCH-034","description":"An instance of SPLASCH Observation ObservationSPLASCH-034","exampleBoolean":true,"groupingId":"-ex-example"},{"extension":[{"url":"http://hl7.org/fhir/StructureDefinition/implementationguide-page","valueUri":"Observation-BSJ-ObservationSPLASCH-035.html"}],"reference":{"reference":"Observation/BSJ-ObservationSPLASCH-035"},"name":"BSJ-ObservationSPLASCH-035","description":"An instance of SPLASCH Observation ObservationSPLASCH-035","exampleBoolean":true,"groupingId":"-ex-example"},{"extension":[{"url":"http://hl7.org/fhir/StructureDefinition/implementationguide-page","valueUri":"Observation-BSJ-ObservationSPLASCH-036.html"}],"reference":{"reference":"Observation/BSJ-ObservationSPLASCH-036"},"name":"BSJ-ObservationSPLASCH-036","description":"An instance of SPLASCH Observation ObservationSPLASCH-036","exampleBoolean":true,"groupingId":"-ex-example"},{"extension":[{"url":"http://hl7.org/fhir/StructureDefinition/implementationguide-page","valueUri":"Observation-BSJ-ObservationSPLASCH-037.html"}],"reference":{"reference":"Observation/BSJ-ObservationSPLASCH-037"},"name":"BSJ-ObservationSPLASCH-037","description":"An instance of SPLASCH Observation ObservationSPLASCH-037","exampleBoolean":true,"groupingId":"-ex-example"},{"extension":[{"url":"http://hl7.org/fhir/StructureDefinition/implementationguide-page","valueUri":"Observation-BSJ-ObservationSPLASCH-038.html"}],"reference":{"reference":"Observation/BSJ-ObservationSPLASCH-038"},"name":"BSJ-ObservationSPLASCH-038","description":"An instance of SPLASCH Observation ObservationSPLASCH-038","exampleBoolean":true,"groupingId":"-ex-example"},{"extension":[{"url":"http://hl7.org/fhir/StructureDefinition/implementationguide-page","valueUri":"Observation-BSJ-ObservationSPLASCH-039.html"}],"reference":{"reference":"Observation/BSJ-ObservationSPLASCH-039"},"name":"BSJ-ObservationSPLASCH-039","description":"An instance of SPLASCH Observation ObservationSPLASCH-039","exampleBoolean":true,"groupingId":"-ex-example"},{"extension":[{"url":"http://hl7.org/fhir/StructureDefinition/implementationguide-page","valueUri":"Observation-BSJ-ObservationSPLASCH-040.html"}],"reference":{"reference":"Observation/BSJ-ObservationSPLASCH-040"},"name":"BSJ-ObservationSPLASCH-040","description":"An instance of SPLASCH Observation ObservationSPLASCH-040","exampleBoolean":true,"groupingId":"-ex-example"},{"extension":[{"url":"http://hl7.org/fhir/StructureDefinition/implementationguide-page","valueUri":"Observation-BSJ-ObservationSPLASCH-041.html"}],"reference":{"reference":"Observation/BSJ-ObservationSPLASCH-041"},"name":"BSJ-ObservationSPLASCH-041","description":"An instance of SPLASCH Observation ObservationSPLASCH-041","exampleBoolean":true,"groupingId":"-ex-example"},{"extension":[{"url":"http://hl7.org/fhir/StructureDefinition/implementationguide-page","valueUri":"Observation-BSJ-ObservationSPLASCH-042.html"}],"reference":{"reference":"Observation/BSJ-ObservationSPLASCH-042"},"name":"BSJ-ObservationSPLASCH-042","description":"An instance of SPLASCH Observation ObservationSPLASCH-042","exampleBoolean":true,"groupingId":"-ex-example"},{"extension":[{"url":"http://hl7.org/fhir/StructureDefinition/implementationguide-page","valueUri":"Observation-BSJ-ObservationSPLASCH-043.html"}],"reference":{"reference":"Observation/BSJ-ObservationSPLASCH-043"},"name":"BSJ-ObservationSPLASCH-043","description":"An instance of SPLASCH Observation ObservationSPLASCH-043","exampleBoolean":true,"groupingId":"-ex-example"},{"extension":[{"url":"http://hl7.org/fhir/StructureDefinition/implementationguide-page","valueUri":"Observation-BSJ-ObservationSPLASCH-044.html"}],"reference":{"reference":"Observation/BSJ-ObservationSPLASCH-044"},"name":"BSJ-ObservationSPLASCH-044","description":"An instance of SPLASCH Observation ObservationSPLASCH-044","exampleBoolean":true,"groupingId":"-ex-example"},{"extension":[{"url":"http://hl7.org/fhir/StructureDefinition/implementationguide-page","valueUri":"Observation-BSJ-ObservationSPLASCH-045.html"}],"reference":{"reference":"Observation/BSJ-ObservationSPLASCH-045"},"name":"BSJ-ObservationSPLASCH-045","description":"An instance of SPLASCH Observation ObservationSPLASCH-045","exampleBoolean":true,"groupingId":"-ex-example"},{"extension":[{"url":"http://hl7.org/fhir/StructureDefinition/implementationguide-page","valueUri":"Observation-BSJ-ObservationSPLASCH-046.html"}],"reference":{"reference":"Observation/BSJ-ObservationSPLASCH-046"},"name":"BSJ-ObservationSPLASCH-046","description":"An instance of SPLASCH Observation ObservationSPLASCH-046","exampleBoolean":true,"groupingId":"-ex-example"},{"extension":[{"url":"http://hl7.org/fhir/StructureDefinition/implementationguide-page","valueUri":"Observation-BSJ-ObservationSPLASCH-047.html"}],"reference":{"reference":"Observation/BSJ-ObservationSPLASCH-047"},"name":"BSJ-ObservationSPLASCH-047","description":"An instance of SPLASCH Observation ObservationSPLASCH-047","exampleBoolean":true,"groupingId":"-ex-example"},{"extension":[{"url":"http://hl7.org/fhir/StructureDefinition/implementationguide-page","valueUri":"Observation-BSJ-ObservationSPLASCH-048.html"}],"reference":{"reference":"Observation/BSJ-ObservationSPLASCH-048"},"name":"BSJ-ObservationSPLASCH-048","description":"An instance of SPLASCH Observation ObservationSPLASCH-048","exampleBoolean":true,"groupingId":"-ex-example"},{"extension":[{"url":"http://hl7.org/fhir/StructureDefinition/implementationguide-page","valueUri":"Observation-BSJ-ObservationSPLASCH-049.html"}],"reference":{"reference":"Observation/BSJ-ObservationSPLASCH-049"},"name":"BSJ-ObservationSPLASCH-049","description":"An instance of SPLASCH Observation ObservationSPLASCH-049","exampleBoolean":true,"groupingId":"-ex-example"},{"extension":[{"url":"http://hl7.org/fhir/StructureDefinition/implementationguide-page","valueUri":"Observation-BSJ-ObservationSPLASCH-050.html"}],"reference":{"reference":"Observation/BSJ-ObservationSPLASCH-050"},"name":"BSJ-ObservationSPLASCH-050","description":"An instance of SPLASCH Observation ObservationSPLASCH-050","exampleBoolean":true,"groupingId":"-ex-example"},{"extension":[{"url":"http://hl7.org/fhir/StructureDefinition/implementationguide-page","valueUri":"Observation-BSJ-ObservationSPLASCH-051.html"}],"reference":{"reference":"Observation/BSJ-ObservationSPLASCH-051"},"name":"BSJ-ObservationSPLASCH-051","description":"An instance of SPLASCH Observation ObservationSPLASCH-051","exampleBoolean":true,"groupingId":"-ex-example"},{"extension":[{"url":"http://hl7.org/fhir/StructureDefinition/implementationguide-page","valueUri":"Observation-BSJ-ObservationSPLASCH-052.html"}],"reference":{"reference":"Observation/BSJ-ObservationSPLASCH-052"},"name":"BSJ-ObservationSPLASCH-052","description":"An instance of SPLASCH Observation ObservationSPLASCH-052","exampleBoolean":true,"groupingId":"-ex-example"},{"extension":[{"url":"http://hl7.org/fhir/StructureDefinition/implementationguide-page","valueUri":"Observation-BSJ-ObservationSPLASCH-053.html"}],"reference":{"reference":"Observation/BSJ-ObservationSPLASCH-053"},"name":"BSJ-ObservationSPLASCH-053","description":"An instance of SPLASCH Observation ObservationSPLASCH-053","exampleBoolean":true,"groupingId":"-ex-example"},{"extension":[{"url":"http://hl7.org/fhir/StructureDefinition/implementationguide-page","valueUri":"Observation-BSJ-ObservationSPLASCH-054.html"}],"reference":{"reference":"Observation/BSJ-ObservationSPLASCH-054"},"name":"BSJ-ObservationSPLASCH-054","description":"An instance of SPLASCH Observation ObservationSPLASCH-054","exampleBoolean":true,"groupingId":"-ex-example"},{"extension":[{"url":"http://hl7.org/fhir/StructureDefinition/implementationguide-page","valueUri":"Observation-BSJ-ObservationSPLASCH-055.html"}],"reference":{"reference":"Observation/BSJ-ObservationSPLASCH-055"},"name":"BSJ-ObservationSPLASCH-055","description":"An instance of SPLASCH Observation ObservationSPLASCH-055","exampleBoolean":true,"groupingId":"-ex-example"},{"extension":[{"url":"http://hl7.org/fhir/StructureDefinition/implementationguide-page","valueUri":"Observation-BSJ-ObservationSPLASCH-056.html"}],"reference":{"reference":"Observation/BSJ-ObservationSPLASCH-056"},"name":"BSJ-ObservationSPLASCH-056","description":"An instance of SPLASCH Observation ObservationSPLASCH-056","exampleBoolean":true,"groupingId":"-ex-example"},{"extension":[{"url":"http://hl7.org/fhir/StructureDefinition/implementationguide-page","valueUri":"Observation-BSJ-ObservationSPLASCH-057.html"}],"reference":{"reference":"Observation/BSJ-ObservationSPLASCH-057"},"name":"BSJ-ObservationSPLASCH-057","description":"An instance of SPLASCH Observation ObservationSPLASCH-057","exampleBoolean":true,"groupingId":"-ex-example"},{"extension":[{"url":"http://hl7.org/fhir/StructureDefinition/implementationguide-page","valueUri":"Observation-BSJ-ObservationSPLASCH-058.html"}],"reference":{"reference":"Observation/BSJ-ObservationSPLASCH-058"},"name":"BSJ-ObservationSPLASCH-058","description":"An instance of SPLASCH Observation ObservationSPLASCH-058","exampleBoolean":true,"groupingId":"-ex-example"},{"extension":[{"url":"http://hl7.org/fhir/StructureDefinition/implementationguide-page","valueUri":"Observation-BSJ-ObservationSPLASCH-059.html"}],"reference":{"reference":"Observation/BSJ-ObservationSPLASCH-059"},"name":"BSJ-ObservationSPLASCH-059","description":"An instance of SPLASCH Observation ObservationSPLASCH-059","exampleBoolean":true,"groupingId":"-ex-example"},{"extension":[{"url":"http://hl7.org/fhir/StructureDefinition/implementationguide-page","valueUri":"Observation-BSJ-ObservationSPLASCH-060.html"}],"reference":{"reference":"Observation/BSJ-ObservationSPLASCH-060"},"name":"BSJ-ObservationSPLASCH-060","description":"An instance of SPLASCH Observation ObservationSPLASCH-060","exampleBoolean":true,"groupingId":"-ex-example"},{"extension":[{"url":"http://hl7.org/fhir/StructureDefinition/implementationguide-page","valueUri":"Observation-BSJ-ObservationSPLASCH-061.html"}],"reference":{"reference":"Observation/BSJ-ObservationSPLASCH-061"},"name":"BSJ-ObservationSPLASCH-061","description":"An instance of SPLASCH Observation ObservationSPLASCH-061","exampleBoolean":true,"groupingId":"-ex-example"},{"extension":[{"url":"http://hl7.org/fhir/StructureDefinition/implementationguide-page","valueUri":"Observation-BSJ-ObservationSPLASCH-062.html"}],"reference":{"reference":"Observation/BSJ-ObservationSPLASCH-062"},"name":"BSJ-ObservationSPLASCH-062","description":"An instance of SPLASCH Observation ObservationSPLASCH-062","exampleBoolean":true,"groupingId":"-ex-example"},{"extension":[{"url":"http://hl7.org/fhir/StructureDefinition/implementationguide-page","valueUri":"Observation-BSJ-ObservationSPLASCH-063.html"}],"reference":{"reference":"Observation/BSJ-ObservationSPLASCH-063"},"name":"BSJ-ObservationSPLASCH-063","description":"An instance of SPLASCH Observation ObservationSPLASCH-063","exampleBoolean":true,"groupingId":"-ex-example"},{"extension":[{"url":"http://hl7.org/fhir/StructureDefinition/implementationguide-page","valueUri":"Observation-BSJ-ObservationSPLASCH-064.html"}],"reference":{"reference":"Observation/BSJ-ObservationSPLASCH-064"},"name":"BSJ-ObservationSPLASCH-064","description":"An instance of SPLASCH Observation ObservationSPLASCH-064","exampleBoolean":true,"groupingId":"-ex-example"},{"extension":[{"url":"http://hl7.org/fhir/StructureDefinition/implementationguide-page","valueUri":"Observation-BSJ-ObservationSPLASCH-065.html"}],"reference":{"reference":"Observation/BSJ-ObservationSPLASCH-065"},"name":"BSJ-ObservationSPLASCH-065","description":"An instance of SPLASCH Observation ObservationSPLASCH-065","exampleBoolean":true,"groupingId":"-ex-example"},{"extension":[{"url":"http://hl7.org/fhir/StructureDefinition/implementationguide-page","valueUri":"Observation-BSJ-ObservationSPLASCH-066.html"}],"reference":{"reference":"Observation/BSJ-ObservationSPLASCH-066"},"name":"BSJ-ObservationSPLASCH-066","description":"An instance of SPLASCH Observation ObservationSPLASCH-066","exampleBoolean":true,"groupingId":"-ex-example"},{"extension":[{"url":"http://hl7.org/fhir/StructureDefinition/implementationguide-page","valueUri":"Observation-BSJ-ObservationSPLASCH-067.html"}],"reference":{"reference":"Observation/BSJ-ObservationSPLASCH-067"},"name":"BSJ-ObservationSPLASCH-067","description":"An instance of SPLASCH Observation ObservationSPLASCH-067","exampleBoolean":true,"groupingId":"-ex-example"},{"extension":[{"url":"http://hl7.org/fhir/StructureDefinition/implementationguide-page","valueUri":"Observation-BSJ-ObservationSPLASCH-068.html"}],"reference":{"reference":"Observation/BSJ-ObservationSPLASCH-068"},"name":"BSJ-ObservationSPLASCH-068","description":"An instance of SPLASCH Observation ObservationSPLASCH-068","exampleBoolean":true,"groupingId":"-ex-example"},{"extension":[{"url":"http://hl7.org/fhir/StructureDefinition/implementationguide-page","valueUri":"Observation-BSJ-ObservationSPLASCH-069.html"}],"reference":{"reference":"Observation/BSJ-ObservationSPLASCH-069"},"name":"BSJ-ObservationSPLASCH-069","description":"An instance of SPLASCH Observation ObservationSPLASCH-069","exampleBoolean":true,"groupingId":"-ex-example"},{"extension":[{"url":"http://hl7.org/fhir/StructureDefinition/implementationguide-page","valueUri":"Observation-BSJ-ObservationSPLASCH-070.html"}],"reference":{"reference":"Observation/BSJ-ObservationSPLASCH-070"},"name":"BSJ-ObservationSPLASCH-070","description":"An instance of SPLASCH Observation ObservationSPLASCH-070","exampleBoolean":true,"groupingId":"-ex-example"},{"extension":[{"url":"http://hl7.org/fhir/StructureDefinition/implementationguide-page","valueUri":"Observation-BSJ-ObservationSPLASCH-071.html"}],"reference":{"reference":"Observation/BSJ-ObservationSPLASCH-071"},"name":"BSJ-ObservationSPLASCH-071","description":"An instance of SPLASCH Observation ObservationSPLASCH-071","exampleBoolean":true,"groupingId":"-ex-example"},{"extension":[{"url":"http://hl7.org/fhir/StructureDefinition/implementationguide-page","valueUri":"Observation-BSJ-ObservationSPLASCH-072.html"}],"reference":{"reference":"Observation/BSJ-ObservationSPLASCH-072"},"name":"BSJ-ObservationSPLASCH-072","description":"An instance of SPLASCH Observation ObservationSPLASCH-072","exampleBoolean":true,"groupingId":"-ex-example"},{"extension":[{"url":"http://hl7.org/fhir/StructureDefinition/implementationguide-page","valueUri":"Observation-BSJ-ObservationSPLASCH-073.html"}],"reference":{"reference":"Observation/BSJ-ObservationSPLASCH-073"},"name":"BSJ-ObservationSPLASCH-073","description":"An instance of SPLASCH Observation ObservationSPLASCH-073","exampleBoolean":true,"groupingId":"-ex-example"},{"extension":[{"url":"http://hl7.org/fhir/StructureDefinition/implementationguide-page","valueUri":"Observation-BSJ-ObservationSPLASCH-074.html"}],"reference":{"reference":"Observation/BSJ-ObservationSPLASCH-074"},"name":"BSJ-ObservationSPLASCH-074","description":"An instance of SPLASCH Observation ObservationSPLASCH-074","exampleBoolean":true,"groupingId":"-ex-example"},{"extension":[{"url":"http://hl7.org/fhir/StructureDefinition/implementationguide-page","valueUri":"Observation-BSJ-ObservationSPLASCH-075.html"}],"reference":{"reference":"Observation/BSJ-ObservationSPLASCH-075"},"name":"BSJ-ObservationSPLASCH-075","description":"An instance of SPLASCH Observation ObservationSPLASCH-075","exampleBoolean":true,"groupingId":"-ex-example"},{"extension":[{"url":"http://hl7.org/fhir/StructureDefinition/implementationguide-page","valueUri":"Observation-BSJ-ObservationSPLASCH-076.html"}],"reference":{"reference":"Observation/BSJ-ObservationSPLASCH-076"},"name":"BSJ-ObservationSPLASCH-076","description":"An instance of SPLASCH Observation ObservationSPLASCH-076","exampleBoolean":true,"groupingId":"-ex-example"},{"extension":[{"url":"http://hl7.org/fhir/StructureDefinition/implementationguide-page","valueUri":"Observation-BSJ-ObservationSPLASCH-077.html"}],"reference":{"reference":"Observation/BSJ-ObservationSPLASCH-077"},"name":"BSJ-ObservationSPLASCH-077","description":"An instance of SPLASCH Observation ObservationSPLASCH-077","exampleBoolean":true,"groupingId":"-ex-example"},{"extension":[{"url":"http://hl7.org/fhir/StructureDefinition/implementationguide-page","valueUri":"Observation-BSJ-ObservationSPLASCH-078.html"}],"reference":{"reference":"Observation/BSJ-ObservationSPLASCH-078"},"name":"BSJ-ObservationSPLASCH-078","description":"An instance of SPLASCH Observation ObservationSPLASCH-078","exampleBoolean":true,"groupingId":"-ex-example"},{"extension":[{"url":"http://hl7.org/fhir/StructureDefinition/implementationguide-page","valueUri":"Observation-BSJ-ObservationSPLASCH-079.html"}],"reference":{"reference":"Observation/BSJ-ObservationSPLASCH-079"},"name":"BSJ-ObservationSPLASCH-079","description":"An instance of SPLASCH Observation ObservationSPLASCH-079","exampleBoolean":true,"groupingId":"-ex-example"},{"extension":[{"url":"http://hl7.org/fhir/StructureDefinition/implementationguide-page","valueUri":"Observation-BSJ-ObservationSPLASCH-080.html"}],"reference":{"reference":"Observation/BSJ-ObservationSPLASCH-080"},"name":"BSJ-ObservationSPLASCH-080","description":"An instance of SPLASCH Observation ObservationSPLASCH-080","exampleBoolean":true,"groupingId":"-ex-example"},{"extension":[{"url":"http://hl7.org/fhir/StructureDefinition/implementationguide-page","valueUri":"Observation-BSJ-ObservationSPLASCH-081.html"}],"reference":{"reference":"Observation/BSJ-ObservationSPLASCH-081"},"name":"BSJ-ObservationSPLASCH-081","description":"An instance of SPLASCH Observation ObservationSPLASCH-081","exampleBoolean":true,"groupingId":"-ex-example"},{"extension":[{"url":"http://hl7.org/fhir/StructureDefinition/implementationguide-page","valueUri":"Observation-BSJ-ObservationSPLASCH-082.html"}],"reference":{"reference":"Observation/BSJ-ObservationSPLASCH-082"},"name":"BSJ-ObservationSPLASCH-082","description":"An instance of SPLASCH Observation ObservationSPLASCH-082","exampleBoolean":true,"groupingId":"-ex-example"},{"extension":[{"url":"http://hl7.org/fhir/StructureDefinition/implementationguide-page","valueUri":"Observation-BSJ-ObservationSPLASCH-083.html"}],"reference":{"reference":"Observation/BSJ-ObservationSPLASCH-083"},"name":"BSJ-ObservationSPLASCH-083","description":"An instance of SPLASCH Observation ObservationSPLASCH-083","exampleBoolean":true,"groupingId":"-ex-example"},{"extension":[{"url":"http://hl7.org/fhir/StructureDefinition/implementationguide-page","valueUri":"Observation-BSJ-ObservationSPLASCH-084.html"}],"reference":{"reference":"Observation/BSJ-ObservationSPLASCH-084"},"name":"BSJ-ObservationSPLASCH-084","description":"An instance of SPLASCH Observation ObservationSPLASCH-084","exampleBoolean":true,"groupingId":"-ex-example"},{"extension":[{"url":"http://hl7.org/fhir/StructureDefinition/implementationguide-page","valueUri":"Observation-BSJ-ObservationSPLASCH-085.html"}],"reference":{"reference":"Observation/BSJ-ObservationSPLASCH-085"},"name":"BSJ-ObservationSPLASCH-085","description":"An instance of SPLASCH Observation ObservationSPLASCH-085","exampleBoolean":true,"groupingId":"-ex-example"},{"extension":[{"url":"http://hl7.org/fhir/StructureDefinition/implementationguide-page","valueUri":"Observation-BSJ-ObservationSPLASCH-086.html"}],"reference":{"reference":"Observation/BSJ-ObservationSPLASCH-086"},"name":"BSJ-ObservationSPLASCH-086","description":"An instance of SPLASCH Observation ObservationSPLASCH-086","exampleBoolean":true,"groupingId":"-ex-example"},{"extension":[{"url":"http://hl7.org/fhir/StructureDefinition/implementationguide-page","valueUri":"Observation-BSJ-ObservationSPLASCH-087.html"}],"reference":{"reference":"Observation/BSJ-ObservationSPLASCH-087"},"name":"BSJ-ObservationSPLASCH-087","description":"An instance of SPLASCH Observation ObservationSPLASCH-087","exampleBoolean":true,"groupingId":"-ex-example"},{"extension":[{"url":"http://hl7.org/fhir/StructureDefinition/implementationguide-page","valueUri":"Observation-BSJ-ObservationSPLASCH-088.html"}],"reference":{"reference":"Observation/BSJ-ObservationSPLASCH-088"},"name":"BSJ-ObservationSPLASCH-088","description":"An instance of SPLASCH Observation ObservationSPLASCH-088","exampleBoolean":true,"groupingId":"-ex-example"},{"extension":[{"url":"http://hl7.org/fhir/StructureDefinition/implementationguide-page","valueUri":"Observation-BSJ-ObservationSPLASCH-089.html"}],"reference":{"reference":"Observation/BSJ-ObservationSPLASCH-089"},"name":"BSJ-ObservationSPLASCH-089","description":"An instance of SPLASCH Observation ObservationSPLASCH-089","exampleBoolean":true,"groupingId":"-ex-example"},{"extension":[{"url":"http://hl7.org/fhir/StructureDefinition/implementationguide-page","valueUri":"Observation-BSJ-ObservationSPLASCH-090.html"}],"reference":{"reference":"Observation/BSJ-ObservationSPLASCH-090"},"name":"BSJ-ObservationSPLASCH-090","description":"An instance of SPLASCH Observation ObservationSPLASCH-090","exampleBoolean":true,"groupingId":"-ex-example"},{"extension":[{"url":"http://hl7.org/fhir/StructureDefinition/implementationguide-page","valueUri":"Observation-BSJ-ObservationSPLASCH-091.html"}],"reference":{"reference":"Observation/BSJ-ObservationSPLASCH-091"},"name":"BSJ-ObservationSPLASCH-091","description":"An instance of SPLASCH Observation ObservationSPLASCH-091","exampleBoolean":true,"groupingId":"-ex-example"},{"extension":[{"url":"http://hl7.org/fhir/StructureDefinition/implementationguide-page","valueUri":"Observation-BSJ-ObservationSPLASCH-092.html"}],"reference":{"reference":"Observation/BSJ-ObservationSPLASCH-092"},"name":"BSJ-ObservationSPLASCH-092","description":"An instance of SPLASCH Observation ObservationSPLASCH-092","exampleBoolean":true,"groupingId":"-ex-example"},{"extension":[{"url":"http://hl7.org/fhir/StructureDefinition/implementationguide-page","valueUri":"Observation-BSJ-ObservationSPLASCH-093.html"}],"reference":{"reference":"Observation/BSJ-ObservationSPLASCH-093"},"name":"BSJ-ObservationSPLASCH-093","description":"An instance of SPLASCH Observation ObservationSPLASCH-093","exampleBoolean":true,"groupingId":"-ex-example"},{"extension":[{"url":"http://hl7.org/fhir/StructureDefinition/implementationguide-page","valueUri":"Observation-BSJ-ObservationSPLASCH-094.html"}],"reference":{"reference":"Observation/BSJ-ObservationSPLASCH-094"},"name":"BSJ-ObservationSPLASCH-094","description":"An instance of SPLASCH Observation ObservationSPLASCH-094","exampleBoolean":true,"groupingId":"-ex-example"},{"extension":[{"url":"http://hl7.org/fhir/StructureDefinition/implementationguide-page","valueUri":"Observation-BSJ-ObservationSPLASCH-095.html"}],"reference":{"reference":"Observation/BSJ-ObservationSPLASCH-095"},"name":"BSJ-ObservationSPLASCH-095","description":"An instance of SPLASCH Observation ObservationSPLASCH-095","exampleBoolean":true,"groupingId":"-ex-example"},{"extension":[{"url":"http://hl7.org/fhir/StructureDefinition/implementationguide-page","valueUri":"Observation-BSJ-ObservationSPLASCH-096.html"}],"reference":{"reference":"Observation/BSJ-ObservationSPLASCH-096"},"name":"BSJ-ObservationSPLASCH-096","description":"An instance of SPLASCH Observation ObservationSPLASCH-096","exampleBoolean":true,"groupingId":"-ex-example"},{"extension":[{"url":"http://hl7.org/fhir/StructureDefinition/implementationguide-page","valueUri":"Observation-BSJ-ObservationSPLASCH-097.html"}],"reference":{"reference":"Observation/BSJ-ObservationSPLASCH-097"},"name":"BSJ-ObservationSPLASCH-097","description":"An instance of SPLASCH Observation ObservationSPLASCH-097","exampleBoolean":true,"groupingId":"-ex-example"},{"extension":[{"url":"http://hl7.org/fhir/StructureDefinition/implementationguide-page","valueUri":"Observation-BSJ-ObservationSPLASCH-098.html"}],"reference":{"reference":"Observation/BSJ-ObservationSPLASCH-098"},"name":"BSJ-ObservationSPLASCH-098","description":"An instance of SPLASCH Observation ObservationSPLASCH-098","exampleBoolean":true,"groupingId":"-ex-example"},{"extension":[{"url":"http://hl7.org/fhir/StructureDefinition/implementationguide-page","valueUri":"Observation-BSJ-ObservationSPLASCH-099.html"}],"reference":{"reference":"Observation/BSJ-ObservationSPLASCH-099"},"name":"BSJ-ObservationSPLASCH-099","description":"An instance of SPLASCH Observation ObservationSPLASCH-099","exampleBoolean":true,"groupingId":"-ex-example"},{"extension":[{"url":"http://hl7.org/fhir/StructureDefinition/implementationguide-page","valueUri":"Observation-BSJ-ObservationSPLASCH-100.html"}],"reference":{"reference":"Observation/BSJ-ObservationSPLASCH-100"},"name":"BSJ-ObservationSPLASCH-100","description":"An instance of SPLASCH Observation ObservationSPLASCH-100","exampleBoolean":true,"groupingId":"-ex-example"},{"extension":[{"url":"http://hl7.org/fhir/StructureDefinition/implementationguide-page","valueUri":"Observation-BSJ-ObservationSPLASCH-101.html"}],"reference":{"reference":"Observation/BSJ-ObservationSPLASCH-101"},"name":"BSJ-ObservationSPLASCH-101","description":"An instance of SPLASCH Observation ObservationSPLASCH-101","exampleBoolean":true,"groupingId":"-ex-example"},{"extension":[{"url":"http://hl7.org/fhir/StructureDefinition/implementationguide-page","valueUri":"Observation-BSJ-ObservationSPLASCH-102.html"}],"reference":{"reference":"Observation/BSJ-ObservationSPLASCH-102"},"name":"BSJ-ObservationSPLASCH-102","description":"An instance of SPLASCH Observation ObservationSPLASCH-102","exampleBoolean":true,"groupingId":"-ex-example"},{"extension":[{"url":"http://hl7.org/fhir/StructureDefinition/implementationguide-page","valueUri":"Observation-BSJ-ObservationSPLASCH-103.html"}],"reference":{"reference":"Observation/BSJ-ObservationSPLASCH-103"},"name":"BSJ-ObservationSPLASCH-103","description":"An instance of SPLASCH Observation ObservationSPLASCH-103","exampleBoolean":true,"groupingId":"-ex-example"},{"extension":[{"url":"http://hl7.org/fhir/StructureDefinition/implementationguide-page","valueUri":"Observation-BSJ-ObservationSPLASCH-104.html"}],"reference":{"reference":"Observation/BSJ-ObservationSPLASCH-104"},"name":"BSJ-ObservationSPLASCH-104","description":"An instance of SPLASCH Observation ObservationSPLASCH-104","exampleBoolean":true,"groupingId":"-ex-example"},{"extension":[{"url":"http://hl7.org/fhir/StructureDefinition/implementationguide-page","valueUri":"Observation-BSJ-ObservationSPLASCH-105.html"}],"reference":{"reference":"Observation/BSJ-ObservationSPLASCH-105"},"name":"BSJ-ObservationSPLASCH-105","description":"An instance of SPLASCH Observation ObservationSPLASCH-105","exampleBoolean":true,"groupingId":"-ex-example"},{"extension":[{"url":"http://hl7.org/fhir/StructureDefinition/implementationguide-page","valueUri":"Observation-BSJ-ObservationSPLASCH-106.html"}],"reference":{"reference":"Observation/BSJ-ObservationSPLASCH-106"},"name":"BSJ-ObservationSPLASCH-106","description":"An instance of SPLASCH Observation ObservationSPLASCH-106","exampleBoolean":true,"groupingId":"-ex-example"},{"extension":[{"url":"http://hl7.org/fhir/StructureDefinition/implementationguide-page","valueUri":"Patient-BSJ-patientBSJ1.html"}],"reference":{"reference":"Patient/BSJ-patientBSJ1"},"name":"BSJ-patientBSJ1","description":"An instance of USCorePatientProfile","exampleBoolean":true,"groupingId":"-ex-example"},{"extension":[{"url":"http://hl7.org/fhir/StructureDefinition/implementationguide-page","valueUri":"Organization-Organization-Happy-Nursing-Facility.html"}],"reference":{"reference":"Organization/Organization-Happy-Nursing-Facility"},"name":"Organization-Happy-Nursing-Facility","description":"An instance of Organization","exampleBoolean":true,"groupingId":"-ex-example"},{"extension":[{"url":"http://hl7.org/fhir/StructureDefinition/implementationguide-page","valueUri":"Organization-Organization-San-Antonio-General-Hospital.html"}],"reference":{"reference":"Organization/Organization-San-Antonio-General-Hospital"},"name":"Organization-San-Antonio-General-Hospital","description":"An instance of Organization","exampleBoolean":true,"groupingId":"-ex-example"},{"extension":[{"url":"http://hl7.org/fhir/StructureDefinition/implementationguide-page","valueUri":"Practitioner-Practitioner-AlexanderKuikhoff.html"}],"reference":{"reference":"Practitioner/Practitioner-AlexanderKuikhoff"},"name":"Practitioner-AlexanderKuikhoff","description":"An instance of Practitioner","exampleBoolean":true,"groupingId":"-ex-example"},{"extension":[{"url":"http://hl7.org/fhir/StructureDefinition/implementationguide-page","valueUri":"Practitioner-Practitioner-CheriseLangford.html"}],"reference":{"reference":"Practitioner/Practitioner-CheriseLangford"},"name":"Practitioner-CheriseLangford","description":"An instance of Practitioner","exampleBoolean":true,"groupingId":"-ex-example"},{"extension":[{"url":"http://hl7.org/fhir/StructureDefinition/implementationguide-page","valueUri":"Practitioner-Practitioner-DanielGranger.html"}],"reference":{"reference":"Practitioner/Practitioner-DanielGranger"},"name":"Practitioner-DanielGranger","description":"An instance of Practitioner","exampleBoolean":true,"groupingId":"-ex-example"},{"extension":[{"url":"http://hl7.org/fhir/StructureDefinition/implementationguide-page","valueUri":"Practitioner-Practitioner-DonHopmed.html"}],"reference":{"reference":"Practitioner/Practitioner-DonHopmed"},"name":"Practitioner-DonHopmed","description":"An instance of Practitioner","exampleBoolean":true,"groupingId":"-ex-example"},{"extension":[{"url":"http://hl7.org/fhir/StructureDefinition/implementationguide-page","valueUri":"Practitioner-Practitioner-JenCadbury.html"}],"reference":{"reference":"Practitioner/Practitioner-JenCadbury"},"name":"Practitioner-JenCadbury","description":"An instance of Practitioner","exampleBoolean":true,"groupingId":"-ex-example"},{"extension":[{"url":"http://hl7.org/fhir/StructureDefinition/implementationguide-page","valueUri":"Practitioner-Practitioner-JennyGlass.html"}],"reference":{"reference":"Practitioner/Practitioner-JennyGlass"},"name":"Practitioner-JennyGlass","description":"An instance of Practitioner","exampleBoolean":true,"groupingId":"-ex-example"},{"extension":[{"url":"http://hl7.org/fhir/StructureDefinition/implementationguide-page","valueUri":"Practitioner-Practitioner-JudySmiley.html"}],"reference":{"reference":"Practitioner/Practitioner-JudySmiley"},"name":"Practitioner-JudySmiley","description":"An instance of Practitioner","exampleBoolean":true,"groupingId":"-ex-example"},{"extension":[{"url":"http://hl7.org/fhir/StructureDefinition/implementationguide-page","valueUri":"Practitioner-Practitioner-LiaNguyen.html"}],"reference":{"reference":"Practitioner/Practitioner-LiaNguyen"},"name":"Practitioner-LiaNguyen","description":"An instance of Practitioner","exampleBoolean":true,"groupingId":"-ex-example"},{"extension":[{"url":"http://hl7.org/fhir/StructureDefinition/implementationguide-page","valueUri":"Practitioner-Practitioner-LisaGreene.html"}],"reference":{"reference":"Practitioner/Practitioner-LisaGreene"},"name":"Practitioner-LisaGreene","description":"An instance of Practitioner","exampleBoolean":true,"groupingId":"-ex-example"},{"extension":[{"url":"http://hl7.org/fhir/StructureDefinition/implementationguide-page","valueUri":"Practitioner-Practitioner-MariaGonzalez.html"}],"reference":{"reference":"Practitioner/Practitioner-MariaGonzalez"},"name":"Practitioner-MariaGonzalez","description":"An instance of Practitioner","exampleBoolean":true,"groupingId":"-ex-example"},{"extension":[{"url":"http://hl7.org/fhir/StructureDefinition/implementationguide-page","valueUri":"Practitioner-Practitioner-RayMancioni.html"}],"reference":{"reference":"Practitioner/Practitioner-RayMancioni"},"name":"Practitioner-RayMancioni","description":"An instance of Practitioner","exampleBoolean":true,"groupingId":"-ex-example"},{"extension":[{"url":"http://hl7.org/fhir/StructureDefinition/implementationguide-page","valueUri":"Practitioner-Practitioner-RonMarble.html"}],"reference":{"reference":"Practitioner/Practitioner-RonMarble"},"name":"Practitioner-RonMarble","description":"An instance of Practitioner","exampleBoolean":true,"groupingId":"-ex-example"},{"extension":[{"url":"http://hl7.org/fhir/StructureDefinition/implementationguide-page","valueUri":"Practitioner-Practitioner-SallySmith.html"}],"reference":{"reference":"Practitioner/Practitioner-SallySmith"},"name":"Practitioner-SallySmith","description":"An instance of Practitioner","exampleBoolean":true,"groupingId":"-ex-example"},{"extension":[{"url":"http://hl7.org/fhir/StructureDefinition/implementationguide-page","valueUri":"Practitioner-Practitioner-SummerJohnson.html"}],"reference":{"reference":"Practitioner/Practitioner-SummerJohnson"},"name":"Practitioner-SummerJohnson","description":"An instance of Practitioner","exampleBoolean":true,"groupingId":"-ex-example"},{"extension":[{"url":"http://hl7.org/fhir/StructureDefinition/implementationguide-page","valueUri":"PractitionerRole-provider-role-clinical-social-work-RayMancioni.html"}],"reference":{"reference":"PractitionerRole/provider-role-clinical-social-work-RayMancioni"},"name":"provider-role-clinical-social-work-RayMancioni","description":"An instance of PractitionerRole","exampleBoolean":true,"groupingId":"-ex-example"},{"extension":[{"url":"http://hl7.org/fhir/StructureDefinition/implementationguide-page","valueUri":"PractitionerRole-provider-role-hospitalist-DonHopmed.html"}],"reference":{"reference":"PractitionerRole/provider-role-hospitalist-DonHopmed"},"name":"provider-role-hospitalist-DonHopmed","description":"An instance of PractitionerRole","exampleBoolean":true,"groupingId":"-ex-example"},{"extension":[{"url":"http://hl7.org/fhir/StructureDefinition/implementationguide-page","valueUri":"PractitionerRole-provider-role-occupational-therapist-CheriseLangford.html"}],"reference":{"reference":"PractitionerRole/provider-role-occupational-therapist-CheriseLangford"},"name":"provider-role-occupational-therapist-CheriseLangford","description":"An instance of PractitionerRole","exampleBoolean":true,"groupingId":"-ex-example"},{"extension":[{"url":"http://hl7.org/fhir/StructureDefinition/implementationguide-page","valueUri":"PractitionerRole-provider-role-occupational-therapist-LisaGreene.html"}],"reference":{"reference":"PractitionerRole/provider-role-occupational-therapist-LisaGreene"},"name":"provider-role-occupational-therapist-LisaGreene","description":"An instance of PractitionerRole","exampleBoolean":true,"groupingId":"-ex-example"},{"extension":[{"url":"http://hl7.org/fhir/StructureDefinition/implementationguide-page","valueUri":"PractitionerRole-provider-role-physical-therapist-DanielGranger.html"}],"reference":{"reference":"PractitionerRole/provider-role-physical-therapist-DanielGranger"},"name":"provider-role-physical-therapist-DanielGranger","description":"An instance of PractitionerRole","exampleBoolean":true,"groupingId":"-ex-example"},{"extension":[{"url":"http://hl7.org/fhir/StructureDefinition/implementationguide-page","valueUri":"PractitionerRole-provider-role-physical-therapist-JenCadbury.html"}],"reference":{"reference":"PractitionerRole/provider-role-physical-therapist-JenCadbury"},"name":"provider-role-physical-therapist-JenCadbury","description":"An instance of PractitionerRole","exampleBoolean":true,"groupingId":"-ex-example"},{"extension":[{"url":"http://hl7.org/fhir/StructureDefinition/implementationguide-page","valueUri":"PractitionerRole-provider-role-physical-therapist-RonMarble.html"}],"reference":{"reference":"PractitionerRole/provider-role-physical-therapist-RonMarble"},"name":"provider-role-physical-therapist-RonMarble","description":"An instance of PractitionerRole","exampleBoolean":true,"groupingId":"-ex-example"},{"extension":[{"url":"http://hl7.org/fhir/StructureDefinition/implementationguide-page","valueUri":"PractitionerRole-provider-role-physical-therapist-SallySmith.html"}],"reference":{"reference":"PractitionerRole/provider-role-physical-therapist-SallySmith"},"name":"provider-role-physical-therapist-SallySmith","description":"An instance of PractitionerRole","exampleBoolean":true,"groupingId":"-ex-example"},{"extension":[{"url":"http://hl7.org/fhir/StructureDefinition/implementationguide-page","valueUri":"PractitionerRole-provider-role-registered-nurse-JudySmiley.html"}],"reference":{"reference":"PractitionerRole/provider-role-registered-nurse-JudySmiley"},"name":"provider-role-registered-nurse-JudySmiley","description":"An instance of PractitionerRole","exampleBoolean":true,"groupingId":"-ex-example"},{"extension":[{"url":"http://hl7.org/fhir/StructureDefinition/implementationguide-page","valueUri":"PractitionerRole-provider-role-registered-nurse-LiaNguyen.html"}],"reference":{"reference":"PractitionerRole/provider-role-registered-nurse-LiaNguyen"},"name":"provider-role-registered-nurse-LiaNguyen","description":"An instance of PractitionerRole","exampleBoolean":true,"groupingId":"-ex-example"},{"extension":[{"url":"http://hl7.org/fhir/StructureDefinition/implementationguide-page","valueUri":"PractitionerRole-provider-role-registered-nurse-SummerJohnson.html"}],"reference":{"reference":"PractitionerRole/provider-role-registered-nurse-SummerJohnson"},"name":"provider-role-registered-nurse-SummerJohnson","description":"An instance of PractitionerRole","exampleBoolean":true,"groupingId":"-ex-example"},{"extension":[{"url":"http://hl7.org/fhir/StructureDefinition/implementationguide-page","valueUri":"PractitionerRole-provider-role-speech-language-pathologist-AlexanderKuikhoff.html"}],"reference":{"reference":"PractitionerRole/provider-role-speech-language-pathologist-AlexanderKuikhoff"},"name":"provider-role-speech-language-pathologist-AlexanderKuikhoff","description":"An instance of PractitionerRole","exampleBoolean":true,"groupingId":"-ex-example"},{"extension":[{"url":"http://hl7.org/fhir/StructureDefinition/implementationguide-page","valueUri":"PractitionerRole-provider-role-speech-language-pathologist-JennyGlass.html"}],"reference":{"reference":"PractitionerRole/provider-role-speech-language-pathologist-JennyGlass"},"name":"provider-role-speech-language-pathologist-JennyGlass","description":"An instance of PractitionerRole","exampleBoolean":true,"groupingId":"-ex-example"},{"extension":[{"url":"http://hl7.org/fhir/StructureDefinition/implementationguide-page","valueUri":"PractitionerRole-provider-role-speech-language-pathologist-MariaGonzalez.html"}],"reference":{"reference":"PractitionerRole/provider-role-speech-language-pathologist-MariaGonzalez"},"name":"provider-role-speech-language-pathologist-MariaGonzalez","description":"An instance of PractitionerRole","exampleBoolean":true,"groupingId":"-ex-example"}],"page":{"nameUrl":"toc.html","title":"Table of Contents","generation":"html","page":[{"nameUrl":"index.html","title":"Home","generation":"markdown"},{"nameUrl":"downloads.html","title":"Downloads","generation":"markdown"},{"nameUrl":"artifacts.html","title":"Artifacts Summary","generation":"html","page":[{"nameUrl":"StructureDefinition-splasch-SpokenLanguageComprehensionObservation.html","title":"Spoken Language Comprehension Observation","generation":"generated"},{"nameUrl":"StructureDefinition-splasch-SpokenLanguageExpressionObservation.html","title":"Spoken Language Expression Observation","generation":"generated"},{"nameUrl":"StructureDefinition-splasch-SwallowingObservation.html","title":"Swallowing Observation","generation":"generated"},{"nameUrl":"ValueSet-SPLASCHCaloriePercentageTypeObservationVS.html","title":"Calorie Percentage Type Observation","generation":"generated"},{"nameUrl":"ValueSet-SPLASCHFrequencyObservationVS.html","title":"SPLASCH Frequency Observation Values","generation":"generated"},{"nameUrl":"ValueSet-SPLASCHFrequencyTypeObservationVS.html","title":"Frequency Type Observation","generation":"generated"},{"nameUrl":"ValueSet-SPLASCHLiquidDietModifierTypeObservationVS.html","title":"Liquid Diet Modifier Type Observation","generation":"generated"},{"nameUrl":"ValueSet-SPLASCHObservationCategoryVS.html","title":"SPLASCH Observation Category","generation":"generated"},{"nameUrl":"ValueSet-SPLASCHSolidDietModifierTypeObservationVS.html","title":"Solid Diet Modifier Type Observation","generation":"generated"},{"nameUrl":"ValueSet-SPLASCHSpeechComprehensionObservationVS.html","title":"Speech Comprehension Observation","generation":"generated"},{"nameUrl":"ValueSet-SPLASCHSpeechExpressionObservationVS.html","title":"Speech Expression Observation","generation":"generated"},{"nameUrl":"ValueSet-SPLASCHSwallowingObservationVS.html","title":"Swallowing Observation","generation":"generated"},{"nameUrl":"ValueSet-SPLASCHSwallowingObservationValueVS.html","title":"Swallowing Observation Value","generation":"generated"},{"nameUrl":"CodeSystem-SPLASCHCaloriePercentageCategoryCS.html","title":"Observation Value Calorie Percentage Category Codes","generation":"generated"},{"nameUrl":"CodeSystem-SPLASCHLiquidDietCS.html","title":"Observation Value Liquid Diet Codes","generation":"generated"},{"nameUrl":"CodeSystem-SPLASCHObservationCategoryCS.html","title":"SPLASCH Observation Category Codes","generation":"generated"},{"nameUrl":"CodeSystem-SPLASCHSolidDietCS.html","title":"Observation Value Solid Diet Codes","generation":"generated"},{"nameUrl":"CodeSystem-SPLASCHSpeechComprehensionObservationCS.html","title":"Speech Comprehension Observation Codes","generation":"generated"},{"nameUrl":"CodeSystem-SPLASCHSpeechExpressionObservationCS.html","title":"Speech Expression Observation Codes","generation":"generated"},{"nameUrl":"CodeSystem-SPLASCHSwallowingObservationCS.html","title":"Swallowing Observation Codes","generation":"generated"},{"nameUrl":"CodeSystem-SPLASCHTimePercentageCategoryCS.html","title":"Observation Value Time Percentage Category Codes","generation":"generated"},{"nameUrl":"Observation-BSJ-ObservationSPLASCH-001.html","title":"BSJ-ObservationSPLASCH-001","generation":"generated"},{"nameUrl":"Observation-BSJ-ObservationSPLASCH-002.html","title":"BSJ-ObservationSPLASCH-002","generation":"generated"},{"nameUrl":"Observation-BSJ-ObservationSPLASCH-003.html","title":"BSJ-ObservationSPLASCH-003","generation":"generated"},{"nameUrl":"Observation-BSJ-ObservationSPLASCH-004.html","title":"BSJ-ObservationSPLASCH-004","generation":"generated"},{"nameUrl":"Observation-BSJ-ObservationSPLASCH-005.html","title":"BSJ-ObservationSPLASCH-005","generation":"generated"},{"nameUrl":"Observation-BSJ-ObservationSPLASCH-006.html","title":"BSJ-ObservationSPLASCH-006","generation":"generated"},{"nameUrl":"Observation-BSJ-ObservationSPLASCH-007.html","title":"BSJ-ObservationSPLASCH-007","generation":"generated"},{"nameUrl":"Observation-BSJ-ObservationSPLASCH-008.html","title":"BSJ-ObservationSPLASCH-008","generation":"generated"},{"nameUrl":"Observation-BSJ-ObservationSPLASCH-009.html","title":"BSJ-ObservationSPLASCH-009","generation":"generated"},{"nameUrl":"Observation-BSJ-ObservationSPLASCH-010.html","title":"BSJ-ObservationSPLASCH-010","generation":"generated"},{"nameUrl":"Observation-BSJ-ObservationSPLASCH-011.html","title":"BSJ-ObservationSPLASCH-011","generation":"generated"},{"nameUrl":"Observation-BSJ-ObservationSPLASCH-012.html","title":"BSJ-ObservationSPLASCH-012","generation":"generated"},{"nameUrl":"Observation-BSJ-ObservationSPLASCH-013.html","title":"BSJ-ObservationSPLASCH-013","generation":"generated"},{"nameUrl":"Observation-BSJ-ObservationSPLASCH-014.html","title":"BSJ-ObservationSPLASCH-014","generation":"generated"},{"nameUrl":"Observation-BSJ-ObservationSPLASCH-015.html","title":"BSJ-ObservationSPLASCH-015","generation":"generated"},{"nameUrl":"Observation-BSJ-ObservationSPLASCH-016.html","title":"BSJ-ObservationSPLASCH-016","generation":"generated"},{"nameUrl":"Observation-BSJ-ObservationSPLASCH-017.html","title":"BSJ-ObservationSPLASCH-017","generation":"generated"},{"nameUrl":"Observation-BSJ-ObservationSPLASCH-018.html","title":"BSJ-ObservationSPLASCH-018","generation":"generated"},{"nameUrl":"Observation-BSJ-ObservationSPLASCH-019.html","title":"BSJ-ObservationSPLASCH-019","generation":"generated"},{"nameUrl":"Observation-BSJ-ObservationSPLASCH-020.html","title":"BSJ-ObservationSPLASCH-020","generation":"generated"},{"nameUrl":"Observation-BSJ-ObservationSPLASCH-021.html","title":"BSJ-ObservationSPLASCH-021","generation":"generated"},{"nameUrl":"Observation-BSJ-ObservationSPLASCH-022.html","title":"BSJ-ObservationSPLASCH-022","generation":"generated"},{"nameUrl":"Observation-BSJ-ObservationSPLASCH-023.html","title":"BSJ-ObservationSPLASCH-023","generation":"generated"},{"nameUrl":"Observation-BSJ-ObservationSPLASCH-024.html","title":"BSJ-ObservationSPLASCH-024","generation":"generated"},{"nameUrl":"Observation-BSJ-ObservationSPLASCH-025.html","title":"BSJ-ObservationSPLASCH-025","generation":"generated"},{"nameUrl":"Observation-BSJ-ObservationSPLASCH-026.html","title":"BSJ-ObservationSPLASCH-026","generation":"generated"},{"nameUrl":"Observation-BSJ-ObservationSPLASCH-027.html","title":"BSJ-ObservationSPLASCH-027","generation":"generated"},{"nameUrl":"Observation-BSJ-ObservationSPLASCH-028.html","title":"BSJ-ObservationSPLASCH-028","generation":"generated"},{"nameUrl":"Observation-BSJ-ObservationSPLASCH-029.html","title":"BSJ-ObservationSPLASCH-029","generation":"generated"},{"nameUrl":"Observation-BSJ-ObservationSPLASCH-030.html","title":"BSJ-ObservationSPLASCH-030","generation":"generated"},{"nameUrl":"Observation-BSJ-ObservationSPLASCH-031.html","title":"BSJ-ObservationSPLASCH-031","generation":"generated"},{"nameUrl":"Observation-BSJ-ObservationSPLASCH-032.html","title":"BSJ-ObservationSPLASCH-032","generation":"generated"},{"nameUrl":"Observation-BSJ-ObservationSPLASCH-033.html","title":"BSJ-ObservationSPLASCH-033","generation":"generated"},{"nameUrl":"Observation-BSJ-ObservationSPLASCH-034.html","title":"BSJ-ObservationSPLASCH-034","generation":"generated"},{"nameUrl":"Observation-BSJ-ObservationSPLASCH-035.html","title":"BSJ-ObservationSPLASCH-035","generation":"generated"},{"nameUrl":"Observation-BSJ-ObservationSPLASCH-036.html","title":"BSJ-ObservationSPLASCH-036","generation":"generated"},{"nameUrl":"Observation-BSJ-ObservationSPLASCH-037.html","title":"BSJ-ObservationSPLASCH-037","generation":"generated"},{"nameUrl":"Observation-BSJ-ObservationSPLASCH-038.html","title":"BSJ-ObservationSPLASCH-038","generation":"generated"},{"nameUrl":"Observation-BSJ-ObservationSPLASCH-039.html","title":"BSJ-ObservationSPLASCH-039","generation":"generated"},{"nameUrl":"Observation-BSJ-ObservationSPLASCH-040.html","title":"BSJ-ObservationSPLASCH-040","generation":"generated"},{"nameUrl":"Observation-BSJ-ObservationSPLASCH-041.html","title":"BSJ-ObservationSPLASCH-041","generation":"generated"},{"nameUrl":"Observation-BSJ-ObservationSPLASCH-042.html","title":"BSJ-ObservationSPLASCH-042","generation":"generated"},{"nameUrl":"Observation-BSJ-ObservationSPLASCH-043.html","title":"BSJ-ObservationSPLASCH-043","generation":"generated"},{"nameUrl":"Observation-BSJ-ObservationSPLASCH-044.html","title":"BSJ-ObservationSPLASCH-044","generation":"generated"},{"nameUrl":"Observation-BSJ-ObservationSPLASCH-045.html","title":"BSJ-ObservationSPLASCH-045","generation":"generated"},{"nameUrl":"Observation-BSJ-ObservationSPLASCH-046.html","title":"BSJ-ObservationSPLASCH-046","generation":"generated"},{"nameUrl":"Observation-BSJ-ObservationSPLASCH-047.html","title":"BSJ-ObservationSPLASCH-047","generation":"generated"},{"nameUrl":"Observation-BSJ-ObservationSPLASCH-048.html","title":"BSJ-ObservationSPLASCH-048","generation":"generated"},{"nameUrl":"Observation-BSJ-ObservationSPLASCH-049.html","title":"BSJ-ObservationSPLASCH-049","generation":"generated"},{"nameUrl":"Observation-BSJ-ObservationSPLASCH-050.html","title":"BSJ-ObservationSPLASCH-050","generation":"generated"},{"nameUrl":"Observation-BSJ-ObservationSPLASCH-051.html","title":"BSJ-ObservationSPLASCH-051","generation":"generated"},{"nameUrl":"Observation-BSJ-ObservationSPLASCH-052.html","title":"BSJ-ObservationSPLASCH-052","generation":"generated"},{"nameUrl":"Observation-BSJ-ObservationSPLASCH-053.html","title":"BSJ-ObservationSPLASCH-053","generation":"generated"},{"nameUrl":"Observation-BSJ-ObservationSPLASCH-054.html","title":"BSJ-ObservationSPLASCH-054","generation":"generated"},{"nameUrl":"Observation-BSJ-ObservationSPLASCH-055.html","title":"BSJ-ObservationSPLASCH-055","generation":"generated"},{"nameUrl":"Observation-BSJ-ObservationSPLASCH-056.html","title":"BSJ-ObservationSPLASCH-056","generation":"generated"},{"nameUrl":"Observation-BSJ-ObservationSPLASCH-057.html","title":"BSJ-ObservationSPLASCH-057","generation":"generated"},{"nameUrl":"Observation-BSJ-ObservationSPLASCH-058.html","title":"BSJ-ObservationSPLASCH-058","generation":"generated"},{"nameUrl":"Observation-BSJ-ObservationSPLASCH-059.html","title":"BSJ-ObservationSPLASCH-059","generation":"generated"},{"nameUrl":"Observation-BSJ-ObservationSPLASCH-060.html","title":"BSJ-ObservationSPLASCH-060","generation":"generated"},{"nameUrl":"Observation-BSJ-ObservationSPLASCH-061.html","title":"BSJ-ObservationSPLASCH-061","generation":"generated"},{"nameUrl":"Observation-BSJ-ObservationSPLASCH-062.html","title":"BSJ-ObservationSPLASCH-062","generation":"generated"},{"nameUrl":"Observation-BSJ-ObservationSPLASCH-063.html","title":"BSJ-ObservationSPLASCH-063","generation":"generated"},{"nameUrl":"Observation-BSJ-ObservationSPLASCH-064.html","title":"BSJ-ObservationSPLASCH-064","generation":"generated"},{"nameUrl":"Observation-BSJ-ObservationSPLASCH-065.html","title":"BSJ-ObservationSPLASCH-065","generation":"generated"},{"nameUrl":"Observation-BSJ-ObservationSPLASCH-066.html","title":"BSJ-ObservationSPLASCH-066","generation":"generated"},{"nameUrl":"Observation-BSJ-ObservationSPLASCH-067.html","title":"BSJ-ObservationSPLASCH-067","generation":"generated"},{"nameUrl":"Observation-BSJ-ObservationSPLASCH-068.html","title":"BSJ-ObservationSPLASCH-068","generation":"generated"},{"nameUrl":"Observation-BSJ-ObservationSPLASCH-069.html","title":"BSJ-ObservationSPLASCH-069","generation":"generated"},{"nameUrl":"Observation-BSJ-ObservationSPLASCH-070.html","title":"BSJ-ObservationSPLASCH-070","generation":"generated"},{"nameUrl":"Observation-BSJ-ObservationSPLASCH-071.html","title":"BSJ-ObservationSPLASCH-071","generation":"generated"},{"nameUrl":"Observation-BSJ-ObservationSPLASCH-072.html","title":"BSJ-ObservationSPLASCH-072","generation":"generated"},{"nameUrl":"Observation-BSJ-ObservationSPLASCH-073.html","title":"BSJ-ObservationSPLASCH-073","generation":"generated"},{"nameUrl":"Observation-BSJ-ObservationSPLASCH-074.html","title":"BSJ-ObservationSPLASCH-074","generation":"generated"},{"nameUrl":"Observation-BSJ-ObservationSPLASCH-075.html","title":"BSJ-ObservationSPLASCH-075","generation":"generated"},{"nameUrl":"Observation-BSJ-ObservationSPLASCH-076.html","title":"BSJ-ObservationSPLASCH-076","generation":"generated"},{"nameUrl":"Observation-BSJ-ObservationSPLASCH-077.html","title":"BSJ-ObservationSPLASCH-077","generation":"generated"},{"nameUrl":"Observation-BSJ-ObservationSPLASCH-078.html","title":"BSJ-ObservationSPLASCH-078","generation":"generated"},{"nameUrl":"Observation-BSJ-ObservationSPLASCH-079.html","title":"BSJ-ObservationSPLASCH-079","generation":"generated"},{"nameUrl":"Observation-BSJ-ObservationSPLASCH-080.html","title":"BSJ-ObservationSPLASCH-080","generation":"generated"},{"nameUrl":"Observation-BSJ-ObservationSPLASCH-081.html","title":"BSJ-ObservationSPLASCH-081","generation":"generated"},{"nameUrl":"Observation-BSJ-ObservationSPLASCH-082.html","title":"BSJ-ObservationSPLASCH-082","generation":"generated"},{"nameUrl":"Observation-BSJ-ObservationSPLASCH-083.html","title":"BSJ-ObservationSPLASCH-083","generation":"generated"},{"nameUrl":"Observation-BSJ-ObservationSPLASCH-084.html","title":"BSJ-ObservationSPLASCH-084","generation":"generated"},{"nameUrl":"Observation-BSJ-ObservationSPLASCH-085.html","title":"BSJ-ObservationSPLASCH-085","generation":"generated"},{"nameUrl":"Observation-BSJ-ObservationSPLASCH-086.html","title":"BSJ-ObservationSPLASCH-086","generation":"generated"},{"nameUrl":"Observation-BSJ-ObservationSPLASCH-087.html","title":"BSJ-ObservationSPLASCH-087","generation":"generated"},{"nameUrl":"Observation-BSJ-ObservationSPLASCH-088.html","title":"BSJ-ObservationSPLASCH-088","generation":"generated"},{"nameUrl":"Observation-BSJ-ObservationSPLASCH-089.html","title":"BSJ-ObservationSPLASCH-089","generation":"generated"},{"nameUrl":"Observation-BSJ-ObservationSPLASCH-090.html","title":"BSJ-ObservationSPLASCH-090","generation":"generated"},{"nameUrl":"Observation-BSJ-ObservationSPLASCH-091.html","title":"BSJ-ObservationSPLASCH-091","generation":"generated"},{"nameUrl":"Observation-BSJ-ObservationSPLASCH-092.html","title":"BSJ-ObservationSPLASCH-092","generation":"generated"},{"nameUrl":"Observation-BSJ-ObservationSPLASCH-093.html","title":"BSJ-ObservationSPLASCH-093","generation":"generated"},{"nameUrl":"Observation-BSJ-ObservationSPLASCH-094.html","title":"BSJ-ObservationSPLASCH-094","generation":"generated"},{"nameUrl":"Observation-BSJ-ObservationSPLASCH-095.html","title":"BSJ-ObservationSPLASCH-095","generation":"generated"},{"nameUrl":"Observation-BSJ-ObservationSPLASCH-096.html","title":"BSJ-ObservationSPLASCH-096","generation":"generated"},{"nameUrl":"Observation-BSJ-ObservationSPLASCH-097.html","title":"BSJ-ObservationSPLASCH-097","generation":"generated"},{"nameUrl":"Observation-BSJ-ObservationSPLASCH-098.html","title":"BSJ-ObservationSPLASCH-098","generation":"generated"},{"nameUrl":"Observation-BSJ-ObservationSPLASCH-099.html","title":"BSJ-ObservationSPLASCH-099","generation":"generated"},{"nameUrl":"Observation-BSJ-ObservationSPLASCH-100.html","title":"BSJ-ObservationSPLASCH-100","generation":"generated"},{"nameUrl":"Observation-BSJ-ObservationSPLASCH-101.html","title":"BSJ-ObservationSPLASCH-101","generation":"generated"},{"nameUrl":"Observation-BSJ-ObservationSPLASCH-102.html","title":"BSJ-ObservationSPLASCH-102","generation":"generated"},{"nameUrl":"Observation-BSJ-ObservationSPLASCH-103.html","title":"BSJ-ObservationSPLASCH-103","generation":"generated"},{"nameUrl":"Observation-BSJ-ObservationSPLASCH-104.html","title":"BSJ-ObservationSPLASCH-104","generation":"generated"},{"nameUrl":"Observation-BSJ-ObservationSPLASCH-105.html","title":"BSJ-ObservationSPLASCH-105","generation":"generated"},{"nameUrl":"Observation-BSJ-ObservationSPLASCH-106.html","title":"BSJ-ObservationSPLASCH-106","generation":"generated"},{"nameUrl":"Patient-BSJ-patientBSJ1.html","title":"BSJ-patientBSJ1","generation":"generated"},{"nameUrl":"Organization-Organization-Happy-Nursing-Facility.html","title":"Organization-Happy-Nursing-Facility","generation":"generated"},{"nameUrl":"Organization-Organization-San-Antonio-General-Hospital.html","title":"Organization-San-Antonio-General-Hospital","generation":"generated"},{"nameUrl":"Practitioner-Practitioner-AlexanderKuikhoff.html","title":"Practitioner-AlexanderKuikhoff","generation":"generated"},{"nameUrl":"Practitioner-Practitioner-CheriseLangford.html","title":"Practitioner-CheriseLangford","generation":"generated"},{"nameUrl":"Practitioner-Practitioner-DanielGranger.html","title":"Practitioner-DanielGranger","generation":"generated"},{"nameUrl":"Practitioner-Practitioner-DonHopmed.html","title":"Practitioner-DonHopmed","generation":"generated"},{"nameUrl":"Practitioner-Practitioner-JenCadbury.html","title":"Practitioner-JenCadbury","generation":"generated"},{"nameUrl":"Practitioner-Practitioner-JennyGlass.html","title":"Practitioner-JennyGlass","generation":"generated"},{"nameUrl":"Practitioner-Practitioner-JudySmiley.html","title":"Practitioner-JudySmiley","generation":"generated"},{"nameUrl":"Practitioner-Practitioner-LiaNguyen.html","title":"Practitioner-LiaNguyen","generation":"generated"},{"nameUrl":"Practitioner-Practitioner-LisaGreene.html","title":"Practitioner-LisaGreene","generation":"generated"},{"nameUrl":"Practitioner-Practitioner-MariaGonzalez.html","title":"Practitioner-MariaGonzalez","generation":"generated"},{"nameUrl":"Practitioner-Practitioner-RayMancioni.html","title":"Practitioner-RayMancioni","generation":"generated"},{"nameUrl":"Practitioner-Practitioner-RonMarble.html","title":"Practitioner-RonMarble","generation":"generated"},{"nameUrl":"Practitioner-Practitioner-SallySmith.html","title":"Practitioner-SallySmith","generation":"generated"},{"nameUrl":"Practitioner-Practitioner-SummerJohnson.html","title":"Practitioner-SummerJohnson","generation":"generated"},{"nameUrl":"PractitionerRole-provider-role-clinical-social-work-RayMancioni.html","title":"provider-role-clinical-social-work-RayMancioni","generation":"generated"},{"nameUrl":"PractitionerRole-provider-role-hospitalist-DonHopmed.html","title":"provider-role-hospitalist-DonHopmed","generation":"generated"},{"nameUrl":"PractitionerRole-provider-role-occupational-therapist-CheriseLangford.html","title":"provider-role-occupational-therapist-CheriseLangford","generation":"generated"},{"nameUrl":"PractitionerRole-provider-role-occupational-therapist-LisaGreene.html","title":"provider-role-occupational-therapist-LisaGreene","generation":"generated"},{"nameUrl":"PractitionerRole-provider-role-physical-therapist-DanielGranger.html","title":"provider-role-physical-therapist-DanielGranger","generation":"generated"},{"nameUrl":"PractitionerRole-provider-role-physical-therapist-JenCadbury.html","title":"provider-role-physical-therapist-JenCadbury","generation":"generated"},{"nameUrl":"PractitionerRole-provider-role-physical-therapist-RonMarble.html","title":"provider-role-physical-therapist-RonMarble","generation":"generated"},{"nameUrl":"PractitionerRole-provider-role-physical-therapist-SallySmith.html","title":"provider-role-physical-therapist-SallySmith","generation":"generated"},{"nameUrl":"PractitionerRole-provider-role-registered-nurse-JudySmiley.html","title":"provider-role-registered-nurse-JudySmiley","generation":"generated"},{"nameUrl":"PractitionerRole-provider-role-registered-nurse-LiaNguyen.html","title":"provider-role-registered-nurse-LiaNguyen","generation":"generated"},{"nameUrl":"PractitionerRole-provider-role-registered-nurse-SummerJohnson.html","title":"provider-role-registered-nurse-SummerJohnson","generation":"generated"},{"nameUrl":"PractitionerRole-provider-role-speech-language-pathologist-AlexanderKuikhoff.html","title":"provider-role-speech-language-pathologist-AlexanderKuikhoff","generation":"generated"},{"nameUrl":"PractitionerRole-provider-role-speech-language-pathologist-JennyGlass.html","title":"provider-role-speech-language-pathologist-JennyGlass","generation":"generated"},{"nameUrl":"PractitionerRole-provider-role-speech-language-pathologist-MariaGonzalez.html","title":"provider-role-speech-language-pathologist-MariaGonzalez","generation":"generated"}]}]},"parameter":[{"code":"path-resource","value":"input/capabilities"},{"code":"path-resource","value":"input/examples"},{"code":"path-resource","value":"input/extensions"},{"code":"path-resource","value":"input/models"},{"code":"path-resource","value":"input/operations"},{"code":"path-resource","value":"input/profiles"},{"code":"path-resource","value":"input/resources"},{"code":"path-resource","value":"input/vocabulary"},{"code":"path-resource","value":"input/maps"},{"code":"path-resource","value":"input/testing"},{"code":"path-resource","value":"input/history"},{"code":"path-resource","value":"fsh-generated/resources"},{"code":"path-pages","value":"template/config"},{"code":"path-pages","value":"input/images"},{"code":"path-tx-cache","value":"input-cache/txcache"}]}}