{"resourceType":"ValueSet","id":"SPLASCHFrequencyTypeObservationVS","text":{"status":"extensions","div":"<div xmlns=\"http://www.w3.org/1999/xhtml\"><p>This value set includes codes based on the following rules:</p><ul><li>Include all codes defined in <a href=\"CodeSystem-SPLASCHSpeechComprehensionObservationCS.html\"><code>http://hl7.org/fhir/us/pacio-splasch/CodeSystem/SPLASCHSpeechComprehensionObservationCS</code></a></li><li>Include all codes defined in <a href=\"CodeSystem-SPLASCHSpeechExpressionObservationCS.html\"><code>http://hl7.org/fhir/us/pacio-splasch/CodeSystem/SPLASCHSpeechExpressionObservationCS</code></a></li><li>Include these codes as defined in <a href=\"CodeSystem-SPLASCHSwallowingObservationCS.html\"><code>http://hl7.org/fhir/us/pacio-splasch/CodeSystem/SPLASCHSwallowingObservationCS</code></a><table class=\"none\"><tr><td style=\"white-space:nowrap\"><b>Code</b></td><td><b>Display</b></td><td><b>Definition</b></td></tr><tr><td><a href=\"CodeSystem-SPLASCHSwallowingObservationCS.html#SPLASCHSwallowingObservationCS-oral-containment-secretion-difficulty\">oral-containment-secretion-difficulty</a></td><td>Difficulties with oral containment or secretion management</td><td>How often does the individual exhibit difficulties with oral containment or secretion management?</td></tr><tr><td><a href=\"CodeSystem-SPLASCHSwallowingObservationCS.html#SPLASCHSwallowingObservationCS-assistance-swallowing-safety\">assistance-swallowing-safety</a></td><td>Require assistance or supervision for swallowing safety</td><td>How often does the individual require supervision/assistance at meal time due to swallowing safety (e.g., risk of aspiration, pocketing)? Note: If individual is NPO, rate supervision/assistance as 91-100% of the time.</td></tr></table></li></ul></div>"},"url":"http://hl7.org/fhir/us/pacio-splasch/ValueSet/SPLASCHFrequencyTypeObservationVS","version":"0.1.0","name":"SPLASCHFrequencyTypeObservationVS","title":"Frequency Type Observation","status":"active","date":"2022-04-05T12:11:10-04:00","publisher":"HL7 Patient Care Working Group","contact":[{"name":"HL7 Patient Care Working Group","telecom":[{"system":"url","value":"http://www.hl7.org/Special/committees/patientcare"},{"system":"email","value":"patients@lists.HL7.org"}]},{"name":"PACIO project","telecom":[{"system":"url","value":"http://www.hl7.org/Special/committees/patientcare"},{"system":"email","value":"info@pacioproject.org"}]}],"description":"ValueSet identifying observation codes that have a frequency value. This ValueSet can be used for creating a pick-list or value validation appropriate for a particular observation.","jurisdiction":[{"coding":[{"system":"urn:iso:std:iso:3166","code":"US"}]}],"copyright":"This CodeSystem is not copyrighted.","compose":{"include":[{"system":"http://hl7.org/fhir/us/pacio-splasch/CodeSystem/SPLASCHSpeechComprehensionObservationCS"},{"system":"http://hl7.org/fhir/us/pacio-splasch/CodeSystem/SPLASCHSpeechExpressionObservationCS"},{"system":"http://hl7.org/fhir/us/pacio-splasch/CodeSystem/SPLASCHSwallowingObservationCS","concept":[{"code":"oral-containment-secretion-difficulty"},{"code":"assistance-swallowing-safety"}]}]}}