{"resourceType":"ValueSet","id":"SPLASCHHearingAidNeedAndAvailabilityTypeObservationVS","text":{"status":"generated","div":"<div xmlns=\"http://www.w3.org/1999/xhtml\"><ul><li>Include these codes as defined in <a href=\"http://loinc.org\"><code>http://loinc.org</code></a><table class=\"none\"><tr><td style=\"white-space:nowrap\"><b>Code</b></td><td><b>Display</b></td></tr><tr><td><a href=\"http://details.loinc.org/LOINC/94900-8.html\">94900-8</a></td><td>Need for and availability of a hearing aid [CMS Assessment]</td></tr></table></li></ul></div>"},"url":"http://hl7.org/fhir/us/pacio-splasch/ValueSet/SPLASCHHearingAidNeedAndAvailabilityTypeObservationVS","version":"0.1.0","name":"SPLASCHHearingAidNeedAndAvailabilityTypeObservationVS","title":"Need for and Availability of Hearing Aid Type Observation","status":"active","date":"2022-03-29T12:50:12-04:00","publisher":"HL7 Patient Care Working Group","contact":[{"name":"HL7 Patient Care Working Group","telecom":[{"system":"url","value":"http://www.hl7.org/Special/committees/patientcare"},{"system":"email","value":"patients@lists.HL7.org"}]},{"name":"PACIO project","telecom":[{"system":"url","value":"http://www.hl7.org/Special/committees/patientcare"},{"system":"email","value":"info@pacioproject.org"}]}],"description":"ValueSet identifying observation codes that have a hearing aid need and availability value. This ValueSet can be used for creating a pick-list or value validation appropriate for a particular observation.","jurisdiction":[{"coding":[{"system":"urn:iso:std:iso:3166","code":"US"}]}],"copyright":"This CodeSystem is not copyrighted.","compose":{"include":[{"system":"http://loinc.org","concept":[{"code":"94900-8"}]}]}}