{"resourceType":"ValueSet","id":"SPLASCHHearingObservationValueVS","text":{"status":"generated","div":"<div xmlns=\"http://www.w3.org/1999/xhtml\"><p>This value set includes codes based on the following rules:</p><ul><li>Import all the codes that are contained in <a href=\"ValueSet-HearingAbilityToHearDuringAssessmentPeriodVS.html\">http://hl7.org/fhir/us/pacio-splasch/ValueSet/HearingAbilityToHearDuringAssessmentPeriodVS</a></li><li>Import all the codes that are contained in <a href=\"ValueSet-YesOrNoVS.html\">http://hl7.org/fhir/us/pacio-splasch/ValueSet/YesOrNoVS</a></li><li>Import all the codes that are contained in <a href=\"ValueSet-CmsFasiAssistiveDevicesVS.html\">http://hl7.org/fhir/us/pacio-splasch/ValueSet/CmsFasiAssistiveDevicesVS</a></li><li>Import all the codes that are contained in <a href=\"ValueSet-LeftRightBothVS.html\">http://hl7.org/fhir/us/pacio-splasch/ValueSet/LeftRightBothVS</a></li><li>Import all the codes that are contained in <a href=\"ValueSet-HearBetterInOneEarVS.html\">http://hl7.org/fhir/us/pacio-splasch/ValueSet/HearBetterInOneEarVS</a></li></ul></div>"},"url":"http://hl7.org/fhir/us/pacio-splasch/ValueSet/SPLASCHHearingObservationValueVS","version":"0.1.0","name":"SPLASCHHearingObservationValueVS","title":"Hearing Observation Value","status":"active","date":"2022-03-29T14:17:18-04:00","publisher":"HL7 Patient Care Working Group","contact":[{"name":"HL7 Patient Care Working Group","telecom":[{"system":"url","value":"http://www.hl7.org/Special/committees/patientcare"},{"system":"email","value":"patients@lists.HL7.org"}]},{"name":"PACIO project","telecom":[{"system":"url","value":"http://www.hl7.org/Special/committees/patientcare"},{"system":"email","value":"info@pacioproject.org"}]}],"description":"SPLASCH hearing observation values: codes representing answers to the hearing questions asked by the ValueSet SPLASCHHearingObservationCodeVS","jurisdiction":[{"coding":[{"system":"urn:iso:std:iso:3166","code":"US"}]}],"copyright":"This CodeSystem is not copyrighted.","compose":{"include":[{"valueSet":["http://hl7.org/fhir/us/pacio-splasch/ValueSet/HearingAbilityToHearDuringAssessmentPeriodVS"]},{"valueSet":["http://hl7.org/fhir/us/pacio-splasch/ValueSet/YesOrNoVS"]},{"valueSet":["http://hl7.org/fhir/us/pacio-splasch/ValueSet/CmsFasiAssistiveDevicesVS"]},{"valueSet":["http://hl7.org/fhir/us/pacio-splasch/ValueSet/LeftRightBothVS"]},{"valueSet":["http://hl7.org/fhir/us/pacio-splasch/ValueSet/HearBetterInOneEarVS"]}]}}