{"resourceType":"ValueSet","id":"SPLASCHObservationCategoryVS","text":{"status":"generated","div":"<div xmlns=\"http://www.w3.org/1999/xhtml\"><ul><li>Include all codes defined in <a href=\"CodeSystem-SPLASCHObservationCategoryCS.html\"><code>http://hl7.org/fhir/us/pacio-splasch/CodeSystem/SPLASCHObservationCategoryCS</code></a></li></ul></div>"},"url":"http://hl7.org/fhir/us/pacio-splasch/ValueSet/SPLASCHObservationCategoryVS","version":"0.1.0","name":"SPLASCHObservationCategoryVS","title":"SPLASCH Observation Category","status":"active","date":"2021-12-08T13:27:26-05:00","publisher":"HL7 Patient Care Working Group","contact":[{"name":"HL7 Patient Care Working Group","telecom":[{"system":"url","value":"http://www.hl7.org/Special/committees/patientcare"},{"system":"email","value":"patients@lists.HL7.org"}]},{"name":"PACIO project","telecom":[{"system":"url","value":"http://www.hl7.org/Special/committees/patientcare"},{"system":"email","value":"info@pacioproject.org"}]}],"description":"Categories for SPLASCH observation profiles","jurisdiction":[{"coding":[{"system":"urn:iso:std:iso:3166","code":"US"}]}],"copyright":"This CodeSystem is not copyrighted.","compose":{"include":[{"system":"http://hl7.org/fhir/us/pacio-splasch/CodeSystem/SPLASCHObservationCategoryCS"}]}}