{"resourceType":"ValueSet","id":"HearingLossType","text":{"status":"generated","div":"<div xmlns=\"http://www.w3.org/1999/xhtml\"><ul><li>Include these codes as defined in <a href=\"http://loinc.org\"><code>http://loinc.org</code></a><table class=\"none\"><tr><td style=\"white-space:nowrap\"><b>Code</b></td><td><b>Display</b></td></tr><tr><td><a href=\"http://details.loinc.org/LOINC/LA32484-0.html\">LA32484-0</a></td><td>No hearing loss</td></tr><tr><td><a href=\"http://details.loinc.org/LOINC/LA32485-7.html\">LA32485-7</a></td><td>Sensorineural</td></tr><tr><td><a href=\"http://details.loinc.org/LOINC/LA32486-5.html\">LA32486-5</a></td><td>Conductive - transient</td></tr><tr><td><a href=\"http://details.loinc.org/LOINC/LA32487-3.html\">LA32487-3</a></td><td>Conductive - permanent</td></tr><tr><td><a href=\"http://details.loinc.org/LOINC/LA32488-1.html\">LA32488-1</a></td><td>Conductive - undetermined</td></tr><tr><td><a href=\"http://details.loinc.org/LOINC/LA11840-8.html\">LA11840-8</a></td><td>Mixed</td></tr><tr><td><a href=\"http://details.loinc.org/LOINC/LA32489-9.html\">LA32489-9</a></td><td>Auditory neuropahty/Neural</td></tr><tr><td><a href=\"http://details.loinc.org/LOINC/LA32490-7.html\">LA32490-7</a></td><td>Undetermined/Inconclusive</td></tr></table></li></ul></div>"},"url":"http://hl7.org/fhir/us/pacio-splasch/ValueSet/HearingLossType","version":"0.1.0","name":"HearingLossType","title":"Hearing Loss - Type","status":"active","date":"2022-05-03T12:45:05-04:00","publisher":"HL7 Patient Care Working Group","contact":[{"name":"HL7 Patient Care Working Group","telecom":[{"system":"url","value":"http://www.hl7.org/Special/committees/patientcare"},{"system":"email","value":"patients@lists.HL7.org"}]},{"name":"PACIO project","telecom":[{"system":"url","value":"http://www.hl7.org/Special/committees/patientcare"},{"system":"email","value":"info@pacioproject.org"}]}],"description":"Type of hearing loss","jurisdiction":[{"coding":[{"system":"urn:iso:std:iso:3166","code":"US"}]}],"compose":{"include":[{"system":"http://loinc.org","concept":[{"code":"LA32484-0","display":"No hearing loss"},{"code":"LA32485-7","display":"Sensorineural"},{"code":"LA32486-5","display":"Conductive - transient"},{"code":"LA32487-3","display":"Conductive - permanent"},{"code":"LA32488-1","display":"Conductive - undetermined"},{"code":"LA11840-8","display":"Mixed"},{"code":"LA32489-9","display":"Auditory neuropahty/Neural"},{"code":"LA32490-7","display":"Undetermined/Inconclusive"}]}]}}