{
  "resourceType": "CodeSystem",
  "id": "SPLASCHDiagnosticAudiologyResultsPanelCS",
  "text": {
    "status": "generated",
    "div": "<div xmlns=\"http://www.w3.org/1999/xhtml\"><p>This code system http://hl7.org/fhir/us/pacio-splasch/CodeSystem/SPLASCHDiagnosticAudiologyResultsPanelCS defines the following codes:</p><table class=\"codes\"><tr><td style=\"white-space:nowrap\"><b>Code</b></td><td><b>Display</b></td></tr><tr><td style=\"white-space:nowrap\">98419-5<a name=\"SPLASCHDiagnosticAudiologyResultsPanelCS-98419-5\"> </a></td><td>Diagnostic audiology test performed</td></tr><tr><td style=\"white-space:nowrap\">98480-7<a name=\"SPLASCHDiagnosticAudiologyResultsPanelCS-98480-7\"> </a></td><td>Auditory brainstem response panel</td></tr><tr><td style=\"white-space:nowrap\">98481-5<a name=\"SPLASCHDiagnosticAudiologyResultsPanelCS-98481-5\"> </a></td><td>Auditory brainstem response threshold Ear - left --click</td></tr><tr><td style=\"white-space:nowrap\">98482-3<a name=\"SPLASCHDiagnosticAudiologyResultsPanelCS-98482-3\"> </a></td><td>Auditory brainstem response threshold Ear - right --click</td></tr><tr><td style=\"white-space:nowrap\">89024-4<a name=\"SPLASCHDiagnosticAudiologyResultsPanelCS-89024-4\"> </a></td><td>Hearing threshold Ear - left --500 Hz</td></tr><tr><td style=\"white-space:nowrap\">89025-1<a name=\"SPLASCHDiagnosticAudiologyResultsPanelCS-89025-1\"> </a></td><td>Hearing threshold Ear - right --500 Hz</td></tr><tr><td style=\"white-space:nowrap\">89016-0<a name=\"SPLASCHDiagnosticAudiologyResultsPanelCS-89016-0\"> </a></td><td>Hearing threshold Ear - left --1000 Hz</td></tr><tr><td style=\"white-space:nowrap\">89017-8<a name=\"SPLASCHDiagnosticAudiologyResultsPanelCS-89017-8\"> </a></td><td>Hearing threshold Ear - right --1000 Hz</td></tr><tr><td style=\"white-space:nowrap\">89018-6<a name=\"SPLASCHDiagnosticAudiologyResultsPanelCS-89018-6\"> </a></td><td>Hearing threshold Ear - left --2000 Hz</td></tr><tr><td style=\"white-space:nowrap\">89019-4<a name=\"SPLASCHDiagnosticAudiologyResultsPanelCS-89019-4\"> </a></td><td>Hearing threshold Ear - right --2000 Hz</td></tr><tr><td style=\"white-space:nowrap\">89020-2<a name=\"SPLASCHDiagnosticAudiologyResultsPanelCS-89020-2\"> </a></td><td>Hearing threshold Ear - left --3000 Hz</td></tr><tr><td style=\"white-space:nowrap\">89021-0<a name=\"SPLASCHDiagnosticAudiologyResultsPanelCS-89021-0\"> </a></td><td>Hearing threshold Ear - right --3000 Hz</td></tr><tr><td style=\"white-space:nowrap\">89022-8<a name=\"SPLASCHDiagnosticAudiologyResultsPanelCS-89022-8\"> </a></td><td>Hearing threshold Ear - left --4000 Hz</td></tr><tr><td style=\"white-space:nowrap\">89023-6<a name=\"SPLASCHDiagnosticAudiologyResultsPanelCS-89023-6\"> </a></td><td>Hearing threshold Ear - right --4000 Hz</td></tr><tr><td style=\"white-space:nowrap\">98421-1<a name=\"SPLASCHDiagnosticAudiologyResultsPanelCS-98421-1\"> </a></td><td>Hearing loss type Ear - left</td></tr><tr><td style=\"white-space:nowrap\">98426-0<a name=\"SPLASCHDiagnosticAudiologyResultsPanelCS-98426-0\"> </a></td><td>Hearing loss type Ear - right</td></tr><tr><td style=\"white-space:nowrap\">98425-2<a name=\"SPLASCHDiagnosticAudiologyResultsPanelCS-98425-2\"> </a></td><td>Hearing loss configuration Ear - left</td></tr><tr><td style=\"white-space:nowrap\">98430-2<a name=\"SPLASCHDiagnosticAudiologyResultsPanelCS-98430-2\"> </a></td><td>Hearing loss configuration Ear - right</td></tr><tr><td style=\"white-space:nowrap\">98422-9<a name=\"SPLASCHDiagnosticAudiologyResultsPanelCS-98422-9\"> </a></td><td>Hearing loss degree Ear - left</td></tr><tr><td style=\"white-space:nowrap\">98427-8<a name=\"SPLASCHDiagnosticAudiologyResultsPanelCS-98427-8\"> </a></td><td>Hearing loss degree Ear - right</td></tr><tr><td style=\"white-space:nowrap\">98424-5<a name=\"SPLASCHDiagnosticAudiologyResultsPanelCS-98424-5\"> </a></td><td>Hearing loss degree.max Ear - left</td></tr><tr><td style=\"white-space:nowrap\">98429-4<a name=\"SPLASCHDiagnosticAudiologyResultsPanelCS-98429-4\"> </a></td><td>Hearing loss degree.max Ear - right</td></tr><tr><td style=\"white-space:nowrap\">98423-7<a name=\"SPLASCHDiagnosticAudiologyResultsPanelCS-98423-7\"> </a></td><td>Hearing loss degree.min Ear - left</td></tr><tr><td style=\"white-space:nowrap\">98428-6<a name=\"SPLASCHDiagnosticAudiologyResultsPanelCS-98428-6\"> </a></td><td>Hearing loss degree.min Ear - right</td></tr><tr><td style=\"white-space:nowrap\">98420-3<a name=\"SPLASCHDiagnosticAudiologyResultsPanelCS-98420-3\"> </a></td><td>Audiology Comment Narrative</td></tr><tr><td style=\"white-space:nowrap\">98431-0<a name=\"SPLASCHDiagnosticAudiologyResultsPanelCS-98431-0\"> </a></td><td>Diagnostic audiology follow-up recommendation</td></tr><tr><td style=\"white-space:nowrap\">98432-8<a name=\"SPLASCHDiagnosticAudiologyResultsPanelCS-98432-8\"> </a></td><td>Reason diagnostic audiology assessment not performed</td></tr></table></div>"
  },
  "url": "http://hl7.org/fhir/us/pacio-splasch/CodeSystem/SPLASCHDiagnosticAudiologyResultsPanelCS",
  "version": "0.1.0",
  "name": "SPLASCHDiagnosticAudiologyResultsPanelCS",
  "title": "Diagnostic Audiology Results Panel",
  "status": "active",
  "date": "2022-05-04T12:01:11-04:00",
  "publisher": "HL7 Patient Care Working Group",
  "contact": [
    {
      "name": "HL7 Patient Care Working Group",
      "telecom": [
        {
          "system": "url",
          "value": "http://www.hl7.org/Special/committees/patientcare"
        },
        {
          "system": "email",
          "value": "patients@lists.HL7.org"
        }
      ]
    },
    {
      "name": "PACIO project",
      "telecom": [
        {
          "system": "url",
          "value": "http://www.hl7.org/Special/committees/patientcare"
        },
        {
          "system": "email",
          "value": "info@pacioproject.org"
        }
      ]
    }
  ],
  "description": "Codes representing panel LOINC 98418-7 Diagnostic Audiology Results Panel",
  "jurisdiction": [
    {
      "coding": [
        {
          "system": "urn:iso:std:iso:3166",
          "code": "US"
        }
      ]
    }
  ],
  "copyright": "This CodeSystem is not copyrighted.",
  "caseSensitive": true,
  "content": "complete",
  "count": 27,
  "concept": [
    {
      "code": "98419-5",
      "display": "Diagnostic audiology test performed"
    },
    {
      "code": "98480-7",
      "display": "Auditory brainstem response panel"
    },
    {
      "code": "98481-5",
      "display": "Auditory brainstem response threshold Ear - left --click"
    },
    {
      "code": "98482-3",
      "display": "Auditory brainstem response threshold Ear - right --click"
    },
    {
      "code": "89024-4",
      "display": "Hearing threshold Ear - left --500 Hz"
    },
    {
      "code": "89025-1",
      "display": "Hearing threshold Ear - right --500 Hz"
    },
    {
      "code": "89016-0",
      "display": "Hearing threshold Ear - left --1000 Hz"
    },
    {
      "code": "89017-8",
      "display": "Hearing threshold Ear - right --1000 Hz"
    },
    {
      "code": "89018-6",
      "display": "Hearing threshold Ear - left --2000 Hz"
    },
    {
      "code": "89019-4",
      "display": "Hearing threshold Ear - right --2000 Hz"
    },
    {
      "code": "89020-2",
      "display": "Hearing threshold Ear - left --3000 Hz"
    },
    {
      "code": "89021-0",
      "display": "Hearing threshold Ear - right --3000 Hz"
    },
    {
      "code": "89022-8",
      "display": "Hearing threshold Ear - left --4000 Hz"
    },
    {
      "code": "89023-6",
      "display": "Hearing threshold Ear - right --4000 Hz"
    },
    {
      "code": "98421-1",
      "display": "Hearing loss type Ear - left"
    },
    {
      "code": "98426-0",
      "display": "Hearing loss type Ear - right"
    },
    {
      "code": "98425-2",
      "display": "Hearing loss configuration Ear - left"
    },
    {
      "code": "98430-2",
      "display": "Hearing loss configuration Ear - right"
    },
    {
      "code": "98422-9",
      "display": "Hearing loss degree Ear - left"
    },
    {
      "code": "98427-8",
      "display": "Hearing loss degree Ear - right"
    },
    {
      "code": "98424-5",
      "display": "Hearing loss degree.max Ear - left"
    },
    {
      "code": "98429-4",
      "display": "Hearing loss degree.max Ear - right"
    },
    {
      "code": "98423-7",
      "display": "Hearing loss degree.min Ear - left"
    },
    {
      "code": "98428-6",
      "display": "Hearing loss degree.min Ear - right"
    },
    {
      "code": "98420-3",
      "display": "Audiology Comment Narrative"
    },
    {
      "code": "98431-0",
      "display": "Diagnostic audiology follow-up recommendation"
    },
    {
      "code": "98432-8",
      "display": "Reason diagnostic audiology assessment not performed"
    }
  ]
}