{
  "resourceType": "CodeSystem",
  "id": "HearingLossTypeCS",
  "text": {
    "status": "generated",
    "div": "<div xmlns=\"http://www.w3.org/1999/xhtml\"><p>This code system http://hl7.org/fhir/us/pacio-splasch/CodeSystem/HearingLossTypeCS defines the following codes:</p><table class=\"codes\"><tr><td style=\"white-space:nowrap\"><b>Code</b></td><td><b>Display</b></td></tr><tr><td style=\"white-space:nowrap\">LA32484-0<a name=\"HearingLossTypeCS-LA32484-0\"> </a></td><td>No hearing loss</td></tr><tr><td style=\"white-space:nowrap\">LA32485-7<a name=\"HearingLossTypeCS-LA32485-7\"> </a></td><td>Sensorineural</td></tr><tr><td style=\"white-space:nowrap\">LA32486-5<a name=\"HearingLossTypeCS-LA32486-5\"> </a></td><td>Conductive - transient</td></tr><tr><td style=\"white-space:nowrap\">LA32487-3<a name=\"HearingLossTypeCS-LA32487-3\"> </a></td><td>Conductive - permanent</td></tr><tr><td style=\"white-space:nowrap\">LA32488-1<a name=\"HearingLossTypeCS-LA32488-1\"> </a></td><td>Conductive - undetermined</td></tr><tr><td style=\"white-space:nowrap\">LA11840-8<a name=\"HearingLossTypeCS-LA11840-8\"> </a></td><td>Mixed</td></tr><tr><td style=\"white-space:nowrap\">LA32489-9<a name=\"HearingLossTypeCS-LA32489-9\"> </a></td><td>Auditory neuropahty/Neural</td></tr><tr><td style=\"white-space:nowrap\">LA32490-7<a name=\"HearingLossTypeCS-LA32490-7\"> </a></td><td>Undetermined/Inconclusive</td></tr></table></div>"
  },
  "url": "http://hl7.org/fhir/us/pacio-splasch/CodeSystem/HearingLossTypeCS",
  "version": "0.1.0",
  "name": "HearingLossTypeCS",
  "title": "Hearing Loss - Type",
  "status": "active",
  "date": "2022-05-04T09:54:10-04:00",
  "publisher": "HL7 Patient Care Working Group",
  "contact": [
    {
      "name": "HL7 Patient Care Working Group",
      "telecom": [
        {
          "system": "url",
          "value": "http://www.hl7.org/Special/committees/patientcare"
        },
        {
          "system": "email",
          "value": "patients@lists.HL7.org"
        }
      ]
    },
    {
      "name": "PACIO project",
      "telecom": [
        {
          "system": "url",
          "value": "http://www.hl7.org/Special/committees/patientcare"
        },
        {
          "system": "email",
          "value": "info@pacioproject.org"
        }
      ]
    }
  ],
  "description": "Type of hearing loss",
  "jurisdiction": [
    {
      "coding": [
        {
          "system": "urn:iso:std:iso:3166",
          "code": "US"
        }
      ]
    }
  ],
  "copyright": "This CodeSystem is not copyrighted.",
  "caseSensitive": true,
  "content": "complete",
  "count": 8,
  "concept": [
    {
      "code": "LA32484-0",
      "display": "No hearing loss"
    },
    {
      "code": "LA32485-7",
      "display": "Sensorineural"
    },
    {
      "code": "LA32486-5",
      "display": "Conductive - transient"
    },
    {
      "code": "LA32487-3",
      "display": "Conductive - permanent"
    },
    {
      "code": "LA32488-1",
      "display": "Conductive - undetermined"
    },
    {
      "code": "LA11840-8",
      "display": "Mixed"
    },
    {
      "code": "LA32489-9",
      "display": "Auditory neuropahty/Neural"
    },
    {
      "code": "LA32490-7",
      "display": "Undetermined/Inconclusive"
    }
  ]
}