{
  "resourceType": "Observation",
  "id": "BSJ-ObservationSPLASCH-066",
  "text": {
    "status": "generated",
    "div": "<div xmlns=\"http://www.w3.org/1999/xhtml\"><p><b>Generated Narrative</b></p><div style=\"display: inline-block; background-color: #d9e0e7; padding: 6px; margin: 4px; border: 1px solid #8da1b4; border-radius: 5px; line-height: 60%\"><p style=\"margin-bottom: 0px\">Resource \"BSJ-ObservationSPLASCH-066\" </p></div><p><b>status</b>: final</p><p><b>category</b>: Swallowing <span style=\"background: LightGoldenRodYellow; margin: 4px; border: 1px solid khaki\"> (<a href=\"CodeSystem-SPLASCHObservationCategoryCS.html\">SPLASCH Observation Category Codes</a>#swallowing)</span></p><p><b>code</b>: Require assistance or supervision for swallowing safety <span style=\"background: LightGoldenRodYellow; margin: 4px; border: 1px solid khaki\"> (<a href=\"CodeSystem-SPLASCHSwallowingObservationCS.html\">Swallowing Observation Codes</a>#assistance-swallowing-safety)</span></p><p><b>subject</b>: <a href=\"Patient-BSJ-patientBSJ1.html\">Patient/BSJ-patientBSJ1</a> \" SMITH-JOHNSON\"</p><p><b>effective</b>: 2020-07-11T11:20:00-05:00</p><p><b>performer</b>: </p><ul><li><a href=\"Practitioner-Practitioner-JennyGlass.html\">Practitioner/Practitioner-JennyGlass</a> \" GLASS\"</li><li><a href=\"PractitionerRole-provider-role-speech-language-pathologist-JennyGlass.html\">PractitionerRole/provider-role-speech-language-pathologist-JennyGlass</a></li><li><a href=\"Organization-Organization-San-Antonio-General-Hospital.html\">Organization/Organization-San-Antonio-General-Hospital</a> \"San Antonio General Hospital\"</li></ul><p><b>value</b>: 50-75% of the time <span style=\"background: LightGoldenRodYellow; margin: 4px; border: 1px solid khaki\"> (<a href=\"CodeSystem-SPLASCHTimePercentageCategoryCS.html\">Observation Value Time Percentage Category Codes</a>#50-75-percent)</span></p></div>"
  },
  "status": "final",
  "category": [
    {
      "coding": [
        {
          "system": "http://hl7.org/fhir/us/pacio-splasch/CodeSystem/SPLASCHObservationCategoryCS",
          "code": "swallowing",
          "display": "Swallowing"
        }
      ]
    }
  ],
  "code": {
    "coding": [
      {
        "system": "http://hl7.org/fhir/us/pacio-splasch/CodeSystem/SPLASCHSwallowingObservationCS",
        "code": "assistance-swallowing-safety",
        "display": "Require assistance or supervision for swallowing safety"
      }
    ]
  },
  "subject": {
    "reference": "Patient/BSJ-patientBSJ1"
  },
  "effectiveDateTime": "2020-07-11T11:20:00-05:00",
  "performer": [
    {
      "reference": "Practitioner/Practitioner-JennyGlass"
    },
    {
      "reference": "PractitionerRole/provider-role-speech-language-pathologist-JennyGlass"
    },
    {
      "reference": "Organization/Organization-San-Antonio-General-Hospital"
    }
  ],
  "valueCodeableConcept": {
    "coding": [
      {
        "system": "http://hl7.org/fhir/us/pacio-splasch/CodeSystem/SPLASCHTimePercentageCategoryCS",
        "code": "50-75-percent",
        "display": "50-75% of the time"
      }
    ]
  }
}