{
  "resourceType": "Observation",
  "id": "BSJ-ObservationSPLASCH-099",
  "text": {
    "status": "generated",
    "div": "<div xmlns=\"http://www.w3.org/1999/xhtml\"><p><b>Generated Narrative</b></p><div style=\"display: inline-block; background-color: #d9e0e7; padding: 6px; margin: 4px; border: 1px solid #8da1b4; border-radius: 5px; line-height: 60%\"><p style=\"margin-bottom: 0px\">Resource \"BSJ-ObservationSPLASCH-099\" </p></div><p><b>status</b>: final</p><p><b>category</b>: Multi-modal Communication <span style=\"background: LightGoldenRodYellow; margin: 4px; border: 1px solid khaki\"> (<a href=\"CodeSystem-SPLASCHObservationCategoryCS.html\">SPLASCH Observation Category Codes</a>#multi-modal-communication)</span></p><p><b>code</b>: How often does the individual convey simple messages that are meaningful related to routine daily activities in HIGH demand situations? <span style=\"background: LightGoldenRodYellow; margin: 4px; border: 1px solid khaki\"> (SPLASCHMultiModalCommunicationObservationCS#99832-8)</span></p><p><b>subject</b>: <a href=\"Patient-BSJ-patientBSJ1.html\">Patient/BSJ-patientBSJ1</a> \" SMITH-JOHNSON\"</p><p><b>effective</b>: 2020-07-12T11:42:00-05:00</p><p><b>performer</b>: </p><ul><li><a href=\"Practitioner-Practitioner-DonHopmed.html\">Practitioner/Practitioner-DonHopmed</a> \" HOPMED\"</li><li><a href=\"PractitionerRole-provider-role-hospitalist-DonHopmed.html\">PractitionerRole/provider-role-hospitalist-DonHopmed</a></li><li><a href=\"Organization-Organization-San-Antonio-General-Hospital.html\">Organization/Organization-San-Antonio-General-Hospital</a> \"San Antonio General Hospital\"</li></ul><p><b>value</b>: Sometimes <span style=\"background: LightGoldenRodYellow; margin: 4px; border: 1px solid khaki\"> (SPLASCHFrequencyCS#LA10082-8)</span></p></div>"
  },
  "status": "final",
  "category": [
    {
      "coding": [
        {
          "system": "http://hl7.org/fhir/us/pacio-splasch/CodeSystem/SPLASCHObservationCategoryCS",
          "code": "multi-modal-communication",
          "display": "Multi-modal Communication"
        }
      ]
    }
  ],
  "code": {
    "coding": [
      {
        "system": "http://hl7.org/fhir/us/pacio-splasch/ValueSet/SPLASCHMultiModalCommunicationObservationCS",
        "code": "99832-8",
        "display": "How often does the individual convey simple messages that are meaningful related to routine daily activities in HIGH demand situations?"
      }
    ]
  },
  "subject": {
    "reference": "Patient/BSJ-patientBSJ1"
  },
  "effectiveDateTime": "2020-07-12T11:42:00-05:00",
  "performer": [
    {
      "reference": "Practitioner/Practitioner-DonHopmed"
    },
    {
      "reference": "PractitionerRole/provider-role-hospitalist-DonHopmed"
    },
    {
      "reference": "Organization/Organization-San-Antonio-General-Hospital"
    }
  ],
  "valueCodeableConcept": {
    "coding": [
      {
        "system": "http://hl7.org/fhir/us/pacio-splasch/CodeSystem/SPLASCHFrequencyCS",
        "code": "LA10082-8",
        "display": "Sometimes"
      }
    ]
  }
}