{
  "resourceType": "Observation",
  "id": "BSJ-ObservationSPLASCH-086",
  "text": {
    "status": "generated",
    "div": "<div xmlns=\"http://www.w3.org/1999/xhtml\"><p><b>Generated Narrative</b></p><div style=\"display: inline-block; background-color: #d9e0e7; padding: 6px; margin: 4px; border: 1px solid #8da1b4; border-radius: 5px; line-height: 60%\"><p style=\"margin-bottom: 0px\">Resource \"BSJ-ObservationSPLASCH-086\" </p></div><p><b>status</b>: final</p><p><b>category</b>: Spoken language expression <span style=\"background: LightGoldenRodYellow; margin: 4px; border: 1px solid khaki\"> (<a href=\"CodeSystem-SPLASCHObservationCategoryCS.html\">SPLASCH Observation Category Codes</a>#spoken-language-expression)</span></p><p><b>code</b>: Produce verbal messages with appropriate form in high demand situations <span style=\"background: LightGoldenRodYellow; margin: 4px; border: 1px solid khaki\"> (<a href=\"CodeSystem-SPLASCHSpeechExpressionObservationCS.html\">Speech Expression Observation Codes</a>#verbal-form-high-demand)</span></p><p><b>subject</b>: <a href=\"Patient-BSJ-patientBSJ1.html\">Patient/BSJ-patientBSJ1</a> \" SMITH-JOHNSON\"</p><p><b>effective</b>: 2020-07-12T13:32:00-05:00</p><p><b>performer</b>: </p><ul><li><a href=\"Practitioner-Practitioner-LiaNguyen.html\">Practitioner/Practitioner-LiaNguyen</a> \" NGUYEN\"</li><li><a href=\"PractitionerRole-provider-role-registered-nurse-LiaNguyen.html\">PractitionerRole/provider-role-registered-nurse-LiaNguyen</a></li><li><a href=\"Organization-Organization-Happy-Nursing-Facility.html\">Organization/Organization-Happy-Nursing-Facility</a> \"Happy Nursing Facility\"</li></ul><p><b>value</b>: Rarely <span style=\"background: LightGoldenRodYellow; margin: 4px; border: 1px solid khaki\"> (SPLASCHFrequencyCS#LA10066-1)</span></p></div>"
  },
  "status": "final",
  "category": [
    {
      "coding": [
        {
          "system": "http://hl7.org/fhir/us/pacio-splasch/CodeSystem/SPLASCHObservationCategoryCS",
          "code": "spoken-language-expression",
          "display": "Spoken language expression"
        }
      ]
    }
  ],
  "code": {
    "coding": [
      {
        "system": "http://hl7.org/fhir/us/pacio-splasch/CodeSystem/SPLASCHSpeechExpressionObservationCS",
        "code": "verbal-form-high-demand",
        "display": "Produce verbal messages with appropriate form in high demand situations"
      }
    ]
  },
  "subject": {
    "reference": "Patient/BSJ-patientBSJ1"
  },
  "effectiveDateTime": "2020-07-12T13:32:00-05:00",
  "performer": [
    {
      "reference": "Practitioner/Practitioner-LiaNguyen"
    },
    {
      "reference": "PractitionerRole/provider-role-registered-nurse-LiaNguyen"
    },
    {
      "reference": "Organization/Organization-Happy-Nursing-Facility"
    }
  ],
  "valueCodeableConcept": {
    "coding": [
      {
        "system": "http://hl7.org/fhir/us/pacio-splasch/CodeSystem/SPLASCHFrequencyCS",
        "code": "LA10066-1",
        "display": "Rarely"
      }
    ]
  }
}