{
  "resourceType": "Observation",
  "id": "BSJ-ObservationSPLASCH-170",
  "text": {
    "status": "generated",
    "div": "<div xmlns=\"http://www.w3.org/1999/xhtml\"><p><b>Generated Narrative</b></p><div style=\"display: inline-block; background-color: #d9e0e7; padding: 6px; margin: 4px; border: 1px solid #8da1b4; border-radius: 5px; line-height: 60%\"><p style=\"margin-bottom: 0px\">Resource \"BSJ-ObservationSPLASCH-170\" </p></div><p><b>status</b>: final</p><p><b>category</b>: Spoken language comprehension <span style=\"background: LightGoldenRodYellow; margin: 4px; border: 1px solid khaki\"> (<a href=\"CodeSystem-SPLASCHObservationCategoryCS.html\">SPLASCH Observation Category Codes</a>#spoken-language-comprehension)</span></p><p><b>code</b>: Participate in communication without assistance <span style=\"background: LightGoldenRodYellow; margin: 4px; border: 1px solid khaki\"> (<a href=\"CodeSystem-SPLASCHSpeechComprehensionObservationCS.html\">Speech Comprehension Observation Codes</a>#communicate-without-assistance)</span></p><p><b>subject</b>: <a href=\"Patient-BSJ-patientBSJ1.html\">Patient/BSJ-patientBSJ1</a> \" SMITH-JOHNSON\"</p><p><b>effective</b>: 2020-07-31T10:20:00-05:00</p><p><b>performer</b>: </p><ul><li><a href=\"Practitioner-Practitioner-RayMancioni.html\">Practitioner/Practitioner-RayMancioni</a> \" MANCIONI\"</li><li><a href=\"PractitionerRole-provider-role-clinical-social-work-RayMancioni.html\">PractitionerRole/provider-role-clinical-social-work-RayMancioni</a></li><li><a href=\"Organization-Organization-Happy-Nursing-Facility.html\">Organization/Organization-Happy-Nursing-Facility</a> \"Happy Nursing Facility\"</li></ul><p><b>value</b>: Sometimes <span style=\"background: LightGoldenRodYellow; margin: 4px; border: 1px solid khaki\"> (SPLASCHFrequencyCS#LA10082-8)</span></p></div>"
  },
  "status": "final",
  "category": [
    {
      "coding": [
        {
          "system": "http://hl7.org/fhir/us/pacio-splasch/CodeSystem/SPLASCHObservationCategoryCS",
          "code": "spoken-language-comprehension",
          "display": "Spoken language comprehension"
        }
      ]
    }
  ],
  "code": {
    "coding": [
      {
        "system": "http://hl7.org/fhir/us/pacio-splasch/CodeSystem/SPLASCHSpeechComprehensionObservationCS",
        "code": "communicate-without-assistance",
        "display": "Participate in communication without assistance"
      }
    ]
  },
  "subject": {
    "reference": "Patient/BSJ-patientBSJ1"
  },
  "effectiveDateTime": "2020-07-31T10:20:00-05:00",
  "performer": [
    {
      "reference": "Practitioner/Practitioner-RayMancioni"
    },
    {
      "reference": "PractitionerRole/provider-role-clinical-social-work-RayMancioni"
    },
    {
      "reference": "Organization/Organization-Happy-Nursing-Facility"
    }
  ],
  "valueCodeableConcept": {
    "coding": [
      {
        "system": "http://hl7.org/fhir/us/pacio-splasch/CodeSystem/SPLASCHFrequencyCS",
        "code": "LA10082-8",
        "display": "Sometimes"
      }
    ]
  }
}