{
  "resourceType": "Practitioner",
  "id": "Practitioner-AndyLavande",
  "text": {
    "status": "generated",
    "div": "<div xmlns=\"http://www.w3.org/1999/xhtml\"><p><b>Generated Narrative</b></p><div style=\"display: inline-block; background-color: #d9e0e7; padding: 6px; margin: 4px; border: 1px solid #8da1b4; border-radius: 5px; line-height: 60%\"><p style=\"margin-bottom: 0px\">Resource \"Practitioner-AndyLavande\" </p></div><p><b>identifier</b>: id: 7062383534</p><p><b>active</b>: true</p><p><b>name</b>: Andy Lavande</p><p><b>telecom</b>: ph: (210) 555 1313</p><p><b>address</b>: 9575 E. Water Rd, San Antonio, TX 78240</p><p><b>gender</b>: male</p></div>"
  },
  "identifier": [
    {
      "system": "http://hl7.org/fhir/sid/us-npi",
      "value": "7062383534"
    }
  ],
  "active": true,
  "name": [
    {
      "text": "Andy Lavande",
      "family": "Lavande",
      "given": [
        "Andy"
      ]
    }
  ],
  "telecom": [
    {
      "system": "phone",
      "value": "(210) 555 1313"
    }
  ],
  "address": [
    {
      "text": "9575 E. Water Rd, San Antonio, TX 78240"
    }
  ],
  "gender": "male"
}