{
  "resourceType": "Practitioner",
  "id": "Practitioner-ShaunLongbottom",
  "text": {
    "status": "generated",
    "div": "<div xmlns=\"http://www.w3.org/1999/xhtml\"><p><b>Generated Narrative</b></p><div style=\"display: inline-block; background-color: #d9e0e7; padding: 6px; margin: 4px; border: 1px solid #8da1b4; border-radius: 5px; line-height: 60%\"><p style=\"margin-bottom: 0px\">Resource \"Practitioner-ShaunLongbottom\" </p></div><p><b>identifier</b>: id: 1984824679</p><p><b>active</b>: true</p><p><b>name</b>: Shaun Longbottom</p><p><b>telecom</b>: ph: (240) 564 1367</p><p><b>address</b>: 8624 Arlington Road, San Antonio, TX 78232</p><p><b>gender</b>: male</p></div>"
  },
  "identifier": [
    {
      "system": "http://hl7.org/fhir/sid/us-npi",
      "value": "1984824679"
    }
  ],
  "active": true,
  "name": [
    {
      "text": "Shaun Longbottom",
      "family": "Longbottom",
      "given": [
        "Shaun"
      ]
    }
  ],
  "telecom": [
    {
      "system": "phone",
      "value": "(240) 564 1367"
    }
  ],
  "address": [
    {
      "text": "8624 Arlington Road, San Antonio, TX 78232"
    }
  ],
  "gender": "male"
}