{
  "resourceType": "ValueSet",
  "id": "SPLASCHYesOrNoTypeObservationVS",
  "text": {
    "status": "generated",
    "div": "<div xmlns=\"http://www.w3.org/1999/xhtml\"><ul><li>Include these codes as defined in <a href=\"http://loinc.org\"><code>http://loinc.org</code></a><table class=\"none\"><tr><td style=\"white-space:nowrap\"><b>Code</b></td><td><b>Display</b></td></tr><tr><td><a href=\"http://details.loinc.org/LOINC/54599-6.html\">54599-6</a></td><td>Hearing aid used during assessment period [CMS Assessment]</td></tr><tr><td><a href=\"http://details.loinc.org/LOINC/67235-2.html\">67235-2</a></td><td>Does the examinee have hearing aids that cannot be removed [PhenX]</td></tr></table></li></ul></div>"
  },
  "url": "http://hl7.org/fhir/us/pacio-splasch/ValueSet/SPLASCHYesOrNoTypeObservationVS",
  "version": "0.1.0",
  "name": "SPLASCHYesOrNoTypeObservationVS",
  "title": "Yes or No Type Observation",
  "status": "active",
  "date": "2022-05-04T12:01:11-04:00",
  "publisher": "HL7 Patient Care Working Group",
  "contact": [
    {
      "name": "HL7 Patient Care Working Group",
      "telecom": [
        {
          "system": "url",
          "value": "http://www.hl7.org/Special/committees/patientcare"
        },
        {
          "system": "email",
          "value": "patients@lists.HL7.org"
        }
      ]
    },
    {
      "name": "PACIO project",
      "telecom": [
        {
          "system": "url",
          "value": "http://www.hl7.org/Special/committees/patientcare"
        },
        {
          "system": "email",
          "value": "info@pacioproject.org"
        }
      ]
    }
  ],
  "description": "ValueSet identifying observation codes that have a yes or no value. This ValueSet can be used for creating a pick-list or value validation appropriate for a particular observation.",
  "jurisdiction": [
    {
      "coding": [
        {
          "system": "urn:iso:std:iso:3166",
          "code": "US"
        }
      ]
    }
  ],
  "copyright": "This CodeSystem is not copyrighted.",
  "compose": {
    "include": [
      {
        "system": "http://loinc.org",
        "concept": [
          {
            "code": "54599-6"
          },
          {
            "code": "67235-2"
          }
        ]
      }
    ]
  }
}