{
  "resourceType": "ValueSet",
  "id": "YesOrNoVS",
  "text": {
    "status": "generated",
    "div": "<div xmlns=\"http://www.w3.org/1999/xhtml\"><ul><li>Include these codes as defined in <a href=\"http://loinc.org\"><code>http://loinc.org</code></a><table class=\"none\"><tr><td style=\"white-space:nowrap\"><b>Code</b></td><td><b>Display</b></td></tr><tr><td><a href=\"http://details.loinc.org/LOINC/LA32-8.html\">LA32-8</a></td><td>No</td></tr><tr><td><a href=\"http://details.loinc.org/LOINC/LA33-6.html\">LA33-6</a></td><td>Yes</td></tr></table></li></ul></div>"
  },
  "url": "http://hl7.org/fhir/us/pacio-splasch/ValueSet/YesOrNoVS",
  "version": "0.1.0",
  "name": "YesOrNoVS",
  "title": "Y/N",
  "status": "active",
  "date": "2022-03-28T21:41:27-04:00",
  "publisher": "HL7 Patient Care Working Group",
  "contact": [
    {
      "name": "HL7 Patient Care Working Group",
      "telecom": [
        {
          "system": "url",
          "value": "http://www.hl7.org/Special/committees/patientcare"
        },
        {
          "system": "email",
          "value": "patients@lists.HL7.org"
        }
      ]
    },
    {
      "name": "PACIO project",
      "telecom": [
        {
          "system": "url",
          "value": "http://www.hl7.org/Special/committees/patientcare"
        },
        {
          "system": "email",
          "value": "info@pacioproject.org"
        }
      ]
    }
  ],
  "description": "Yes or No",
  "jurisdiction": [
    {
      "coding": [
        {
          "system": "urn:iso:std:iso:3166",
          "code": "US"
        }
      ]
    }
  ],
  "copyright": "This CodeSystem is not copyrighted.",
  "compose": {
    "include": [
      {
        "system": "http://loinc.org",
        "concept": [
          {
            "code": "LA32-8",
            "display": "No"
          },
          {
            "code": "LA33-6",
            "display": "Yes"
          }
        ]
      }
    ]
  }
}