{
  "resourceType": "ValueSet",
  "id": "SPLASCHFrequencyObservationVS",
  "text": {
    "status": "generated",
    "div": "<div xmlns=\"http://www.w3.org/1999/xhtml\"><p>This value set includes codes based on the following rules:</p><ul><li>Include all codes defined in <a href=\"CodeSystem-SPLASCHTimePercentageCategoryCS.html\"><code>http://hl7.org/fhir/us/pacio-splasch/CodeSystem/SPLASCHTimePercentageCategoryCS</code></a></li><li>Include all codes defined in <a href=\"CodeSystem-SPLASCHFrequencyCS.html\"><code>http://hl7.org/fhir/us/pacio-splasch/CodeSystem/SPLASCHFrequencyCS</code></a></li></ul></div>"
  },
  "url": "http://hl7.org/fhir/us/pacio-splasch/ValueSet/SPLASCHFrequencyObservationVS",
  "version": "0.1.0",
  "name": "SPLASCHFrequencyObservationVS",
  "title": "SPLASCH Frequency Observation Values",
  "status": "active",
  "date": "2021-12-06T21:00:04-05:00",
  "publisher": "HL7 Patient Care Working Group",
  "contact": [
    {
      "name": "HL7 Patient Care Working Group",
      "telecom": [
        {
          "system": "url",
          "value": "http://www.hl7.org/Special/committees/patientcare"
        },
        {
          "system": "email",
          "value": "patients@lists.HL7.org"
        }
      ]
    },
    {
      "name": "PACIO project",
      "telecom": [
        {
          "system": "url",
          "value": "http://www.hl7.org/Special/committees/patientcare"
        },
        {
          "system": "email",
          "value": "info@pacioproject.org"
        }
      ]
    }
  ],
  "description": "todo",
  "jurisdiction": [
    {
      "coding": [
        {
          "system": "urn:iso:std:iso:3166",
          "code": "US"
        }
      ]
    }
  ],
  "copyright": "This CodeSystem is not copyrighted.",
  "compose": {
    "include": [
      {
        "system": "http://hl7.org/fhir/us/pacio-splasch/CodeSystem/SPLASCHTimePercentageCategoryCS"
      },
      {
        "system": "http://hl7.org/fhir/us/pacio-splasch/CodeSystem/SPLASCHFrequencyCS"
      }
    ]
  }
}