{
  "resourceType": "ValueSet",
  "id": "SPLASCHCaloriePercentageTypeObservationVS",
  "text": {
    "status": "extensions",
    "div": "<div xmlns=\"http://www.w3.org/1999/xhtml\"><ul><li>Include these codes as defined in <a href=\"CodeSystem-SPLASCHSwallowingObservationCS.html\"><code>http://hl7.org/fhir/us/pacio-splasch/CodeSystem/SPLASCHSwallowingObservationCS</code></a><table class=\"none\"><tr><td style=\"white-space:nowrap\"><b>Code</b></td><td><b>Display</b></td><td><b>Definition</b></td></tr><tr><td><a href=\"CodeSystem-SPLASCHSwallowingObservationCS.html#SPLASCHSwallowingObservationCS-non-oral-diet-sustenance\">non-oral-diet-sustenance</a></td><td>Nutrition and hydration diet delivered through non-oral means</td><td>What percentage of the individual's daily diet is delivered through non-oral means in order to maintain adequate nutrition and hydration?</td></tr></table></li></ul></div>"
  },
  "url": "http://hl7.org/fhir/us/pacio-splasch/ValueSet/SPLASCHCaloriePercentageTypeObservationVS",
  "version": "0.1.0",
  "name": "SPLASCHCaloriePercentageTypeObservationVS",
  "title": "Calorie Percentage Type Observation",
  "status": "active",
  "date": "2022-03-14T15:55:03-04:00",
  "publisher": "HL7 Patient Care Working Group",
  "contact": [
    {
      "name": "HL7 Patient Care Working Group",
      "telecom": [
        {
          "system": "url",
          "value": "http://www.hl7.org/Special/committees/patientcare"
        },
        {
          "system": "email",
          "value": "patients@lists.HL7.org"
        }
      ]
    },
    {
      "name": "PACIO project",
      "telecom": [
        {
          "system": "url",
          "value": "http://www.hl7.org/Special/committees/patientcare"
        },
        {
          "system": "email",
          "value": "info@pacioproject.org"
        }
      ]
    }
  ],
  "description": "ValueSet identifying observation codes that have a calorie percentage value. This ValueSet can be used for creating a pick-list or value validation appropriate for a particular observation.",
  "jurisdiction": [
    {
      "coding": [
        {
          "system": "urn:iso:std:iso:3166",
          "code": "US"
        }
      ]
    }
  ],
  "copyright": "This CodeSystem is not copyrighted.",
  "compose": {
    "include": [
      {
        "system": "http://hl7.org/fhir/us/pacio-splasch/CodeSystem/SPLASCHSwallowingObservationCS",
        "concept": [
          {
            "code": "non-oral-diet-sustenance"
          }
        ]
      }
    ]
  }
}