{
  "resourceType": "ValueSet",
  "id": "SPLASCHMultiModalCommunicationObservationVS",
  "text": {
    "status": "generated",
    "div": "<div xmlns=\"http://www.w3.org/1999/xhtml\"><p>This value set includes codes based on the following rules:</p><ul><li>Include all codes defined in <a href=\"CodeSystem-SPLASCHMultiModalCommunicationObservationCS.html\"><code>http://hl7.org/fhir/us/pacio-splasch/CodeSystem/SPLASCHMultiModalCommunicationObservationCS</code></a></li><li>Include these codes as defined in <a href=\"http://loinc.org\"><code>http://loinc.org</code></a><table class=\"none\"><tr><td style=\"white-space:nowrap\"><b>Code</b></td><td><b>Display</b></td></tr><tr><td><a href=\"http://details.loinc.org/LOINC/99829-4.html\">99829-4</a></td><td>How often does the individual convey simple messages that are meaningful related to routine daily activities in LOW demand situations?</td></tr><tr><td><a href=\"http://details.loinc.org/LOINC/99830-2.html\">99830-2</a></td><td>How often does the individual participate in short structured conversations that are meaningful in LOW demand situations?</td></tr><tr><td><a href=\"http://details.loinc.org/LOINC/99831-0.html\">99831-0</a></td><td>How often does the individual convey complex messages that are meaningful in LOW demand situations?</td></tr><tr><td><a href=\"http://details.loinc.org/LOINC/99832-8.html\">99832-8</a></td><td>How often does the individual convey simple messages that are meaningful related to routine daily activities in HIGH demand situations?</td></tr><tr><td><a href=\"http://details.loinc.org/LOINC/99833-6.html\">99833-6</a></td><td>How often does the individual participate in short structured conversations that are meaningful in HIGH demand situations?</td></tr><tr><td><a href=\"http://details.loinc.org/LOINC/99834-4.html\">99834-4</a></td><td>How often does the individual convey complex messages that are meaningful in HIGH demand situations?</td></tr><tr><td><a href=\"http://details.loinc.org/LOINC/99835-1.html\">99835-1</a></td><td>Functional Communication Measure - Multi-Modal Functional Communication score [ASHA NOMS]</td></tr></table></li></ul></div>"
  },
  "url": "http://hl7.org/fhir/us/pacio-splasch/ValueSet/SPLASCHMultiModalCommunicationObservationVS",
  "version": "0.1.0",
  "name": "SPLASCHMultiModalCommunicationObservationVS",
  "title": "Multi-Modal Communication Observation",
  "status": "active",
  "date": "2022-03-24T23:37:25-04:00",
  "publisher": "HL7 Patient Care Working Group",
  "contact": [
    {
      "name": "HL7 Patient Care Working Group",
      "telecom": [
        {
          "system": "url",
          "value": "http://www.hl7.org/Special/committees/patientcare"
        },
        {
          "system": "email",
          "value": "patients@lists.HL7.org"
        }
      ]
    },
    {
      "name": "PACIO project",
      "telecom": [
        {
          "system": "url",
          "value": "http://www.hl7.org/Special/committees/patientcare"
        },
        {
          "system": "email",
          "value": "info@pacioproject.org"
        }
      ]
    }
  ],
  "description": "SPLASCH multi-modal communication observation profile",
  "jurisdiction": [
    {
      "coding": [
        {
          "system": "urn:iso:std:iso:3166",
          "code": "US"
        }
      ]
    }
  ],
  "copyright": "This CodeSystem is not copyrighted.",
  "compose": {
    "include": [
      {
        "system": "http://hl7.org/fhir/us/pacio-splasch/CodeSystem/SPLASCHMultiModalCommunicationObservationCS"
      },
      {
        "system": "http://loinc.org",
        "concept": [
          {
            "code": "99829-4",
            "display": "How often does the individual convey simple messages that are meaningful related to routine daily activities in LOW demand situations?"
          },
          {
            "code": "99830-2",
            "display": "How often does the individual participate in short structured conversations that are meaningful in LOW demand situations?"
          },
          {
            "code": "99831-0",
            "display": "How often does the individual convey complex messages that are meaningful in LOW demand situations?"
          },
          {
            "code": "99832-8",
            "display": "How often does the individual convey simple messages that are meaningful related to routine daily activities in HIGH demand situations?"
          },
          {
            "code": "99833-6",
            "display": "How often does the individual participate in short structured conversations that are meaningful in HIGH demand situations?"
          },
          {
            "code": "99834-4",
            "display": "How often does the individual convey complex messages that are meaningful in HIGH demand situations?"
          },
          {
            "code": "99835-1",
            "display": "Functional Communication Measure - Multi-Modal Functional Communication score [ASHA NOMS]"
          }
        ]
      }
    ]
  }
}