{
  "resourceType": "ValueSet",
  "id": "SPLASCHSwallowingObservationValueVS",
  "text": {
    "status": "generated",
    "div": "<div xmlns=\"http://www.w3.org/1999/xhtml\"><p>This value set includes codes based on the following rules:</p><ul><li>Import all the codes that are contained in <a href=\"ValueSet-SPLASCHFrequencyObservationVS.html\">http://hl7.org/fhir/us/pacio-splasch/ValueSet/SPLASCHFrequencyObservationVS</a></li><li>Include all codes defined in <a href=\"CodeSystem-SPLASCHSolidDietCS.html\"><code>http://hl7.org/fhir/us/pacio-splasch/CodeSystem/SPLASCHSolidDietCS</code></a></li><li>Include all codes defined in <a href=\"CodeSystem-SPLASCHLiquidDietCS.html\"><code>http://hl7.org/fhir/us/pacio-splasch/CodeSystem/SPLASCHLiquidDietCS</code></a></li><li>Include all codes defined in <a href=\"CodeSystem-SPLASCHCaloriePercentageCategoryCS.html\"><code>http://hl7.org/fhir/us/pacio-splasch/CodeSystem/SPLASCHCaloriePercentageCategoryCS</code></a></li></ul></div>"
  },
  "url": "http://hl7.org/fhir/us/pacio-splasch/ValueSet/SPLASCHSwallowingObservationValueVS",
  "version": "0.1.0",
  "name": "SPLASCHSwallowingObservationValueVS",
  "title": "Swallowing Observation Value",
  "status": "active",
  "date": "2021-12-08T13:43:45-05:00",
  "publisher": "HL7 Patient Care Working Group",
  "contact": [
    {
      "name": "HL7 Patient Care Working Group",
      "telecom": [
        {
          "system": "url",
          "value": "http://www.hl7.org/Special/committees/patientcare"
        },
        {
          "system": "email",
          "value": "patients@lists.HL7.org"
        }
      ]
    },
    {
      "name": "PACIO project",
      "telecom": [
        {
          "system": "url",
          "value": "http://www.hl7.org/Special/committees/patientcare"
        },
        {
          "system": "email",
          "value": "info@pacioproject.org"
        }
      ]
    }
  ],
  "description": "Values for swallowing observations",
  "jurisdiction": [
    {
      "coding": [
        {
          "system": "urn:iso:std:iso:3166",
          "code": "US"
        }
      ]
    }
  ],
  "copyright": "This CodeSystem is not copyrighted.",
  "compose": {
    "include": [
      {
        "valueSet": [
          "http://hl7.org/fhir/us/pacio-splasch/ValueSet/SPLASCHFrequencyObservationVS"
        ]
      },
      {
        "system": "http://hl7.org/fhir/us/pacio-splasch/CodeSystem/SPLASCHSolidDietCS"
      },
      {
        "system": "http://hl7.org/fhir/us/pacio-splasch/CodeSystem/SPLASCHLiquidDietCS"
      },
      {
        "system": "http://hl7.org/fhir/us/pacio-splasch/CodeSystem/SPLASCHCaloriePercentageCategoryCS"
      }
    ]
  }
}