{
  "resourceType": "ValueSet",
  "id": "SPLASCHHearingObservationVS",
  "text": {
    "status": "generated",
    "div": "<div xmlns=\"http://www.w3.org/1999/xhtml\"><ul><li>Include these codes as defined in <a href=\"http://loinc.org\"><code>http://loinc.org</code></a><table class=\"none\"><tr><td style=\"white-space:nowrap\"><b>Code</b></td><td><b>Display</b></td></tr><tr><td><a href=\"http://details.loinc.org/LOINC/95744-9.html\">95744-9</a></td><td>Hearing ability to hear during assessment period [CMS Assessment]</td></tr><tr><td><a href=\"http://details.loinc.org/LOINC/54599-6.html\">54599-6</a></td><td>Hearing aid used during assessment period [CMS Assessment]</td></tr><tr><td><a href=\"http://details.loinc.org/LOINC/67235-2.html\">67235-2</a></td><td>Does the examinee have hearing aids that cannot be removed [PhenX]</td></tr><tr><td><a href=\"http://details.loinc.org/LOINC/94900-8.html\">94900-8</a></td><td>Need for and availability of a hearing aid [CMS Assessment]</td></tr><tr><td><a href=\"http://details.loinc.org/LOINC/67467-1.html\">67467-1</a></td><td>In which ear(s) do you have a hearing difficulty?</td></tr><tr><td><a href=\"http://details.loinc.org/LOINC/67242-8.html\">67242-8</a></td><td>Do you hear better in one ear than the other [PhenX]</td></tr></table></li></ul></div>"
  },
  "url": "http://hl7.org/fhir/us/pacio-splasch/ValueSet/SPLASCHHearingObservationVS",
  "version": "0.1.0",
  "name": "SPLASCHHearingObservationVS",
  "title": "Hearing Observation",
  "status": "active",
  "date": "2022-04-05T12:11:10-04:00",
  "publisher": "HL7 Patient Care Working Group",
  "contact": [
    {
      "name": "HL7 Patient Care Working Group",
      "telecom": [
        {
          "system": "url",
          "value": "http://www.hl7.org/Special/committees/patientcare"
        },
        {
          "system": "email",
          "value": "patients@lists.HL7.org"
        }
      ]
    },
    {
      "name": "PACIO project",
      "telecom": [
        {
          "system": "url",
          "value": "http://www.hl7.org/Special/committees/patientcare"
        },
        {
          "system": "email",
          "value": "info@pacioproject.org"
        }
      ]
    }
  ],
  "description": "SPLASCH hearing observation profile: codes representing hearing questions that are answered by the ValueSet SPLASCHHearingObservationValueCodeableConceptVS",
  "jurisdiction": [
    {
      "coding": [
        {
          "system": "urn:iso:std:iso:3166",
          "code": "US"
        }
      ]
    }
  ],
  "copyright": "This CodeSystem is not copyrighted.",
  "compose": {
    "include": [
      {
        "system": "http://loinc.org",
        "concept": [
          {
            "code": "95744-9",
            "display": "Hearing ability to hear during assessment period [CMS Assessment]"
          },
          {
            "code": "54599-6",
            "display": "Hearing aid used during assessment period [CMS Assessment]"
          },
          {
            "code": "67235-2",
            "display": "Does the examinee have hearing aids that cannot be removed [PhenX]"
          },
          {
            "code": "94900-8",
            "display": "Need for and availability of a hearing aid [CMS Assessment]"
          },
          {
            "code": "67467-1",
            "display": "In which ear(s) do you have a hearing difficulty?"
          },
          {
            "code": "67242-8",
            "display": "Do you hear better in one ear than the other [PhenX]"
          }
        ]
      }
    ]
  }
}